,vaccineStrain,vaccine_code,Year,Month,Day,Dom,PB2_median_N2,PB2_median_S2,PB1_median_N2,PB1_median_S2,PA_median_N2,PA_median_S2,HA_median_N2,HA_median_S2,NP_median_N2,NP_median_S2,NA_median_N2,NA_median_S2,M_median_N2,M_median_S2,NS_median_N2,NS_median_S2,compareStrain_V1
2,EPI103320_A_Moscow_10_1999,Mos99,2000,1,18,0,1,15,1,4,1,7,3,2,2,4,0,1,2,8,4,3,CY003287_A_New_York_438_2000
3,EPI103320_A_Moscow_10_1999,Mos99,2000,1,6,0,2,14,1,10,1,4,4,3,1,0,0,1,1,8,0,3,CY114324_A_Netherlands_3_2000
4,EPI103320_A_Moscow_10_1999,Mos99,2001,3,21,0,3,4,2,14,3,11,4,4,4,16,6,3,3,9,5,9,CY114340_A_Netherlands_126_2001
5,EPI103320_A_Moscow_10_1999,Mos99,2001,12,26,0,2,31,3,24,6,17,5,12,5,21,9,22,1,9,4,9,CY002335_A_New_York_77_2001
6,EPI103320_A_Moscow_10_1999,Mos99,2002,1,17,0,2,25,3,25,6,17,5,11,5,24,9,22,1,10,4,11,CY000216_A_New_York_91_2002
7,EPI103320_A_Moscow_10_1999,Mos99,2002,1,7,0,4,33,4,21,7,18,6,9,6,22,6,17,1,9,5,7,CY112948_A_Netherlands_1_2002
8,EPI103320_A_Moscow_10_1999,Mos99,2002,2,7,0,2,28,3,23,6,17,6,10,5,23,9,21,1,10,4,8,CY000552_A_New_York_115_2002
9,EPI103320_A_Moscow_10_1999,Mos99,2002,2,1,0,3,28,3,25,7,17,6,10,5,25,10,22,1,9,5,8,CY013812_A_New_York_C4_2002
10,EPI103320_A_Moscow_10_1999,Mos99,2002,7,1,0,3,22,2,17,3,11,17,19,2,7,8,8,1,9,4,4,EPI358781_A_Fujian_411_2002
11,EPI103320_A_Moscow_10_1999,Mos99,2003,2,19,0,3,29,5,24,4,24,11,16,4,25,8,17,4,11,7,12,CY000872_A_New_York_193_2003
12,EPI103320_A_Moscow_10_1999,Mos99,2003,3,19,0,2,23,2,16,2,12,12,21,2,12,8,10,1,10,0,5,CY032968_A_Yucatan_844_2003
13,EPI103320_A_Moscow_10_1999,Mos99,2003,4,22,0,4,39,3,33,8,22,8,11,5,25,9,23,3,10,7,13,CY001559_A_New_York_215_2003
14,EPI103320_A_Moscow_10_1999,Mos99,2003,7,4,0,3,27,3,19,3,15,14,22,2,9,8,12,2,11,0,4,KJ855376_A_Mexico_DIF835_2003
15,EPI103320_A_Moscow_10_1999,Mos99,2003,10,29,0,7,38,3,33,9,22,16,24,6,26,9,26,4,13,6,7,CY088027_A_England_425_2003
16,EPI103320_A_Moscow_10_1999,Mos99,2003,11,12,0,4,38,3,34,9,30,17,19,6,24,9,19,3,14,6,9,CY000352_A_New_York_15_2003
17,EPI103320_A_Moscow_10_1999,Mos99,2003,11,12,0,5,39,3,31,6,26,14,26,6,25,9,22,3,11,5,7,CY000908_A_New_York_13_2003
18,EPI103320_A_Moscow_10_1999,Mos99,2003,11,28,0,3,39,3,32,6,26,16,25,6,25,9,22,3,12,5,7,CY002351_A_New_York_272_2003
19,EPI103320_A_Moscow_10_1999,Mos99,2003,11,12,0,3,37,3,30,7,28,16,20,6,24,8,22,1,12,5,8,CY088035_A_England_438_2003
20,EPI103320_A_Moscow_10_1999,Mos99,2003,11,6,0,4,38,3,34,7,27,18,21,5,25,9,23,4,12,6,7,CY088115_A_England_467_2003
21,EPI103320_A_Moscow_10_1999,Mos99,2003,11,7,0,3,39,4,32,9,22,15,25,6,25,9,24,4,10,6,8,CY088131_A_Scotland_78_2003
22,EPI103320_A_Moscow_10_1999,Mos99,2003,11,8,0,2,36,4,29,7,27,15,20,6,23,9,23,1,13,5,8,CY088139_A_Scotland_79_2003
23,EPI103320_A_Moscow_10_1999,Mos99,2003,11,17,0,4,37,3,33,9,22,16,23,6,27,9,26,4,13,6,7,CY088187_A_England_944_2003
24,EPI103320_A_Moscow_10_1999,Mos99,2003,11,27,0,5,39,3,35,9,22,15,22,5,26,9,28,4,12,5,7,CY088251_A_England_525_2003
25,EPI103320_A_Moscow_10_1999,Mos99,2003,11,25,0,5,25,3,31,7,30,16,25,5,25,9,22,3,12,6,8,CY088267_A_England_585_2003
26,EPI103320_A_Moscow_10_1999,Mos99,2003,11,24,0,4,39,3,34,8,29,16,25,5,26,9,23,4,13,6,9,CY088275_A_England_487_2003
27,EPI103320_A_Moscow_10_1999,Mos99,2003,11,24,0,4,37,3,35,7,28,16,23,5,26,9,22,4,13,6,8,CY088291_A_England_491_2003
28,EPI103320_A_Moscow_10_1999,Mos99,2003,11,27,0,3,39,5,31,7,30,17,19,5,25,10,22,3,12,6,8,CY088323_A_England_508_2003
29,EPI103320_A_Moscow_10_1999,Mos99,2003,11,28,0,4,37,3,37,8,29,15,23,6,28,9,24,4,13,6,7,CY088339_A_England_957_2003
30,EPI103320_A_Moscow_10_1999,Mos99,2003,11,27,0,4,37,3,38,7,28,15,24,5,24,10,23,4,13,6,7,CY088379_A_England_532_2003
31,EPI103320_A_Moscow_10_1999,Mos99,2003,11,13,0,3,37,4,32,7,28,15,22,6,25,10,24,3,11,6,7,CY090956_A_South_Carolina_NHRC0002_2003
32,EPI103320_A_Moscow_10_1999,Mos99,2003,11,5,0,4,37,3,33,9,22,15,22,5,24,9,24,4,13,5,7,CY107095_A_England_470_2003
33,EPI103320_A_Moscow_10_1999,Mos99,2003,11,20,0,2,36,3,31,11,30,17,20,7,24,9,26,1,14,5,8,CY107111_A_England_516_2003
34,EPI103320_A_Moscow_10_1999,Mos99,2003,11,23,0,5,40,3,35,8,30,17,21,6,24,9,22,4,12,5,7,CY107151_A_England_493_2003
35,EPI103320_A_Moscow_10_1999,Mos99,2003,11,27,0,4,37,3,39,6,25,15,24,5,24,9,22,4,13,6,7,CY107167_A_England_532_2003
36,EPI103320_A_Moscow_10_1999,Mos99,2003,12,2,0,6,38,4,35,8,28,15,22,5,25,10,23,4,13,5,7,CY000024_A_New_York_30_2003
37,EPI103320_A_Moscow_10_1999,Mos99,2003,12,4,0,3,38,4,34,6,27,17,21,6,24,10,22,3,12,5,7,CY000056_A_New_York_35_2003
38,EPI103320_A_Moscow_10_1999,Mos99,2003,12,10,0,3,38,3,31,6,27,14,24,6,25,9,26,3,11,5,7,CY000104_A_New_York_54_2003
39,EPI103320_A_Moscow_10_1999,Mos99,2003,12,2,0,3,37,4,32,7,29,17,19,6,25,9,20,4,13,5,9,CY000144_A_New_York_26_2003
40,EPI103320_A_Moscow_10_1999,Mos99,2003,12,11,0,3,36,4,33,9,29,17,20,6,24,9,20,3,14,6,9,CY000272_A_New_York_53_2003
41,EPI103320_A_Moscow_10_1999,Mos99,2003,12,8,0,5,38,3,33,9,28,15,22,6,25,10,22,4,13,7,8,CY000512_A_New_York_4_2003
42,EPI103320_A_Moscow_10_1999,Mos99,2003,12,1,0,4,38,4,32,8,29,17,20,6,26,10,20,3,14,6,9,CY001095_A_New_York_24_2003
43,EPI103320_A_Moscow_10_1999,Mos99,2003,12,1,0,3,38,4,33,6,30,16,21,6,26,10,26,3,11,5,7,CY001196_A_New_York_18_2003
44,EPI103320_A_Moscow_10_1999,Mos99,2003,12,4,0,3,39,3,32,6,26,15,26,6,25,9,22,3,11,5,7,CY001300_A_New_York_37_2003
45,EPI103320_A_Moscow_10_1999,Mos99,2003,12,5,0,6,21,3,19,7,27,19,23,4,12,10,23,1,10,0,5,CY088363_A_England_558_2003
46,EPI103320_A_Moscow_10_1999,Mos99,2003,12,12,0,4,38,3,34,9,22,15,22,5,24,10,26,4,12,5,7,CY088387_A_England_522_2003
47,EPI103320_A_Moscow_10_1999,Mos99,2003,12,18,0,2,36,3,32,7,28,16,22,7,22,9,23,1,12,5,8,CY088403_A_England_547_2003
48,EPI103320_A_Moscow_10_1999,Mos99,2003,12,10,0,3,36,4,33,6,26,17,22,5,25,9,19,3,14,6,9,CY091468_A_California_NHRC0006_2003
49,EPI103320_A_Moscow_10_1999,Mos99,2003,12,5,0,3,38,3,31,8,34,15,21,6,26,10,23,3,11,5,7,CY092216_A_Georgia_NHRC0001_2003
50,EPI103320_A_Moscow_10_1999,Mos99,2003,12,15,0,3,38,3,30,8,30,16,19,6,26,10,19,3,13,6,9,KJ855448_A_Mexico_DIF2662_2003
51,EPI103320_A_Moscow_10_1999,Mos99,2004,1,9,0,3,40,3,32,6,27,15,27,6,28,9,23,3,11,5,7,CY000040_A_New_York_33_2004
52,EPI103320_A_Moscow_10_1999,Mos99,2004,1,30,0,4,39,5,33,7,27,18,20,5,25,8,22,5,13,5,7,CY000768_A_New_York_10_2004
53,EPI103320_A_Moscow_10_1999,Mos99,2004,1,6,0,4,39,4,32,7,26,14,20,5,24,8,22,4,13,5,7,CY001036_A_New_York_6_2004
54,EPI103320_A_Moscow_10_1999,Mos99,2004,1,15,0,3,41,3,33,7,25,14,21,5,25,9,22,4,14,5,7,CY009267_A_New_York_499_2004
55,EPI103320_A_Moscow_10_1999,Mos99,2004,1,9,0,4,40,3,30,9,31,18,19,5,25,10,20,3,14,6,11,CY091124_A_Missouri_NHRC0002_2004
56,EPI103320_A_Moscow_10_1999,Mos99,2004,2,13,0,4,38,3,34,8,30,15,21,5,26,11,20,3,13,5,8,CY038574_A_Hong_Kong_HKU2_2004
57,EPI103320_A_Moscow_10_1999,Mos99,2004,2,10,0,4,25,2,21,1,18,17,22,4,11,11,14,1,10,2,4,CY039494_A_Hong_Kong_HKU1_2004
58,EPI103320_A_Moscow_10_1999,Mos99,2004,3,1,0,3,24,4,23,4,23,21,18,3,13,10,14,2,10,4,5,CY038950_A_Hong_Kong_HKU4_2004
59,EPI103320_A_Moscow_10_1999,Mos99,2004,3,6,0,3,21,3,19,1,20,17,24,4,14,11,12,2,11,0,4,CY038958_A_Hong_Kong_HKU6_2004
60,EPI103320_A_Moscow_10_1999,Mos99,2004,3,4,0,3,42,3,31,6,33,16,25,5,25,8,22,4,12,7,9,CY039166_A_Hong_Kong_HKU5_2004
61,EPI103320_A_Moscow_10_1999,Mos99,2004,4,23,0,2,25,3,20,1,23,17,24,4,12,12,13,1,10,0,4,CY038998_A_Hong_Kong_HKU15_2004
62,EPI103320_A_Moscow_10_1999,Mos99,2004,4,16,1,2,22,3,18,1,18,17,22,4,17,12,12,2,10,1,6,CY038990_A_Hong_Kong_HKU14_2004
63,EPI103320_A_Moscow_10_1999,Mos99,2004,6,1,0,5,24,4,23,6,14,19,22,2,16,11,14,2,11,0,5,CY038614_A_Hong_Kong_HKU19_2004
64,EPI103320_A_Moscow_10_1999,Mos99,2004,6,15,0,4,26,4,26,5,14,19,21,3,16,12,13,2,9,0,4,CY038622_A_Hong_Kong_HKU20_2004
65,EPI103320_A_Moscow_10_1999,Mos99,2004,6,19,0,4,25,4,26,5,13,19,22,2,17,13,15,4,13,0,4,CY039014_A_Hong_Kong_HKU21_2004
66,EPI103320_A_Moscow_10_1999,Mos99,2004,7,21,0,4,25,4,28,5,15,19,23,2,17,12,14,3,12,2,5,CY038638_A_Hong_Kong_HKU29_2004
67,EPI103320_A_Moscow_10_1999,Mos99,2004,7,30,0,4,25,4,24,6,15,20,22,3,17,12,15,2,11,1,5,CY038646_A_Hong_Kong_HKU31_2004
68,EPI103320_A_Moscow_10_1999,Mos99,2004,7,7,0,4,25,4,23,5,15,21,23,3,17,12,14,2,11,0,4,CY039030_A_Hong_Kong_HKU25_2004
69,EPI103320_A_Moscow_10_1999,Mos99,2004,7,22,0,4,25,4,27,5,14,21,23,2,15,12,14,2,13,0,4,CY039038_A_Hong_Kong_HKU30_2004
70,EPI103320_A_Moscow_10_1999,Mos99,2004,7,5,0,2,26,4,19,2,22,16,25,4,14,11,17,3,10,1,4,CY039174_A_Hong_Kong_HKU24_2004
71,EPI103320_A_Moscow_10_1999,Mos99,2004,7,17,0,4,25,4,28,5,15,19,23,2,17,12,13,3,11,2,5,CY043751_A_Hong_Kong_HKU28_2004
72,EPI103320_A_Moscow_10_1999,Mos99,2004,8,18,0,4,25,4,25,5,16,21,21,3,17,12,14,2,10,1,5,CY038654_A_Hong_Kong_HKU34_2004
73,EPI103320_A_Moscow_10_1999,Mos99,2004,8,2,1,4,25,8,24,5,15,20,22,4,17,13,15,3,11,0,4,CY039502_A_Hong_Kong_HKU32_2004
74,EPI103320_A_Moscow_10_1999,Mos99,2004,9,17,1,4,24,4,20,3,22,19,25,6,14,13,13,3,10,0,5,CY006386_A_New_York_467_2004
75,EPI103320_A_Moscow_10_1999,Mos99,2004,9,23,0,4,27,5,25,5,13,20,23,3,17,12,14,2,9,3,5,CY040321_A_Hong_Kong_HKU38_2004
76,EPI103320_A_Moscow_10_1999,Mos99,2004,9,16,1,2,29,2,19,4,24,22,24,7,17,12,16,1,9,0,4,EPI367109_A_California_7_2004
77,EPI358781_A_Fujian_411_2002,Fuj02,2004,11,8,0,1,14,2,9,4,16,4,7,3,10,4,8,3,4,3,1,CY002719_A_New_York_319_2004
78,EPI358781_A_Fujian_411_2002,Fuj02,2004,11,8,0,4,11,3,9,2,16,2,8,4,9,5,8,5,3,2,1,CY003671_A_New_York_471_2004
79,EPI358781_A_Fujian_411_2002,Fuj02,2004,11,23,0,1,7,2,9,2,4,4,3,1,11,4,8,1,1,3,4,CY039054_A_Hong_Kong_HKU40_2004
80,EPI358781_A_Fujian_411_2002,Fuj02,2004,12,20,0,0,17,2,8,3,17,3,11,3,10,7,9,3,5,2,2,CY002199_A_New_York_366_2004
81,EPI358781_A_Fujian_411_2002,Fuj02,2004,12,22,0,0,13,2,5,4,17,3,10,3,10,7,10,3,5,3,3,CY002231_A_New_York_372_2004
82,EPI358781_A_Fujian_411_2002,Fuj02,2004,12,28,0,0,11,1,8,1,17,3,7,3,10,7,9,4,5,4,4,CY002255_A_New_York_381_2004
83,EPI358781_A_Fujian_411_2002,Fuj02,2004,12,29,0,1,15,1,8,2,22,3,6,5,10,4,11,2,3,4,0,CY002263_A_New_York_383_2004
84,EPI358781_A_Fujian_411_2002,Fuj02,2004,12,16,0,2,14,3,8,2,22,4,4,3,11,4,13,4,5,1,4,CY002447_A_New_York_365_2004
85,EPI358781_A_Fujian_411_2002,Fuj02,2004,12,20,0,1,13,1,9,1,17,4,6,3,11,7,9,6,4,4,2,CY002599_A_New_York_377_2004
86,EPI358781_A_Fujian_411_2002,Fuj02,2004,12,9,0,0,11,1,8,1,18,3,6,3,10,7,10,3,5,4,2,CY002791_A_New_York_232_2004
87,EPI358781_A_Fujian_411_2002,Fuj02,2004,12,16,0,1,13,2,9,1,17,4,6,3,10,7,10,3,5,4,2,CY003079_A_New_York_123_2004
88,EPI358781_A_Fujian_411_2002,Fuj02,2004,12,22,0,0,13,2,5,4,17,3,10,3,10,7,10,3,5,3,3,CY019156_A_New_York_900_2004
89,EPI358781_A_Fujian_411_2002,Fuj02,2004,12,22,0,0,13,2,5,4,17,3,10,3,10,7,10,3,5,3,3,CY019164_A_New_York_900_2004
90,EPI358781_A_Fujian_411_2002,Fuj02,2004,12,27,0,0,11,1,8,1,17,3,7,3,10,7,9,3,4,4,3,CY019180_A_New_York_905_2004
91,EPI358781_A_Fujian_411_2002,Fuj02,2004,12,27,0,0,11,1,8,1,17,3,7,3,10,7,9,3,4,4,3,CY019260_A_New_York_908_2004
92,EPI358781_A_Fujian_411_2002,Fuj02,2004,12,4,0,0,15,3,8,2,18,5,8,3,8,5,6,2,2,4,5,CY112996_A_Netherlands_132_2004
93,EPI358781_A_Fujian_411_2002,Fuj02,2005,1,17,0,0,15,1,8,3,15,2,5,3,8,5,9,2,4,4,0,CY002007_A_New_York_359_2005
94,EPI358781_A_Fujian_411_2002,Fuj02,2005,1,10,0,0,13,1,9,3,18,3,7,3,11,7,10,3,4,4,2,CY019300_A_New_York_913_2005
95,EPI358781_A_Fujian_411_2002,Fuj02,2005,1,10,0,0,13,1,9,1,18,3,6,3,11,7,10,3,5,4,2,CY019308_A_New_York_918_2005
96,EPI358781_A_Fujian_411_2002,Fuj02,2005,1,10,0,0,13,1,9,1,18,3,6,3,11,7,10,3,5,4,2,CY019324_A_New_York_918_2005
97,EPI358781_A_Fujian_411_2002,Fuj02,2005,1,10,0,0,13,1,9,3,18,3,7,3,11,7,10,3,4,4,2,CY020540_A_New_York_913_2005
98,EPI358781_A_Fujian_411_2002,Fuj02,2005,1,6,0,1,6,3,12,2,4,4,2,1,11,4,7,2,4,2,0,CY038686_A_Hong_Kong_HKU42_2005
99,EPI358781_A_Fujian_411_2002,Fuj02,2005,1,1,0,1,18,4,11,4,11,9,10,1,13,6,7,1,1,4,0,EPI502253_A_Wisconsin_67_2005
100,EPI358781_A_Fujian_411_2002,Fuj02,2005,2,2,0,0,12,1,9,1,17,4,7,3,10,7,9,3,4,4,3,CY002015_A_New_York_361_2005
101,EPI358781_A_Fujian_411_2002,Fuj02,2005,2,22,0,1,14,2,10,0,16,2,9,3,13,7,9,2,3,4,0,CY002463_A_New_York_373_2005
102,EPI358781_A_Fujian_411_2002,Fuj02,2005,2,9,0,1,13,2,9,3,18,5,9,3,11,5,7,3,4,3,1,CY003647_A_New_York_463_2005
103,EPI358781_A_Fujian_411_2002,Fuj02,2005,2,11,0,1,17,2,11,3,18,4,7,5,12,4,13,3,3,2,0,CY090996_A_South_Carolina_NHRC0001_2005
104,EPI358781_A_Fujian_411_2002,Fuj02,2005,2,16,0,0,14,3,9,2,20,5,8,3,9,6,7,4,6,1,7,CY091140_A_Texas_NHRC0001_2005
105,EPI358781_A_Fujian_411_2002,Fuj02,2005,2,7,1,0,11,1,13,3,20,6,6,3,8,4,9,2,3,3,3,CY091436_A_California_NHRC0002_2005
106,EPI358781_A_Fujian_411_2002,Fuj02,2005,3,4,0,0,13,1,9,2,18,2,6,3,11,4,8,6,4,1,1,CY002079_A_New_York_396_2005
107,EPI358781_A_Fujian_411_2002,Fuj02,2005,3,8,0,2,14,1,12,1,18,4,6,3,10,7,9,3,4,4,2,CY006091_A_New_York_465_2005
108,EPI358781_A_Fujian_411_2002,Fuj02,2005,3,7,0,1,14,0,13,0,18,2,9,3,10,6,8,2,3,2,0,CY039062_A_Hong_Kong_HKU45_2005
109,EPI358781_A_Fujian_411_2002,Fuj02,2005,3,19,1,1,18,2,10,3,5,6,10,1,12,5,7,1,1,4,0,CY039070_A_Hong_Kong_HKU47_2005
110,EPI358781_A_Fujian_411_2002,Fuj02,2005,4,16,0,1,14,1,10,3,6,6,9,1,10,5,8,1,1,4,0,CY040329_A_Hong_Kong_HKU52_2005
111,EPI358781_A_Fujian_411_2002,Fuj02,2005,4,6,0,1,18,1,12,3,20,4,7,4,15,6,11,3,2,4,2,CY091012_A_Illinois_NHRC0001_2005
112,EPI358781_A_Fujian_411_2002,Fuj02,2005,5,13,0,1,15,1,10,3,6,7,14,1,13,5,9,1,3,4,0,CY038702_A_Hong_Kong_HKU62_2005
113,EPI358781_A_Fujian_411_2002,Fuj02,2005,5,17,0,0,17,3,9,3,5,5,13,1,10,6,6,1,1,4,0,CY038710_A_Hong_Kong_HKU65_2005
114,EPI358781_A_Fujian_411_2002,Fuj02,2005,5,23,1,1,16,4,9,3,9,5,10,1,12,5,7,1,2,4,0,CY038718_A_Hong_Kong_HKU67_2005
115,EPI358781_A_Fujian_411_2002,Fuj02,2005,5,27,0,0,18,1,9,4,6,5,12,1,12,5,6,1,1,4,1,CY038734_A_Hong_Kong_HKU69_2005
116,EPI358781_A_Fujian_411_2002,Fuj02,2005,5,30,0,0,16,2,10,4,7,6,12,1,11,6,6,1,1,2,0,CY038742_A_Hong_Kong_HKU70_2005
117,EPI358781_A_Fujian_411_2002,Fuj02,2005,5,5,0,1,15,2,12,4,6,5,12,1,12,5,6,1,2,4,0,CY039214_A_Hong_Kong_HKU58_2005
118,EPI358781_A_Fujian_411_2002,Fuj02,2005,5,11,1,0,14,1,9,3,6,5,11,1,13,6,7,1,1,4,0,CY039230_A_Hong_Kong_HKU61_2005
119,EPI358781_A_Fujian_411_2002,Fuj02,2005,5,14,0,0,15,2,9,4,6,6,10,1,11,5,7,2,2,3,2,CY039238_A_Hong_Kong_HKU63_2005
120,EPI358781_A_Fujian_411_2002,Fuj02,2005,6,17,0,0,15,2,9,3,7,6,13,1,14,5,7,1,1,0,1,CY040345_A_Hong_Kong_HKU75_2005
121,EPI358781_A_Fujian_411_2002,Fuj02,2005,6,21,0,0,17,3,9,3,8,6,11,1,12,6,7,2,1,2,2,CY040353_A_Hong_Kong_HKU76_2005
122,EPI358781_A_Fujian_411_2002,Fuj02,2005,6,29,0,1,18,1,11,3,5,5,10,4,10,6,9,1,1,3,1,CY040361_A_Hong_Kong_HKU77_2005
123,EPI358781_A_Fujian_411_2002,Fuj02,2005,6,1,0,0,15,1,11,3,6,6,10,1,12,6,9,1,3,4,0,CY043767_A_Hong_Kong_HKU72_2005
124,EPI358781_A_Fujian_411_2002,Fuj02,2005,6,2,0,2,8,1,10,3,6,6,12,2,10,6,6,1,1,4,1,CY044404_A_Hong_Kong_HKU73_2005
125,EPI358781_A_Fujian_411_2002,Fuj02,2005,6,15,0,0,18,1,9,3,7,6,15,1,12,5,6,1,2,3,1,CY091316_A_Hong_Kong_NHRC0001_2005
126,EPI358781_A_Fujian_411_2002,Fuj02,2005,7,16,0,1,18,1,11,3,8,5,12,1,14,6,7,1,3,4,4,CY038758_A_Hong_Kong_HKU79_2005
127,EPI358781_A_Fujian_411_2002,Fuj02,2005,7,9,0,1,16,1,14,3,7,6,10,1,12,7,7,1,1,4,1,CY043775_A_Hong_Kong_HKU78_2005
128,EPI358781_A_Fujian_411_2002,Fuj02,2005,8,11,1,0,20,2,10,4,6,8,11,1,14,8,6,2,1,2,1,KJ855424_A_Mexico_QUE2270_2005
129,EPI358781_A_Fujian_411_2002,Fuj02,2005,9,11,0,0,21,2,10,3,10,5,11,1,12,6,7,1,1,3,0,CY100575_A_Mexico_InDRE2246_2005
130,EPI358781_A_Fujian_411_2002,Fuj02,2005,9,11,0,0,21,3,10,6,6,8,12,1,13,6,9,1,2,2,1,KJ855472_A_Mexico_TLA2227_2005
131,EPI367109_A_California_7_2004,Cal04,2005,11,10,0,4,25,1,26,10,25,2,10,6,21,2,9,4,7,1,3,CY172198_A_New_York_1001_2005
132,EPI367109_A_California_7_2004,Cal04,2005,12,23,0,4,27,1,26,8,26,2,8,7,22,1,10,3,7,1,3,CY091036_A_Illinois_NHRC0002_2005
133,EPI367109_A_California_7_2004,Cal04,2005,12,2,0,0,7,0,9,2,6,4,6,0,5,3,8,5,2,2,1,CY091532_A_California_NHRC0006_2005
134,EPI367109_A_California_7_2004,Cal04,2005,12,26,0,2,10,1,23,9,29,2,10,5,22,3,9,4,5,1,1,CY113004_A_Netherlands_548_2005
135,EPI367109_A_California_7_2004,Cal04,2006,2,20,1,2,7,1,2,1,5,4,14,1,0,6,13,3,7,0,1,CY172390_A_New_York_1028_2006
136,EPI367109_A_California_7_2004,Cal04,2006,3,2,0,0,13,2,24,8,28,4,9,5,22,4,9,3,5,1,1,CY019866_A_New_York_938_2006
137,EPI367109_A_California_7_2004,Cal04,2006,3,2,0,0,13,2,24,8,28,4,9,5,22,4,9,3,5,1,1,CY020372_A_New_York_938_2006
138,EPI502253_A_Wisconsin_67_2005,Wis05,2006,12,24,0,4,8,1,32,0,3,6,6,5,30,5,6,6,10,4,4,CY114404_A_Netherlands_363_2006
139,EPI502253_A_Wisconsin_67_2005,Wis05,2007,1,2,0,0,4,1,4,0,4,2,5,1,4,5,2,0,5,2,2,CY039406_A_Taiwan_70002_2007
140,EPI502253_A_Wisconsin_67_2005,Wis05,2007,1,15,0,2,6,1,8,1,3,2,7,2,3,4,1,0,2,0,1,CY039414_A_Taiwan_70113_2007
141,EPI502253_A_Wisconsin_67_2005,Wis05,2007,2,19,0,3,13,1,9,1,6,2,10,6,25,6,4,0,0,1,3,CY025428_A_California_UR06_0347_2007
142,EPI502253_A_Wisconsin_67_2005,Wis05,2007,2,20,0,3,13,1,6,0,5,1,9,5,23,8,4,0,1,1,3,CY027570_A_Texas_UR06_0358_2007
143,EPI502253_A_Wisconsin_67_2005,Wis05,2007,2,3,0,1,5,1,4,1,1,1,6,1,2,5,1,0,5,1,2,CY040057_A_Taiwan_70307_2007
144,EPI502253_A_Wisconsin_67_2005,Wis05,2007,2,19,0,4,16,1,13,1,9,2,15,5,27,8,8,0,2,2,5,CY114412_A_Netherlands_69_2007
145,EPI502253_A_Wisconsin_67_2005,Wis05,2007,2,6,0,3,16,0,11,0,3,2,9,5,24,7,5,0,2,1,4,EPI577980_A_Brisbane_10_2007
146,EPI502253_A_Wisconsin_67_2005,Wis05,2007,11,12,0,4,18,1,9,0,8,2,13,7,28,7,4,1,2,2,6,CY040073_A_Taiwan_2361_2007
147,EPI502253_A_Wisconsin_67_2005,Wis05,2007,11,6,0,3,14,1,10,0,3,0,10,5,23,7,9,0,2,1,5,CY114420_A_Netherlands_348_2007
148,EPI502253_A_Wisconsin_67_2005,Wis05,2008,1,29,1,4,18,1,16,3,8,3,13,5,26,9,7,1,2,3,5,CY037310_A_Qatar_AF02_2008
149,EPI502253_A_Wisconsin_67_2005,Wis05,2008,1,15,0,5,18,0,11,0,8,1,12,5,23,6,7,0,3,1,4,CY040105_A_Taiwan_70120_2008
150,EPI502253_A_Wisconsin_67_2005,Wis05,2008,2,19,0,3,16,0,12,0,14,5,18,5,28,8,5,1,4,1,3,CY037326_A_Korea_AF05_2008
151,EPI502253_A_Wisconsin_67_2005,Wis05,2008,2,15,0,3,15,1,14,1,14,5,16,5,28,8,7,0,3,1,3,CY044603_A_Boston_40_2008
152,EPI502253_A_Wisconsin_67_2005,Wis05,2008,3,27,1,5,16,1,12,0,5,3,14,5,27,8,5,1,3,3,3,CY173286_A_New_York_1155_2008
153,EPI502253_A_Wisconsin_67_2005,Wis05,2008,4,16,1,4,18,1,13,0,6,3,13,5,25,10,5,1,3,1,4,CY044827_A_Boston_88_2008
154,EPI502253_A_Wisconsin_67_2005,Wis05,2008,9,27,1,5,18,2,14,1,10,5,15,6,30,9,5,1,4,4,6,CY113020_A_Netherlands_377_2008
155,EPI577980_A_Brisbane_10_2007,Bris07,2008,12,1,0,2,2,1,2,1,3,3,6,1,6,2,1,0,1,0,1,CY147666_A_Mexico_24013_2008
156,EPI577980_A_Brisbane_10_2007,Bris07,2008,12,1,0,3,10,2,6,1,6,2,7,1,3,1,5,3,3,0,1,CY093316_A_Kyrgyzstan_WRAIR1256P_2008
157,EPI577980_A_Brisbane_10_2007,Bris07,2009,1,16,0,3,12,3,3,1,14,0,6,1,4,4,3,1,1,2,1,CY089756_A_Boston_75_2009
158,EPI577980_A_Brisbane_10_2007,Bris07,2009,1,1,0,2,10,2,6,1,4,3,9,2,5,3,4,2,2,0,1,CY093237_A_South_Korea_WRAIR1171P_2009
159,EPI577980_A_Brisbane_10_2007,Bris07,2009,1,1,0,1,5,2,3,3,6.5,0,7,0,2,2,4,1,1,0,0,CY093348_A_Kuwait_WRAIR1561P_2009
160,EPI577980_A_Brisbane_10_2007,Bris07,2009,1,12,0,3,11,2,3,0,11,1,6,1,3,5,2,1,2,2,0,CY113028_A_Netherlands_69_2009
161,EPI577980_A_Brisbane_10_2007,Bris07,2009,2,9,0,1,5,3,5,1,12,1,12,0,5,3,5,1,2,1,1,CY069426_A_Japan_WRAIR1140P_2009
162,EPI577980_A_Brisbane_10_2007,Bris07,2009,2,27,0,2,3,4,3,3,13,0,11,0,3,4,0,1,1,0,0,CY089740_A_Boston_40_2009
163,EPI577980_A_Brisbane_10_2007,Bris07,2009,4,27,1,1,6,1,2,2,8.5,6,7,1,8,1,6,2,2,3,0,CY050611_A_New_York_3018_2009
164,EPI577980_A_Brisbane_10_2007,Bris07,2009,4,30,0,1,5,1,2,1,8.5,5,6,1,8,2,6,1,3,4,0,CY050731_A_New_York_3143_2009
165,EPI577980_A_Brisbane_10_2007,Bris07,2009,4,29,0,5,10,2,4,1,12,2,7,1,4,5,3,3,1,3,0,CY064830_A_California_VRDL138_2009
166,EPI577980_A_Brisbane_10_2007,Bris07,2009,4,27,0,2,12,2,6,0,6,0,10,1,11,2,4,2,2,0,1,CY068104_A_California_VRDL368_2009
167,EPI577980_A_Brisbane_10_2007,Bris07,2009,4,28,0,3,9,3,5,0,12,0,8,1,7,4,4,3,3,1,1,CY068208_A_California_VRDL170_2009
168,EPI577980_A_Brisbane_10_2007,Bris07,2009,4,29,0,1,3,3,4,2,16,0,11,1,2,5,0,1,2,0,0,CY068232_A_California_VRDL188_2009
169,EPI577980_A_Brisbane_10_2007,Bris07,2009,4,29,0,2,5,3,3,1,14.5,0,11,0,3,4,1,1,2,1,0,CY068296_A_California_VRDL247_2009
170,EPI577980_A_Brisbane_10_2007,Bris07,2009,4,30,0,1,5,1,3,1,10,6,7,1,4,2,7,1,6,2,0,CY068360_A_California_VRDL263_2009
171,EPI577980_A_Brisbane_10_2007,Bris07,2009,4,30,0,3,6,1,1,1,9.5,5,6,1,7,1,8,1,3,2,1,CY068416_A_California_VRDL277_2009
172,EPI577980_A_Brisbane_10_2007,Bris07,2009,4,28,0,1,3,2,7,2,13,0,11,0,3,5,0,1,3,0,1,CY068640_A_California_VRDL394_2009
173,EPI577980_A_Brisbane_10_2007,Bris07,2009,4,29,0,1,5,2,4,1,14,1,12,0,1,5,0,1,2,0,0,CY068781_A_California_VRDL205_2009
174,EPI577980_A_Brisbane_10_2007,Bris07,2009,4,9,0,1,7,2,3,2,12,6,8,1,6,2,6,1,4,2,1,CY069322_A_Korea_WRAIR1038P_2009
175,EPI577980_A_Brisbane_10_2007,Bris07,2009,4,7,0,2,10,1,4,3,9,6,7,1,8,1,5,1,4,3,1,EPI577969_A_Perth_16_2009
176,EPI577980_A_Brisbane_10_2007,Bris07,2009,5,11,0,1,5,1,3,2,8.5,5,6,1,8,1,6,1,3,3,0,CY050795_A_New_York_3491_2009
177,EPI577980_A_Brisbane_10_2007,Bris07,2009,5,20,0,1,5,1,3,1,10,6,7,2,9,1,6,1,5,3,1,CY050827_A_New_York_3738_2009
178,EPI577980_A_Brisbane_10_2007,Bris07,2009,5,4,0,3,5,1,3,1,9,6,8,1,6,2,5,1,6,2,0,CY067976_A_California_VRDL339_2009
179,EPI577980_A_Brisbane_10_2007,Bris07,2009,5,1,0,1,8,1,3,1,10,6,10,1,4,2,5,1,6,2,1,CY068336_A_California_VRDL260_2009
180,EPI577980_A_Brisbane_10_2007,Bris07,2009,5,2,0,3,12,2,4,0,14,0,6,1,3,4,2,1,2,3,2,CY068480_A_California_VRDL309_2009
181,EPI577980_A_Brisbane_10_2007,Bris07,2009,6,2,0,2,6,3,3,1,9.5,5,6,2,9,1,6,2,4,3,1,CY077432_A_California_VRDL356_2009
182,EPI577980_A_Brisbane_10_2007,Bris07,2009,6,5,0,1,5,3,3,3,8.5,7,7,1,8,1,6,1,3,3,1,CY084416_A_New_York_3918_2009
183,EPI577980_A_Brisbane_10_2007,Bris07,2009,6,25,0,3,7,3,9,0,11,2,11,0,6,5,4,2,2,1,4,CY113044_A_Netherlands_761_2009
184,EPI577980_A_Brisbane_10_2007,Bris07,2009,7,6,1,3,7,4,5,1,10,3,17,0,6,4,7,1,2,5,1,CY106599_A_Hong_Kong_H090_671_V10_2009
185,EPI577980_A_Brisbane_10_2007,Bris07,2009,7,12,0,2,9,1,4,2,10.5,5,8,1,6,2,7,1,3,2,0,CY106647_A_Hong_Kong_H090_689_V22_2009
186,EPI577980_A_Brisbane_10_2007,Bris07,2009,7,10,0,1,6,1,5,1,9.5,5,11,1,6,3,7,1,3,2,0,CY106655_A_Hong_Kong_H090_692_V10_2009
187,EPI577980_A_Brisbane_10_2007,Bris07,2009,7,15,0,1,6,1,4,2,9.5,6,9,1,6,2,7,1,3,2,0,CY106703_A_Hong_Kong_H090_714_V10_2009
188,EPI577980_A_Brisbane_10_2007,Bris07,2009,7,24,1,3,8,4,5,1,11,3,17,0,6,4,6,1,2,5,1,CY106735_A_Hong_Kong_H090_720_V31_2009
189,EPI577980_A_Brisbane_10_2007,Bris07,2009,7,20,0,1,6,2,3,1,10.5,7,7,2,9,1,10,3,3,2,0,CY106743_A_Hong_Kong_H090_724_V10_2009
190,EPI577980_A_Brisbane_10_2007,Bris07,2009,7,22,0,1,6,2,3,1,10.5,7,7,2,9,1,10,3,3,2,0,CY106751_A_Hong_Kong_H090_724_V20_2009
191,EPI577980_A_Brisbane_10_2007,Bris07,2009,7,22,0,3,7,3,3,2,10.5,6,9,1,7,3,7,2,3,3,0,CY106791_A_Hong_Kong_H090_733_V10_2009
192,EPI577980_A_Brisbane_10_2007,Bris07,2009,7,27,0,2,7,1,4,1,9.5,9,7,2,7,4,7,1,3,3,1,CY106847_A_Hong_Kong_H090_739_V22_2009
193,EPI577980_A_Brisbane_10_2007,Bris07,2009,7,29,0,2,7,1,4,1,9.5,9,7,2,7,4,7,1,3,3,1,CY106863_A_Hong_Kong_H090_739_V33_2009
194,EPI577980_A_Brisbane_10_2007,Bris07,2009,7,24,0,1,9,1,3,1,10.5,7,8,1,6,2,7,1,3,2,0,CY106871_A_Hong_Kong_H090_741_V10_2009
195,EPI577980_A_Brisbane_10_2007,Bris07,2009,7,28,0,1,6,1,5,1,9.5,8,7,2,7,2,7,1,3,2,1,CY106879_A_Hong_Kong_H090_747_V10_2009
196,EPI577980_A_Brisbane_10_2007,Bris07,2009,7,12,0,1,9,1,4,2,10.5,5,8,1,6,2,7,1,3,2,0,CY115527_A_Hong_Kong_H090_689_V20_2009
197,EPI577980_A_Brisbane_10_2007,Bris07,2009,7,20,0,1,6,1,3,1,10,5,9,3,6,2,7,1,3,2,0,CY115647_A_Hong_Kong_H090_726_V10_2009
198,EPI577980_A_Brisbane_10_2007,Bris07,2009,7,27,0,1,8,1,5,2,10.5,5,8,1,6,2,9,1,3,2,1,CY115687_A_Hong_Kong_H090_734_V32_2009
199,EPI577980_A_Brisbane_10_2007,Bris07,2009,7,27,0,2,7,1,4,1,9.5,9,7,2,7,4,7,1,3,3,1,CY115727_A_Hong_Kong_H090_739_V23_2009
200,EPI577980_A_Brisbane_10_2007,Bris07,2009,7,29,0,2,7,1,4,1,9.5,9,7,2,7,4,7,1,3,3,1,CY115735_A_Hong_Kong_H090_739_V33_2009
201,EPI577980_A_Brisbane_10_2007,Bris07,2010,3,15,1,4,19,5,19,5,18,8,16,1,6,8,7,1,6,3,4,KY049985_A_Qinghai_178_2010
202,EPI577980_A_Brisbane_10_2007,Bris07,2010,6,16,1,3,8,5,10,2,11,9,11,0,4,4,7,2,2,4,0,CY072221_A_New_York_20343_2010
203,EPI577980_A_Brisbane_10_2007,Bris07,2010,9,10,0,6,20,4,15,4,18,12,13,2,7,7,7,1,7,3,4,HQ664917_A_Nanjing_1655_2010
204,EPI577980_A_Brisbane_10_2007,Bris07,2010,9,10,0,6,17,8,18,3,16,8,15,3,9,11,8,3,5,4,5,HQ664922_A_Nanjing_1654_2010
205,EPI577980_A_Brisbane_10_2007,Bris07,2010,9,10,0,6,21,8,21,5,19,12,15,1,7,6,5,5,6,3,4,HQ664929_A_Nanjing_1663_2010
206,EPI577969_A_Perth_16_2009,Prth09,2010,11,17,0,2,10,5,14,4,16,10,9,4,8,5,12,0,13,4,3,CY093221_A_District_of_Columbia_WRAIR0300_2010
207,EPI577969_A_Perth_16_2009,Prth09,2010,11,4,0,1,8,4,17,4,15,8,9,2,7,3,15,0,6,5,5,MK729833_A_New_York_WC_LVD_10_001_2010
208,EPI577969_A_Perth_16_2009,Prth09,2010,12,9,0,6,23,3,19,2,15,10,17,2,6,4,9,0,8,3,7,CY093540_A_Mexico_City_WRAIR3579T_2010
209,EPI577969_A_Perth_16_2009,Prth09,2010,12,23,0,3,10,4,17,4,15,13,10,1,7,8,15,2,8,4,3,CY114516_A_Netherlands_034_2010
210,EPI577969_A_Perth_16_2009,Prth09,2010,12,30,0,6,23,2,21,2,15,10,17,1,7,4,12,0,8,3,8,KC882441_A_Iowa_19_2010
211,EPI577969_A_Perth_16_2009,Prth09,2010,12,31,0,8,21,2,21,2,17,10,17,1,13,5,9,0,9,6,8,KC882476_A_Texas_24_2010
212,EPI577969_A_Perth_16_2009,Prth09,2010,12,29,0,6,23,2,18,2,15,10,19,1,7,3,9,0,9,4,7,KT888262_A_Mexico_City_1514A00904139N_CP2_2010
213,EPI577969_A_Perth_16_2009,Prth09,2010,12,16,0,1,7,0,5,1,6,4,9,4,7,2,8,1,5,2,4,MK729873_A_New_York_WC_LVD_10_006_2010
214,EPI577969_A_Perth_16_2009,Prth09,2011,1,19,0,7,24,2,17,4,15,10,17,1,9,3,9,0,8,3,9,CY091580_A_Illinois_NHRC0002_2011
215,EPI577969_A_Perth_16_2009,Prth09,2011,1,14,0,6,21,3,17,2,15,11,19,1,6,4,9,0,8,3,7,CY091588_A_California_NHRC0001_2011
216,EPI577969_A_Perth_16_2009,Prth09,2011,1,28,0,6,23,2,20,2,18,11,17,1,6,3,12,0,8,3,7,CY092272_A_California_NHRC0003_2011
217,EPI577969_A_Perth_16_2009,Prth09,2011,1,16,0,6,22,2,19,2,15,10,18,1,7,3,10,0,8,3,7,CY092288_A_California_NHRC0002_2011
218,EPI577969_A_Perth_16_2009,Prth09,2011,1,11,0,7,21,2,21,2,16,9,16,1,9,4,14,1,8,4,7,CY111165_A_Boston_DOA05_2011
219,EPI577969_A_Perth_16_2009,Prth09,2011,1,5,0,2,22,4,23,5,9,2,12,2,10,7,15,1,11,4,10,CY114428_A_Netherlands_063_2011
220,EPI577969_A_Perth_16_2009,Prth09,2011,1,24,0,6,22,4,17,3,15,11,17,1,6,3,10,1,8,3,9,CY167515_A_Tennessee_F2018A_2011
221,EPI577969_A_Perth_16_2009,Prth09,2011,1,11,0,1,9,4,17,4,17,10,10,1,12,5,16,1,9,5,3,KC882565_A_New_Jersey_01_2011
222,EPI577969_A_Perth_16_2009,Prth09,2011,2,16,0,2,6,4,18,6,18,11,10,1,12,4,17,1,9,5,4,CY111309_A_Boston_DOA48_2011
223,EPI577969_A_Perth_16_2009,Prth09,2011,2,18,0,1,10,4,20,5,19,11,9,1,11,6,17,1,8,5,3,CY111317_A_Boston_DOA51_2011
224,EPI577969_A_Perth_16_2009,Prth09,2011,2,12,0,7,22,3,19,4,18,10,18,1,9,4,13,0,9,4,7,CY134520_A_Boston_DOA38_2011
225,EPI577969_A_Perth_16_2009,Prth09,2011,2,14,0,6,25,2,20,3,18,10,19,1,8,4,11,0,9,3,9,CY134568_A_Boston_DOA47_2011
226,EPI577969_A_Perth_16_2009,Prth09,2011,2,7,0,7,22,2,19,3,16,10,17,2,6,4,11,2,8,3,8,CY167571_A_Tennessee_F2031A_2011
227,EPI577969_A_Perth_16_2009,Prth09,2011,2,5,0,6,22,2,20,2,15,11,17,1,6,7,10,2,9,3,7,KC882641_A_Texas_06_2011
228,EPI577969_A_Perth_16_2009,Prth09,2011,2,15,0,3,12,6,28,4,18,10,16,5,14,7,16,1,9,6,3,KR137644_A_Bethesda_NIH12_2011
229,EPI577969_A_Perth_16_2009,Prth09,2011,3,14,0,8,22,2,22,2,16,9,16,1,9,5,15,1,8,4,7,CY111421_A_Boston_DOA78_2011
230,EPI577969_A_Perth_16_2009,Prth09,2011,10,24,0,2,21,3,23,5,20,11,12,2,11,8,20,0,8,5,7,EPI417234_A_Victoria_361_2011
231,EPI577969_A_Perth_16_2009,Prth09,2011,11,15,1,2,19,3,19,4,22,14,16,1,9,7,17,0,8,5,5,KT888275_A_Hong_Kong_1514A01704826T_2011
232,EPI577969_A_Perth_16_2009,Prth09,2011,12,5,0,3,20,3,25,3,20,13,16,1,9,8,18,2,9,4,5,KT888268_A_Amman_1514A01004465T_2011
233,EPI577969_A_Perth_16_2009,Prth09,2011,12,12,0,3,10,4,24,4,14,10,11,1,11,7,17,0,5,5,3,KT888283_A_Budapest_1514A07804502N_2011
234,EPI577969_A_Perth_16_2009,Prth09,2011,12,20,1,6,25,2,25,6,20,13,20,2,10,6,12,2,11,6,11,KT889087_A_Japan_22_2011
235,EPI577969_A_Perth_16_2009,Prth09,2012,1,19,0,3,12,4,31,3,14,10,15,5,9,9,14,0,8,6,4,KT888257_A_Moscow_1514A00504942N_2012
236,EPI577969_A_Perth_16_2009,Prth09,2012,1,11,0,3,13,3,26,3,14,12,13,1,10,6,17,0,6,4,3,KT888258_A_Moscow_1514A00504950T_2012
237,EPI577969_A_Perth_16_2009,Prth09,2012,1,11,0,3,19,4,25,3,20,13,16,1,9,8,18,2,9,4,5,KT888267_A_Amman_1514A01004462T_2012
238,EPI577969_A_Perth_16_2009,Prth09,2012,1,11,0,6,27,2,22,4,22,12,20,2,9,6,13,0,10,3,11,KT888281_A_Sarajevo_1514A06604486N_2012
239,EPI577969_A_Perth_16_2009,Prth09,2012,1,24,0,2,10,3,27,5,15,10,19,1,12,5,16,0,7,5,3,KT888944_A_Yokosuka_SE680_2012
240,EPI577969_A_Perth_16_2009,Prth09,2012,1,31,0,2,11,3,27,3,15,10,16,1,13,5,16,0,6,5,5,KT889082_A_Japan_17_2012
241,EPI577969_A_Perth_16_2009,Prth09,2012,1,24,1,3,16,3,25,6,19,13,15,2,10,8,19,1,9,7,8,KT889083_A_Korea_18_2012
242,EPI577969_A_Perth_16_2009,Prth09,2012,1,19,0,2,19,3,20,4,22,14,14,1,10,6,17,0,8,6,7,KT889099_A_Korea_37_2012
243,EPI577969_A_Perth_16_2009,Prth09,2012,1,12,0,2,17,3,22,4,23,14,14,1,10,6,16,0,10,5,6,KT889102_A_Kyrgyzstan_40_2012
244,EPI577969_A_Perth_16_2009,Prth09,2012,1,12,0,2,18,4,22,4,21,14,14,1,9,6,16,0,10,5,6,KT889103_A_Kyrgyzstan_41_2012
245,EPI577969_A_Perth_16_2009,Prth09,2012,1,31,0,2,11,6,27,4,15,10,16,1,13,5,16,0,6,5,5,KT889104_A_Japan_42_2012
246,EPI577969_A_Perth_16_2009,Prth09,2012,1,13,0,2,11,3,27,3,19,11,14,1,14,6,18,1,6,6,4,KT889107_A_Korea_45_2012
247,EPI577969_A_Perth_16_2009,Prth09,2012,1,20,1,3,17,3,23,5,24,13,15,2,10,8,18,1,8,5,5,KT889108_A_Korea_47_2012
248,EPI577969_A_Perth_16_2009,Prth09,2012,2,3,0,2,15,5,23,3,15,11,13,1,13,8,16,0,5,4,3,KT888945_A_Yokosuka_SE863_2012
249,EPI577969_A_Perth_16_2009,Prth09,2012,2,5,0,2,11,3,26,4,15,10,16,1,13,5,16,0,6,5,5,KT889105_A_Japan_43_2012
250,EPI577969_A_Perth_16_2009,Prth09,2012,3,30,0,6,26,3,27,3,17,13,23,2,17,5,15,1,14,4,10,KC892843_A_Nevada_12_2012
251,EPI577969_A_Perth_16_2009,Prth09,2012,3,23,0,7,18,4,24,3,18,13,15,3,15,8,22,1,9,7,4,KT888260_A_Moscow_1514A00505153N_2012
252,EPI577969_A_Perth_16_2009,Prth09,2012,3,5,0,3,16,5,29,3,19,13,16,4,13,7,24,1,8,6,4,KT889091_A_Japan_26_2012
253,EPI577969_A_Perth_16_2009,Prth09,2012,4,15,0,2,19,3,22,4,24,14,15,1,10,7,16,0,10,7,6,EPI556813_A_Texas_50_2012
254,EPI577969_A_Perth_16_2009,Prth09,2012,4,12,0,7,18,4,24,3,18,13,15,3,15,8,22,1,9,7,4,KT888259_A_Moscow_1514A00505149T_2012
255,EPI577969_A_Perth_16_2009,Prth09,2012,4,13,0,7,18,4,24,3,18,13,15,3,15,8,22,1,9,7,4,KT888261_A_Moscow_1514A00505162N_2012
256,EPI577969_A_Perth_16_2009,Prth09,2012,4,12,0,2,20,3,22,4,20,13,16,1,8,6,18,0,8,6,5,KT888279_A_Prague_1514A06404885N_2012
257,EPI577969_A_Perth_16_2009,Prth09,2012,8,29,1,3,23,3,27,7,24,14,19,2,12,10,21,0,9,5,7,MK640845_A_China_38887_2012
258,EPI577969_A_Perth_16_2009,Prth09,2012,8,29,0,3,22,4,25,5,26,14,16,1,9,7,20,0,9,5,7,MK640846_A_China_38888_2012
259,EPI577969_A_Perth_16_2009,Prth09,2012,9,26,1,3,25,4,28,4,19,15,17,1,11,9,18,0,9,6,5,MK640847_A_China_39207_2012
260,EPI417234_A_Victoria_361_2011,Vic11,2012,10,5,0,0,4,2,1,0,4,4,10,1,1,0,2,1,1,1,1,MK730233_A_New_York_WC_LVD_12_051_2012
261,EPI417234_A_Victoria_361_2011,Vic11,2012,11,20,0,10,42,4,32,1,18,13,22,1,13,4,11,1,12,4,6,CY134779_A_Texas_JMM_8_2012
262,EPI417234_A_Victoria_361_2011,Vic11,2012,12,6,0,0,5,1,3,0,4,2,8,0,4,1,0,0,0,1,0,CY135131_A_Texas_JMM_54_2012
263,EPI417234_A_Victoria_361_2011,Vic11,2012,12,4,0,3,2,0,4,0,3,3,5,1,2,1,2,1,1,0,2,CY148427_A_Boston_DOA2_112_2012
264,EPI417234_A_Victoria_361_2011,Vic11,2012,12,18,0,4,0,0,6,1,3,4,6,1,1,2,2,0,1,0,1,CY148547_A_Boston_DOA2_128_2012
265,EPI417234_A_Victoria_361_2011,Vic11,2012,12,19,0,0,5,1,3,0,5,5,5,1,1,2,2,0,0,1,2,CY167934_A_Boston_YGA_00008_2012
266,EPI417234_A_Victoria_361_2011,Vic11,2012,12,25,0,12,45,4,35,1,18,10,19,1,11,4,15,1,11,4,6,CY168846_A_Boston_YGA_01045_2012
267,EPI417234_A_Victoria_361_2011,Vic11,2012,12,26,0,0,5,1,3,0,5,3,8,0,4,1,0,0,0,1,0,CY168878_A_Boston_YGA_01049_2012
268,EPI417234_A_Victoria_361_2011,Vic11,2012,12,17,0,1,4,3,0,1,4,4,7,1,2,2,3,0,1,1,0,CY170126_A_Boston_YGA_02003_2012
269,EPI417234_A_Victoria_361_2011,Vic11,2012,12,18,0,0,4,1,1,0,1,2,9,1,1,1,2,0,0,1,2,CY171246_A_Chicago_YGA_04053_2012
270,EPI417234_A_Victoria_361_2011,Vic11,2012,12,18,0,0,2,0,2,2,2,3,10,1,0,2,1,0,3,1,1,CY171270_A_Chicago_YGA_04056_2012
271,EPI417234_A_Victoria_361_2011,Vic11,2012,12,26,0,0,3,1,3,1,4,3,11,1,4,1,1,1,1,1,2,CY171342_A_Chicago_YGA_04090_2012
272,EPI417234_A_Victoria_361_2011,Vic11,2012,12,27,0,2,3,1,1,0,2,2,9,1,1,1,2,0,0,1,2,CY171406_A_Chicago_YGA_04102_2012
273,EPI417234_A_Victoria_361_2011,Vic11,2012,12,15,0,1,4,1,4,0,3,2,8,1,2,2,0,0,0,1,1,CY182800_A_Houston_JMM_74_2012
274,EPI417234_A_Victoria_361_2011,Vic11,2012,12,18,0,0,4,1,2,0,3,2,6,1,1,1,0,0,1,1,0,CY182848_A_Houston_JMM_80_2012
275,EPI417234_A_Victoria_361_2011,Vic11,2012,12,19,0,0,5,1,4,0,4,2,6,1,1,0,1,0,0,1,1,CY182880_A_Houston_JMM_85_2012
276,EPI417234_A_Victoria_361_2011,Vic11,2012,12,29,0,0,5,1,3,1,4,2,6,0,2,2,0,1,0,1,1,CY182960_A_Houston_JMM_96_2012
277,EPI417234_A_Victoria_361_2011,Vic11,2012,12,24,0,1,5,1,1,1,0,4,6,1,2,2,2,1,5,3,0,MK640848_A_China_41303_2012
278,EPI417234_A_Victoria_361_2011,Vic11,2012,12,24,0,0,4,1,1,1,5,4,5,1,2,1,3,1,0,1,1,MK640849_A_China_41304_2012
279,EPI417234_A_Victoria_361_2011,Vic11,2012,12,7,0,1,4,1,0,1,2,4,10,0,2,0,1,0,0,3,2,MK730273_A_New_York_WC_LVD_12_057_2012
280,EPI417234_A_Victoria_361_2011,Vic11,2012,12,17,0,0,3,1,5,1,4,6,4,0,0,1,1,0,0,2,1,MK730497_A_New_York_WC_LVD_12_086_2012
281,EPI417234_A_Victoria_361_2011,Vic11,2012,12,12,0,0,2,1,1,1,1,6,10,1,1,2,3,0,0,1,2,MK970023_A_Maryland_22_1_2012
282,EPI417234_A_Victoria_361_2011,Vic11,2013,1,9,0,2,3,1,1,1,3,4,9,0,2,1,1,0,1,3,1,CY148707_A_Boston_DOA2_149_2013
283,EPI417234_A_Victoria_361_2011,Vic11,2013,1,2,0,2,3,2,2,0,5,3,10,1,1,2,2,0,2,2,1,CY148787_A_Boston_DOA2_161_2013
284,EPI417234_A_Victoria_361_2011,Vic11,2013,1,13,0,0,4,3,2,1,3,4,7,0,2,2,1,1,1,2,0,CY148923_A_Boston_DOA2_180_2013
285,EPI417234_A_Victoria_361_2011,Vic11,2013,1,15,0,0,4,1,4,0,6,5,4,1,1,2,1,0,0,1,2,CY149131_A_Boston_DOA2_218_2013
286,EPI417234_A_Victoria_361_2011,Vic11,2013,1,25,0,0,3,4,2,1,2,4,7,0,1,2,3,1,1,2,0,CY149323_A_Boston_DOA2_245_2013
287,EPI417234_A_Victoria_361_2011,Vic11,2013,1,10,0,1,4,2,3,0,3,4,7,0,0,1,1,1,1,2,0,CY168094_A_Boston_YGA_00035_2013
288,EPI417234_A_Victoria_361_2011,Vic11,2013,1,24,0,1,4,1,2,1,4,5,10,0,2,1,1,0,0,4,2,CY168238_A_Boston_YGA_00054_2013
289,EPI417234_A_Victoria_361_2011,Vic11,2013,1,1,0,1,5,2,3,1,4,5,5,1,1,1,1,0,1,1,2,CY169366_A_Boston_YGA_01115_2013
290,EPI417234_A_Victoria_361_2011,Vic11,2013,1,17,0,0,4,1,4,0,5,5,4,1,1,2,1,0,0,1,2,CY169798_A_Boston_YGA_01173_2013
291,EPI417234_A_Victoria_361_2011,Vic11,2013,1,21,0,1,3,1,2,2,5,3,11,1,2,2,1,0,3,1,0,CY169878_A_Boston_YGA_01186_2013
292,EPI417234_A_Victoria_361_2011,Vic11,2013,1,19,0,0,1,0,1,1,5,3,9,1,1,1,0,1,3,2,1,CY170350_A_Boston_YGA_02039_2013
293,EPI417234_A_Victoria_361_2011,Vic11,2013,1,17,0,0,5,1,3,0,5,3,6,1,2,2,0,0,1,1,0,CY170574_A_Santa_Clara_YGA_03016_2013
294,EPI417234_A_Victoria_361_2011,Vic11,2013,1,8,0,1,4,2,3,1,3,2,9,1,0,2,2,0,1,1,2,CY170998_A_Santa_Clara_YGA_03074_2013
295,EPI417234_A_Victoria_361_2011,Vic11,2013,1,3,0,1,4,1,1,1,3,3,10,1,2,1,2,0,0,1,2,CY171638_A_Chicago_YGA_04135_2013
296,EPI417234_A_Victoria_361_2011,Vic11,2013,1,23,0,11,45,5,33,1,20,10,21,1,13,4,10,2,12,6,6,CY171734_A_Chicago_YGA_04198_2013
297,EPI417234_A_Victoria_361_2011,Vic11,2013,1,8,0,1,2,0,1,1,4,5,9,1,2,1,1,0,2,2,1,CY183136_A_Houston_JMM_120_2013
298,EPI417234_A_Victoria_361_2011,Vic11,2013,1,7,0,0,2,0,1,1,2,3,11,1,2,0,3,0,3,1,1,KT888272_A_Kabul_1514A01305430N_2013
299,EPI417234_A_Victoria_361_2011,Vic11,2013,1,5,0,0,5,1,2,0,2,4,9,0,2,1,1,0,0,1,1,MK640850_A_China_41678_2013
300,EPI417234_A_Victoria_361_2011,Vic11,2013,1,5,0,0,2,0,1,0,4,3,12,1,1,1,1,1,3,1,0,MK640851_A_China_41691_2013
301,EPI417234_A_Victoria_361_2011,Vic11,2013,1,11,0,0,2,2,2,0,2,5,7,1,0,2,3,0,0,1,1,MK818117_A_Maryland_63_5D_2013
302,EPI417234_A_Victoria_361_2011,Vic11,2013,2,6,0,1,4,3,2,1,1,4,6,1,0,1,1,0,1,1,1,KT888280_A_Pristina_1514A06505401N_2013
303,EPI417234_A_Victoria_361_2011,Vic11,2013,2,5,0,0,4,0,1,1,2,3,12,0,3,1,2,0,2,1,1,KT888284_A_Budapest_1514A07805419T_2013
304,EPI417234_A_Victoria_361_2011,Vic11,2013,2,6,0,0,3,0,1,1,2,3,12,0,3,1,3,0,3,1,1,KT888285_A_Budapest_1514A07805832T_2013
305,EPI417234_A_Victoria_361_2011,Vic11,2013,2,7,0,0,3,2,2,0,1,5,7,1,0,2,4,1,0,2,2,MK817973_A_Maryland_178_5D_2013
306,EPI417234_A_Victoria_361_2011,Vic11,2013,2,4,0,1,7,3,2,1,5,4,7,0,2,2,0,1,1,2,0,MK969839_A_Maryland_127_17D_2013
307,EPI417234_A_Victoria_361_2011,Vic11,2013,4,4,0,0,3,1,3,3,4,4,6,1,2,2,2,0,1,1,1,KF034876_A_Suzhou_1275_2013
308,EPI417234_A_Victoria_361_2011,Vic11,2013,4,9,0,1,5,2,1,0,3,5,4,1,0,0,1,0,2,1,1,MK640852_A_China_44381_2013
309,EPI417234_A_Victoria_361_2011,Vic11,2013,5,7,0,0,7,0,0,1,7,3,6,1,1,1,1,1,2,1,1,KT888276_A_Taipei_1514A02605215N_2013
310,EPI417234_A_Victoria_361_2011,Vic11,2013,5,7,0,0,7,1,0,1,7,3,6,1,1,1,1,1,2,1,1,KT888277_A_Taipei_1514A02605215T_2013
311,EPI417234_A_Victoria_361_2011,Vic11,2013,12,6,1,0,8,0,8,7,6,8,7,0,6,0,5,0,2,2,2,EPI614441_A_Switzerland_9715293_2013
312,EPI417234_A_Victoria_361_2011,Vic11,2013,12,29,0,2,9,2,7,0,7,6,8,1,1,1,3,0,2,2,1,MK640853_A_China_51045_2013
313,EPI417234_A_Victoria_361_2011,Vic11,2014,1,14,0,0,11,2,14,1,10,7,6,0,18,6,4,0,9,2,1,LC032990_A_Hokkaido_13H009_2014
314,EPI417234_A_Victoria_361_2011,Vic11,2014,1,31,0,0,9,1,8,6,7,8,8,0,4,0,5,0,2,3,2,LC033126_A_Niigata_13F024_2014
315,EPI417234_A_Victoria_361_2011,Vic11,2014,1,30,0,2,10,0,5,2,7,5,14,1,5,1,0,0,3,2,0,LC033326_A_Nagasaki_13N046_2014
316,EPI417234_A_Victoria_361_2011,Vic11,2014,1,13,0,0,8,3,6,0,4,5,6,1,2,0,3,1,1,1,1,LC033310_A_Nagasaki_13N007_2014
317,EPI417234_A_Victoria_361_2011,Vic11,2014,1,2,0,1,5,2,5,2,3,5,7,1,0,2,5,0,2,1,0,LC033302_A_Nagasaki_13N004_2014
318,EPI417234_A_Victoria_361_2011,Vic11,2014,1,6,0,1,9,2,9,1,6,5,8,1,0,0,1,0,3,3,1,MK640854_A_China_51323_2014
319,EPI417234_A_Victoria_361_2011,Vic11,2014,1,6,0,1,7,3,6,0,8,5,8,0,3,0,1,0,1,2,3,MK640855_A_China_51340_2014
320,EPI417234_A_Victoria_361_2011,Vic11,2014,2,5,0,0,14,1,15,2,11,6,6,0,20,4,4,1,10,3,0,LC032870_A_Kyoto_13K025_2014
321,EPI417234_A_Victoria_361_2011,Vic11,2014,2,13,0,0,7,2,7,2,6,5,6,1,1,2,2,0,1,2,1,LC032886_A_Kyoto_13K054_2014
322,EPI417234_A_Victoria_361_2011,Vic11,2014,3,3,0,2,5,1,4,3,8,4,12,1,3,11,3,1,6,3,1,LC033134_A_Niigata_13F335_2014
323,EPI417234_A_Victoria_361_2011,Vic11,2014,5,8,0,0,11,1,9,5,6,8,8,0,6,3,6,1,4,3,2,MK640856_A_China_55254_2014
324,EPI417234_A_Victoria_361_2011,Vic11,2014,5,13,1,0,10,0,9,6,7,9,10,0,4,1,9,0,5,2,2,MK640857_A_China_55312_2014
325,EPI417234_A_Victoria_361_2011,Vic11,2014,8,13,0,1,17,3,20,2,16,8,12,0,19,6,11,1,9,2,1,KR057629_A_Hawaii_39_2014
326,EPI417234_A_Victoria_361_2011,Vic11,2014,8,8,0,1,13,3,2,2,13,12,7,1,10,1,3,0,4,2,1,KR057691_A_California_18_2014
327,EPI417234_A_Victoria_361_2011,Vic11,2014,9,4,0,0,15,0,5,3,11,10,10,0,5,1,3,0,3,2,2,KT837113_A_California_19_2014
328,EPI417234_A_Victoria_361_2011,Vic11,2014,10,4,0,2,10,0,5,2,11,9,11,0,4,1,3,0,2,3,3,KT837844_A_Colorado_15_2014
329,EPI417234_A_Victoria_361_2011,Vic11,2014,10,14,0,3,11,0,7,4,11,10,11,1,9,2,0,0,4,1,1,KT837873_A_Mississippi_05_2014
330,EPI417234_A_Victoria_361_2011,Vic11,2014,10,14,0,4,12,0,7,2,9,9,10,0,7,2,0,0,2,4,1,KT838103_A_Maryland_28_2014
331,EPI417234_A_Victoria_361_2011,Vic11,2014,10,18,1,2,8,0,5,2,9,9,9,1,4,4,1,0,2,2,1,KT838296_A_Minnesota_28_2014
332,EPI417234_A_Victoria_361_2011,Vic11,2014,10,21,0,3,10,1,18,2,15,11,8,1,20,3,6,0,4,2,1,KT838328_A_Louisiana_11_2014
333,EPI417234_A_Victoria_361_2011,Vic11,2014,10,4,0,0,10,1,12,5,8,8,9,0,7,3,6,1,4,2,1,KY681484_A_Saudi_Arabia_07_2014
334,EPI417234_A_Victoria_361_2011,Vic11,2014,11,10,0,2,13,0,5,3,11,9,13,1,7,2,0,0,4,1,1,CY207882_A_New_York_WC_LVD_14_097_2014
335,EPI417234_A_Victoria_361_2011,Vic11,2014,11,20,0,2,10,0,5,2,10,10,10,1,4,1,0,0,3,2,3,KT838891_A_Georgia_04_2014
336,EPI417234_A_Victoria_361_2011,Vic11,2014,11,18,0,2,9,1,16,1,17,13,9,2,20,3,6,0,5,5,1,KT838993_A_Missouri_11_2014
337,EPI417234_A_Victoria_361_2011,Vic11,2014,11,3,1,2,9,0,4,2,8,11,11,0,4,1,4,1,3,1,1,KT839062_A_Texas_62_2014
338,EPI417234_A_Victoria_361_2011,Vic11,2014,11,28,0,1,17,0,5,2,13,11,8,0,5,2,3,1,3,3,3,KT839395_A_Pennsylvania_49_2014
339,EPI417234_A_Victoria_361_2011,Vic11,2014,11,14,0,0,12,1,10,6,6,9,9,1,3,1,8,0,3,2,2,MK640859_A_China_59100_2014
340,EPI417234_A_Victoria_361_2011,Vic11,2014,12,3,0,2,10,0,7,2,11,10,14,1,5,3,1,0,2,1,2,CY207362_A_New_York_WC_LVD_14_073_2014
341,EPI417234_A_Victoria_361_2011,Vic11,2014,12,26,0,1,9,0,11,6,9,9,11,1,7,4,7,0,2,4,0,CY207634_A_New_York_WC_LVD_14_094_2014
342,EPI417234_A_Victoria_361_2011,Vic11,2014,12,4,0,2,11,1,7,4,10,10,11,1,7,2,6,2,4,1,4,KT839657_A_Alabama_10_2014
343,EPI417234_A_Victoria_361_2011,Vic11,2014,12,9,0,2,8,0,5,2,11,10,11,0,5,2,2,0,4,1,2,KT840076_A_Tennessee_15_2014
344,EPI417234_A_Victoria_361_2011,Vic11,2014,12,5,0,3,9,1,5,2,11,9,10,1,5,2,3,0,3,1,4,KT840285_A_Virginia_37_2014
345,EPI417234_A_Victoria_361_2011,Vic11,2014,12,14,0,2,9,0,8,2,11,9,13,1,5,3,2,0,2,1,2,KT840798_A_Massachusetts_23_2014
346,EPI417234_A_Victoria_361_2011,Vic11,2014,12,23,0,2,19,3,16,1,15,12,8,1,20,7,6,1,8,2,1,KT840865_A_Washington_60_2014
347,EPI417234_A_Victoria_361_2011,Vic11,2014,12,23,0,2,11,0,8,2,8,9,14,1,6,3,1,1,3,2,3,KT841078_A_California_43_2014
348,EPI417234_A_Victoria_361_2011,Vic11,2014,12,25,0,2,10,0,5,2,12,11,11,1,4,2,1,0,3,2,2,KY487521_A_Columbia_P0079_2014
349,EPI417234_A_Victoria_361_2011,Vic11,2014,12,27,0,4,8,0,8,3,9,9,10,1,5,1,3,0,4,5,5,KY615536_A_Columbia_P0112_2014
350,EPI417234_A_Victoria_361_2011,Vic11,2014,12,9,0,2,15,3,12,7,6,11,13,0,8,3,7,1,4,2,1,MK640865_A_China_60938_2014
351,EPI417234_A_Victoria_361_2011,Vic11,2014,12,9,0,1,14,0,12,5,9,10,12,0,6,1,9,0,2,2,2,MK640867_A_China_J7525_2014
352,EPI417234_A_Victoria_361_2011,Vic11,2014,12,9,0,1,15,0,15,7,11,11,11,0,7,3,5,1,4,3,0,MK640868_A_China_J7506_2014
353,EPI417234_A_Victoria_361_2011,Vic11,2014,12,11,0,1,12,0,13,6,8,9,9,0,8,2,8,0,3,2,2,MK640871_A_China_60701_2014
354,EPI417234_A_Victoria_361_2011,Vic11,2014,12,16,0,1,14,1,9,5,8,8,10,0,7,0,9,0,3,2,1,MK640877_A_China_61248_2014
355,EPI417234_A_Victoria_361_2011,Vic11,2014,12,18,0,2,12,1,7,2,10,10,9,0,4,2,2,1,3,1,1,MK640878_A_China_61391_2014
356,EPI417234_A_Victoria_361_2011,Vic11,2014,12,18,0,1,10,1,11,5,8,13,10,0,7,2,7,1,2,4,1,MK640879_A_China_61007_2014
357,EPI417234_A_Victoria_361_2011,Vic11,2014,12,18,0,0,11,0,15,8,12,9,11,0,5,2,7,1,3,2,1,MK640881_A_China_60736_2014
358,EPI417234_A_Victoria_361_2011,Vic11,2014,12,18,0,0,12,0,10,8,11,9,12,1,7,4,7,1,2,2,2,MK640882_A_China_60786_2014
359,EPI417234_A_Victoria_361_2011,Vic11,2014,12,18,0,1,12,0,12,5,10,8,10,1,6,1,6,1,3,2,2,MK640885_A_China_61309_2014
360,EPI417234_A_Victoria_361_2011,Vic11,2014,12,19,0,0,16,2,13,5,11,10,11,1,6,2,5,2,4,2,1,MK640887_A_China_61520_2014
361,EPI417234_A_Victoria_361_2011,Vic11,2014,12,23,0,2,14,2,12,4,11,11,15,0,7,1,9,0,5,3,1,MK640892_A_China_61481_2014
362,EPI417234_A_Victoria_361_2011,Vic11,2015,1,24,0,2,10,0,6,3,9,11,11,0,6,1,0,0,3,1,1,KT835748_A_Maryland_02_2015
363,EPI417234_A_Victoria_361_2011,Vic11,2015,1,20,0,2,9,1,17,2,17,11,9,1,20,3,6,2,6,4,2,KT835964_A_California_20_2015
364,EPI417234_A_Victoria_361_2011,Vic11,2015,1,25,0,4,8,0,9,2,8,9,11,1,7,1,1,0,3,1,5,KT836015_A_North_Carolina_25_2015
365,EPI417234_A_Victoria_361_2011,Vic11,2015,1,20,0,2,12,0,6,2,10,10,10,0,5,2,4,0,4,2,3,KT836198_A_North_Carolina_03_2015
366,EPI417234_A_Victoria_361_2011,Vic11,2015,1,25,0,2,13,0,7,2,10,10,13,0,6,1,4,0,2,2,3,KT836316_A_West_Virginia_07_2015
367,EPI417234_A_Victoria_361_2011,Vic11,2015,1,30,0,2,12,1,5,4,12,10,13,1,9,2,0,1,6,1,1,KT836426_A_Iowa_12_2015
368,EPI417234_A_Victoria_361_2011,Vic11,2015,1,7,0,2,9,1,17,1,17,11,8,1,19,4,7,0,6,2,2,KT841228_A_North_Carolina_06_2015
369,EPI417234_A_Victoria_361_2011,Vic11,2015,1,7,0,2,9,0,9,2,9,9,15,1,7,4,1,0,2,1,2,KT841571_A_Rhode_Island_05_2015
370,EPI417234_A_Victoria_361_2011,Vic11,2015,1,5,0,2,12,0,6,2,10,9,10,0,4,2,3,0,3,2,3,KT841585_A_South_Dakota_01_2015
371,EPI417234_A_Victoria_361_2011,Vic11,2015,1,1,0,2,15,0,8,2,15,11,10,0,4,1,4,0,3,3,3,KT841691_A_Kentucky_01_2015
372,EPI417234_A_Victoria_361_2011,Vic11,2015,1,6,0,2,10,0,6,3,12,9,11,1,5,3,5,0,3,2,3,KT841712_A_Wisconsin_02_2015
373,EPI417234_A_Victoria_361_2011,Vic11,2015,1,27,0,0,12,0,11,5,8,11,16,0,6,1,10,0,2,2,1,MK640894_A_China_62885_2015
374,EPI417234_A_Victoria_361_2011,Vic11,2015,1,27,0,0,11,1,15,6,7,11,14,1,6,2,6,0,5,2,2,MK640895_A_China_62889_2015
375,EPI417234_A_Victoria_361_2011,Vic11,2015,1,27,0,1,16,2,13,8,8,10,16,0,7,2,6,1,2,3,2,MK640896_A_China_62895_2015
376,EPI417234_A_Victoria_361_2011,Vic11,2015,2,17,0,2,10,1,7,4,13,11,16,1,6,1,2,0,3,5,2,KT842043_A_Indiana_13_2015
377,EPI417234_A_Victoria_361_2011,Vic11,2015,2,6,0,4,9,0,8,3,13,9,14,1,6,3,3,1,4,2,3,KT842079_A_Pennsylvania_05_2015
378,EPI417234_A_Victoria_361_2011,Vic11,2015,2,23,0,2,11,0,5,2,13,9,12,1,6,2,1,0,3,3,2,KT842218_A_Delaware_18_2015
379,EPI417234_A_Victoria_361_2011,Vic11,2015,2,17,1,0,15,1,14,6,14,10,11,1,8,5,8,0,5,4,1,MK640897_A_China_63513_2015
380,EPI417234_A_Victoria_361_2011,Vic11,2015,3,14,1,2,11,1,5,2,12,9,10,1,6,5,4,0,3,3,1,KT842837_A_South_Dakota_35_2015
381,EPI417234_A_Victoria_361_2011,Vic11,2015,3,8,0,2,7,0,13,2,11,11,11,0,7,2,4,0,3,1,4,KT842864_A_North_Dakota_06_2015
382,EPI417234_A_Victoria_361_2011,Vic11,2015,5,10,0,3,12,0,7,2,9,14,11,1,4,2,4,1,4,1,1,KT844048_A_Washington_36_2015
383,EPI417234_A_Victoria_361_2011,Vic11,2015,6,14,0,2,14,0,10,3,14,10,18,1,8,3,6,0,2,2,2,KT843646_A_Alaska_26_2015
384,EPI417234_A_Victoria_361_2011,Vic11,2015,6,26,1,2,11,1,9,2,12,9,16,0,7,3,1,0,3,1,2,KT844075_A_Alaska_69_2015
385,EPI417234_A_Victoria_361_2011,Vic11,2015,7,30,0,2,11,1,10,2,12,9,17,0,8,3,1,0,3,1,2,KT843589_A_Iowa_34_2015
386,EPI417234_A_Victoria_361_2011,Vic11,2015,7,30,0,2,11,1,10,2,12,9,18,1,8,3,1,0,3,1,2,KT844012_A_Iowa_28_2015
387,EPI417234_A_Victoria_361_2011,Vic11,2015,7,22,1,3,10,0,11,3,14,11,13,0,7,5,5,1,2,1,2,MK640899_A_China_66886_2015
388,EPI417234_A_Victoria_361_2011,Vic11,2015,8,17,1,2,9,1,13,2,11,10,14,1,6,3,4,0,2,2,3,KT843896_A_Ohio_26_2015
389,EPI417234_A_Victoria_361_2011,Vic11,2015,8,24,0,2,18,0,9,3,15,10,15,1,6,4,3,0,4,1,3,MK640901_A_China_67013_2015
390,EPI417234_A_Victoria_361_2011,Vic11,2015,9,14,1,3,11,0,10,3,11,12,13,1,4,1,6,1,4,3,3,KU589864_A_New_Hampshire_40_2015
391,EPI417234_A_Victoria_361_2011,Vic11,2015,9,17,0,4,13,2,9,2,10,10,18,1,9,3,1,0,3,1,2,KU590701_A_Ohio_28_2015
392,EPI417234_A_Victoria_361_2011,Vic11,2015,9,9,1,3,12,0,12,2,14,12,15,1,7,5,3,0,2,3,3,KY116931_A_Alaska_232_2015
393,EPI417234_A_Victoria_361_2011,Vic11,2015,9,14,1,8,12,2,17,3,10,10,14,0,19,5,4,0,3,8,7,KY509828_A_Seoul_1595_2015
394,EPI417234_A_Victoria_361_2011,Vic11,2015,9,25,0,2,11,0,9,2,11,9,17,1,9,4,2,0,2,2,2,KY681500_A_Saudi_Arabia_28_2015
395,EPI614441_A_Switzerland_9715293_2013,Swtz13,2015,10,19,1,3,16,0,19,7,20,16,16,2,16,7,11,0,4,3,4,EPI686117_A_Hong_Kong_15611_2015
396,EPI614441_A_Switzerland_9715293_2013,Swtz13,2015,10,5,0,2,18,0,14,9,17,16,16,1,13,6,12,1,7,2,4,KU591160_A_Hawaii_68_2015
397,EPI614441_A_Switzerland_9715293_2013,Swtz13,2015,10,9,0,3,19,0,20,7,21,15,13,1,19,6,11,0,5,2,5,KU592163_A_Hawaii_74_2015
398,EPI614441_A_Switzerland_9715293_2013,Swtz13,2015,10,13,0,3,18,0,18,7,17,15,19,1,14,6,8,0,4,2,4,KU592184_A_South_Dakota_39_2015
399,EPI614441_A_Switzerland_9715293_2013,Swtz13,2015,10,22,0,3,19,1,15,8,20,19,16,1,12,4,13,2,5,2,5,KX412042_A_Iowa_45_2015
400,EPI614441_A_Switzerland_9715293_2013,Swtz13,2015,12,24,0,5,20,0,19,7,16,16,16,2,15,4,8,0,6,3,6,KY615571_A_Taipei_0011_2015
401,EPI614441_A_Switzerland_9715293_2013,Swtz13,2015,12,25,0,3,22,0,21,7,21,16,18,2,16,7,13,0,5,1,5,MK640903_A_China_70219_2015
402,EPI614441_A_Switzerland_9715293_2013,Swtz13,2016,1,19,0,2,20,1,15,8,21,15,13,1,15,6,9,0,5,2,6,KX414582_A_Washington_26_2016
403,EPI614441_A_Switzerland_9715293_2013,Swtz13,2016,1,12,0,5,20,1,20,8,19,15,18,1,14,8,8,1,7,2,4,KX916993_A_California_12_2016
404,EPI614441_A_Switzerland_9715293_2013,Swtz13,2016,1,5,1,4,16,0,21,7,20,18,17,2,16,9,11,0,4,6,7,KY487603_A_Taipei_0020_2016
405,EPI614441_A_Switzerland_9715293_2013,Swtz13,2016,1,26,0,4,20,2,22,8,25,14,15,2,16,8,16,0,6,1,5,KY487612_A_Linkou_0081_2016
406,EPI614441_A_Switzerland_9715293_2013,Swtz13,2016,1,18,0,5,1,1,10,1,7,2,4,3,26,9,10,3,15,2,3,KY509826_A_Chungbuk_107_2016
407,EPI614441_A_Switzerland_9715293_2013,Swtz13,2016,1,15,0,2,20,2,19,7,25,15,16,1,16,8,11,0,5,2,5,KY615384_A_Keelung_0026_2016
408,EPI614441_A_Switzerland_9715293_2013,Swtz13,2016,1,25,1,3,18,0,20,7,23,16,18,2,18,8,10,0,5,3,5,MK640906_A_China_71516_2016
409,EPI614441_A_Switzerland_9715293_2013,Swtz13,2016,2,29,0,3,22,0,15,8,18,16,15,1,16,7,11,1,5,1,6,KX416429_A_Hawaii_28_2016
410,EPI614441_A_Switzerland_9715293_2013,Swtz13,2016,2,22,0,7,2,1,6,3,11,15,18,2,16,13,10,1,12,7,6,KY509827_A_Gyeonggi_458_2016
411,EPI614441_A_Switzerland_9715293_2013,Swtz13,2016,3,6,0,1,30,0,13,6,16,2,9,2,11,9,15,1,12,4,4,KX413283_A_Georgia_40_2016
412,EPI614441_A_Switzerland_9715293_2013,Swtz13,2016,3,14,0,2,20,1,21,7,23,16,12,2,19,7,9,0,9,3,5,KX416117_A_Washington_47_2016
413,EPI614441_A_Switzerland_9715293_2013,Swtz13,2016,4,12,1,2,31,2,14,6,16,4,6,2,14,7,14,1,13,3,3,KX416829_A_Washington_55_2016
414,EPI614441_A_Switzerland_9715293_2013,Swtz13,2016,4,22,0,1,32,1,16,6,16,5,7,1,11,8,13,2,11,2,2,KX417005_A_Texas_136_2016
415,EPI614441_A_Switzerland_9715293_2013,Swtz13,2016,4,25,0,1,30,1,16,7,19,3,9,2,12,9,17,1,12,5,5,KX918281_A_Kentucky_26_2016
416,EPI614441_A_Switzerland_9715293_2013,Swtz13,2016,5,4,1,3,20,1,22,7,24,19,22,2,17,7,12,0,6,3,4,CY264049_A_Arizona_67_2016
417,EPI614441_A_Switzerland_9715293_2013,Swtz13,2016,8,31,0,2,18,0,19,10,25,19,15,1,19,6,11,0,5,2,7,CY208845_A_Texas_182_2016
418,EPI614441_A_Switzerland_9715293_2013,Swtz13,2016,9,19,1,2,17,0,17,8,25,20,14,1,18,6,12,0,5,2,8,KY115915_A_Nebraska_24_2016
419,EPI614441_A_Switzerland_9715293_2013,Swtz13,2016,9,14,1,3,24,2,26,9,37,18,22,2,18,8,12,2,7,4,9,MG984174_A_Shanghai_1_2016
420,EPI686117_A_Hong_Kong_15611_2015,HK15,2016,10,5,0,0,7,0,1,3,3,3,2,1,1,2,0,0,1,0,2,CY211583_A_California_129_2016
421,EPI686117_A_Hong_Kong_15611_2015,HK15,2016,10,25,0,1,8,0,10,1,14,10,9,1,8,3,6,0,1,3,4,CY213847_A_Minnesota_76_2016
422,EPI686117_A_Hong_Kong_15611_2015,HK15,2016,11,22,0,0,7,0,5,1,4,3,2,0,2,1,1,0,2,0,1,CY210604_A_Idaho_41_2016
423,EPI686117_A_Hong_Kong_15611_2015,HK15,2016,11,30,0,0,7,0,7,0,5,1,2,0,3,2,1,0,0,0,1,KY949700_A_Keelung_0082_2016
424,EPI686117_A_Hong_Kong_15611_2015,HK15,2016,12,13,0,0,8,1,5,0,7,3,4,0,2,2,3,0,0,0,2,CY212887_A_California_184_2016
425,EPI686117_A_Hong_Kong_15611_2015,HK15,2016,12,19,0,1,9,1,5,0,7,0,3,0,5,2,0,0,1,1,4,CY214479_A_Maryland_31_2016
426,EPI686117_A_Hong_Kong_15611_2015,HK15,2016,12,31,0,0,7,2,4,1,3,2,4,1,1,1,1,1,2,0,3,CY214879_A_California_214_2016
427,EPI686117_A_Hong_Kong_15611_2015,HK15,2016,12,26,0,4,12,1,13,0,3,3,5,1,0,3,7,0,3,3,2,KY950051_A_Linkou_0186_2016
428,EPI686117_A_Hong_Kong_15611_2015,HK15,2016,12,27,0,0,8,2,2,0,4,3,5,0,1,2,5,0,2,0,1,MN304051_A_Basel_USB003343_1_2016
429,EPI686117_A_Hong_Kong_15611_2015,HK15,2016,12,30,0,0,9,0,3,0,6,1,0,0,3,3,2,0,1,2,3,MN304056_A_Basel_USB003348_1_2016
430,EPI686117_A_Hong_Kong_15611_2015,HK15,2016,12,27,0,1,10,1,3,2,4,3,3,0,4,3,3,0,0,2,2,MN304664_A_Basel_USB001538_1_2016
431,EPI686117_A_Hong_Kong_15611_2015,HK15,2016,12,27,0,2,7,1,5,2,5,3,5,0,6,1,5,0,3,1,2,MN304668_A_Basel_USB002128_1_2016
432,EPI686117_A_Hong_Kong_15611_2015,HK15,2016,12,27,0,1,9,1,3,2,4,3,3,1,4,3,3,0,0,1,1,MN304672_A_Basel_USB002199_1_2016
433,EPI686117_A_Hong_Kong_15611_2015,HK15,2016,12,28,0,0,9,0,5,0,6,1,3,1,3,3,3,0,2,2,0,MN304679_A_Basel_USB002138_1_2016
434,EPI686117_A_Hong_Kong_15611_2015,HK15,2016,12,29,0,0,8,2,5,0,8,3,6,0,4,1,5,0,4,0,2,MN304682_A_Basel_USB001546_1_2016
435,EPI686117_A_Hong_Kong_15611_2015,HK15,2016,12,29,0,0,8,3,5,0,8,3,6,0,4,2,5,0,5,0,2,MN304690_A_Basel_USB002178_1_2016
436,EPI686117_A_Hong_Kong_15611_2015,HK15,2016,12,31,0,0,6,2,5,2,3,2,4,0,1,5,0,1,2,0,1,MN304704_A_Basel_USB001552_1_2016
437,EPI686117_A_Hong_Kong_15611_2015,HK15,2016,12,31,0,0,8,3,1,0,4,3,3,0,2,2,0,0,1,0,2,MN304711_A_Basel_USB001562_1_2016
438,EPI686117_A_Hong_Kong_15611_2015,HK15,2016,12,14,0,5,36,1,34,7,29,20,24,2,18,12,14,1,9,7,8,CY212895_A_California_187_2016
439,EPI686117_A_Hong_Kong_15611_2015,HK15,2016,12,8,0,0,7,0,5,2,18,8,5,0,2,1,2,1,2,1,3,CY212631_A_Nevada_55_2016
440,EPI686117_A_Hong_Kong_15611_2015,HK15,2016,12,7,0,2,9,0,10,1,14,10,11,1,8,3,6,0,1,3,6,CY214207_A_Hawaii_103_2016
441,EPI686117_A_Hong_Kong_15611_2015,HK15,2016,12,12,0,4,12,0,8,1,12,8,12,3,7,7,10,0,3,5,0,KY949675_A_Linkou_0175_2016
442,EPI686117_A_Hong_Kong_15611_2015,HK15,2016,12,30,0,4,14,0,8,1,13,8,12,3,7,7,10,0,4,4,0,KY949682_A_Linkou_0191_2016
443,EPI686117_A_Hong_Kong_15611_2015,HK15,2016,12,27,0,0,4,0,4,1,19,7,6,0,3,1,2,1,2,0,2,KY949699_A_Linkou_0187_2016
444,EPI686117_A_Hong_Kong_15611_2015,HK15,2016,12,6,0,0,8,0,7,0,6,2,1,0,3,3,0,0,0,0,1,KY949766_A_Taipei_0088_2016
445,EPI686117_A_Hong_Kong_15611_2015,HK15,2016,12,20,0,1,7,1,5,0,5,1,1,0,2,2,1,0,0,0,2,KY949786_A_Keelung_0097_2016
446,EPI686117_A_Hong_Kong_15611_2015,HK15,2016,12,19,0,0,12,2,3,1,8,2,2,0,5,2,3,0,0,0,1,KY949826_A_Taipei_0092_2016
447,EPI686117_A_Hong_Kong_15611_2015,HK15,2016,12,8,0,1,7,2,9,2,10,6,8,2,4,4,1,0,3,4,1,KY949862_A_Keelung_0089_2016
448,EPI686117_A_Hong_Kong_15611_2015,HK15,2016,12,21,0,0,7,1,5,0,5,1,1,0,2,2,1,0,0,0,1,KY949934_A_Keelung_0099_2016
449,EPI686117_A_Hong_Kong_15611_2015,HK15,2016,12,2,0,1,8,0,4,0,6,1,1,0,2,2,0,0,0,1,1,KY949967_A_Linkou_0169_2016
450,EPI686117_A_Hong_Kong_15611_2015,HK15,2016,12,21,0,3,11,1,10,1,12,7,10,3,7,7,8,0,4,4,0,KY950096_A_Linkou_0181_2016
451,EPI686117_A_Hong_Kong_15611_2015,HK15,2016,12,14,0,0,7,1,5,0,5,1,2,0,2,2,2,0,1,0,1,KY950133_A_Keelung_0095_2016
452,EPI686117_A_Hong_Kong_15611_2015,HK15,2016,12,24,0,3,11,1,11,0,9,9,13,2,6,7,9,0,4,4,1,KY950211_A_Linkou_0185_2016
453,EPI686117_A_Hong_Kong_15611_2015,HK15,2016,12,17,0,4,16,2,18,0,10,6,11,2,8,4,12,0,4,4,1,MF736980_A_Vologda_CRIE_172_2016
454,EPI686117_A_Hong_Kong_15611_2015,HK15,2016,12,11,0,3,11,0,12,0,10,8,11,3,10,8,9,0,4,4,1,MG856322_A_Karachay_Cherkess_CRIE_296_2016
455,EPI686117_A_Hong_Kong_15611_2015,HK15,2016,12,30,0,0,10,2,7,1,16,8,9,0,4,3,2,1,2,1,2,MG984518_A_Shanghai_7_2016
456,EPI686117_A_Hong_Kong_15611_2015,HK15,2016,12,6,0,0,6,2,8,2,11,6,7,2,8,3,1,0,4,2,3,MK640910_A_China_80241_2016
457,EPI686117_A_Hong_Kong_15611_2015,HK15,2016,12,10,0,0,9,2,4,0,5,1,2,0,3,2,2,0,0,0,1,MN304604_A_Basel_USB002047_1_2016
458,EPI686117_A_Hong_Kong_15611_2015,HK15,2016,12,24,0,0,4,0,7,1,19,7,8,0,1,2,2,1,2,0,3,MN304638_A_Basel_USB002088_1_2016
459,EPI686117_A_Hong_Kong_15611_2015,HK15,2016,12,25,0,5,13,1,15,0,10,6,11,3,8,6,12,0,4,5,3,MN304643_A_Basel_USB002097_1_2016
460,EPI686117_A_Hong_Kong_15611_2015,HK15,2016,12,25,0,0,4,0,7,1,19,8,8,0,1,2,2,1,2,0,3,MN304651_A_Basel_USB002098_1_2016
461,EPI686117_A_Hong_Kong_15611_2015,HK15,2016,12,26,0,5,13,1,15,0,10,6,11,3,8,7,12,0,4,4,2,MN304652_A_Basel_USB001532_1_2016
462,EPI686117_A_Hong_Kong_15611_2015,HK15,2016,12,27,0,2,10,1,7,1,18,7,5,0,2,2,3,1,2,0,3,MN304663_A_Basel_USB001539_1_2016
463,EPI686117_A_Hong_Kong_15611_2015,HK15,2016,12,27,0,0,5,0,7,1,19,7,9,0,1,2,2,1,2,0,4,MN304667_A_Basel_USB001537_1_2016
464,EPI686117_A_Hong_Kong_15611_2015,HK15,2016,12,29,0,5,13,1,15,0,11,6,11,3,8,6,12,0,4,4,2,MN304687_A_Basel_USB002180_1_2016
465,EPI686117_A_Hong_Kong_15611_2015,HK15,2017,1,3,0,2,7,0,3,1,8,1,1,0,2,3,0,2,1,0,0,CY214567_A_West_Virginia_01_2017
466,EPI686117_A_Hong_Kong_15611_2015,HK15,2017,1,13,0,1,11,0,4,1,4,5,5,0,0,2,5,0,3,1,0,CY218123_A_Wisconsin_08_2017
467,EPI686117_A_Hong_Kong_15611_2015,HK15,2017,1,31,0,0,10,0,8,1,18,7,8,1,3,3,2,2,2,0,3,CY220132_A_Texas_32_2017
468,EPI686117_A_Hong_Kong_15611_2015,HK15,2017,1,30,0,0,9,1,4,1,7,2,5,0,4,2,1,1,1,1,6,CY220180_A_New_Jersey_07_2017
469,EPI686117_A_Hong_Kong_15611_2015,HK15,2017,1,31,0,0,6,0,5,0,5,3,6,0,4,3,1,1,0,1,1,CY223691_A_Maryland_10_2017
470,EPI686117_A_Hong_Kong_15611_2015,HK15,2017,1,31,0,0,8,2,5,0,5,4,4,1,3,3,2,0,2,0,1,CY224883_A_Arizona_06_2017
471,EPI686117_A_Hong_Kong_15611_2015,HK15,2017,1,7,0,1,7,1,7,2,17,8,5,0,3,1,2,2,3,0,3,CY242099_A_Florida_29_2017
472,EPI686117_A_Hong_Kong_15611_2015,HK15,2017,1,20,0,2,14,2,14,0,8,6,8,2,1,3,9,1,4,3,2,MF783012_A_Rochester_U029_2017
473,EPI686117_A_Hong_Kong_15611_2015,HK15,2017,1,10,0,0,6,1,6,1,17,1,3,0,4,3,1,1,2,1,3,MG984182_A_Shanghai_10_2017
474,EPI686117_A_Hong_Kong_15611_2015,HK15,2017,1,11,0,0,8,1,6,1,18,7,8,0,3,3,1,2,2,0,1,MG984190_A_Shanghai_11_2017
475,EPI686117_A_Hong_Kong_15611_2015,HK15,2017,1,13,0,0,6,1,6,1,17,7,8,0,4,3,2,1,2,0,1,MG984198_A_Shanghai_12_2017
476,EPI686117_A_Hong_Kong_15611_2015,HK15,2017,1,22,0,0,7,2,4,2,16,8,9,0,3,4,2,1,3,1,2,MG984222_A_Shanghai_15_2017
477,EPI686117_A_Hong_Kong_15611_2015,HK15,2017,1,25,0,0,10,1,6,1,16,9,8,0,4,6,2,0,3,1,5,MG984230_A_Shanghai_16_2017
478,EPI686117_A_Hong_Kong_15611_2015,HK15,2017,1,25,0,0,6,1,6,2,19,8,9,0,2,5,2,0,3,2,4,MG984238_A_Shanghai_17_2017
479,EPI686117_A_Hong_Kong_15611_2015,HK15,2017,1,26,0,0,8,0,6,1,17,8,9,1,1,3,1,0,1,2,4,MG984246_A_Shanghai_18_2017
480,EPI686117_A_Hong_Kong_15611_2015,HK15,2017,1,31,0,0,10,0,6,1,18,7,7,1,2,4,3,1,2,1,3,MG984254_A_Shanghai_19_2017
481,EPI686117_A_Hong_Kong_15611_2015,HK15,2017,1,16,0,0,7,0,4,0,9,1,0,1,4,3,1,0,1,0,0,MH637557_A_Keelung_0113_2017
482,EPI686117_A_Hong_Kong_15611_2015,HK15,2017,1,17,0,2,9,4,8,0,4,4,8,0,3,2,0,1,2,1,3,MH637752_A_Linkou_0206_2017
483,EPI686117_A_Hong_Kong_15611_2015,HK15,2017,1,4,0,0,6,0,6,2,20,7,8,0,1,2,4,1,2,0,3,MK640913_A_China_81105_2017
484,EPI686117_A_Hong_Kong_15611_2015,HK15,2017,1,5,0,1,7,1,6,2,17,8,10,0,2,3,3,1,2,0,2,MK640914_A_China_81129_2017
485,EPI686117_A_Hong_Kong_15611_2015,HK15,2017,1,13,0,0,9,0,6,0,6,1,3,1,3,3,3,0,2,2,0,MN304081_A_Basel_USB003378_1_2017
486,EPI686117_A_Hong_Kong_15611_2015,HK15,2017,1,2,0,5,13,1,16,0,10,6,11,3,8,7,12,0,4,4,2,MN304158_A_Basel_USB001568_1_2017
487,EPI686117_A_Hong_Kong_15611_2015,HK15,2017,1,2,0,0,10,2,4,1,5,1,1,0,3,2,3,0,0,0,1,MN304160_A_Basel_USB002230_1_2017
488,EPI686117_A_Hong_Kong_15611_2015,HK15,2017,1,3,0,0,8,0,6,1,17,7,6,1,3,1,4,1,2,1,2,MN304174_A_Basel_USB001581_1_2017
489,EPI686117_A_Hong_Kong_15611_2015,HK15,2017,1,4,0,4,14,1,15,0,10,6,11,3,8,6,12,0,4,4,2,MN304184_A_Basel_USB001592_1_2017
490,EPI686117_A_Hong_Kong_15611_2015,HK15,2017,1,4,0,1,12,1,5,0,5,0,4,0,0,1,0,0,1,1,5,MN304199_A_Basel_USB001639_1_2017
491,EPI686117_A_Hong_Kong_15611_2015,HK15,2017,1,4,0,4,14,2,16,0,10,6,11,3,8,7,12,0,4,4,2,MN304202_A_Basel_USB002304_1_2017
492,EPI686117_A_Hong_Kong_15611_2015,HK15,2017,1,4,0,0,8,2,6,0,7,3,6,0,4,2,5,0,4,0,3,MN304206_A_Basel_USB001584_1_2017
493,EPI686117_A_Hong_Kong_15611_2015,HK15,2017,1,6,0,1,9,1,4,1,4,5,4,2,4,3,2,0,1,0,2,MN304230_A_Basel_USB002323_1_2017
494,EPI686117_A_Hong_Kong_15611_2015,HK15,2017,1,7,0,1,8,0,6,2,18,7,6,1,3,1,4,1,2,1,2,MN304260_A_Basel_USB002443_1_2017
495,EPI686117_A_Hong_Kong_15611_2015,HK15,2017,1,9,0,5,13,1,15,0,10,6,11,3,8,6,12,0,4,4,2,MN304284_A_Basel_USB002561_1_2017
496,EPI686117_A_Hong_Kong_15611_2015,HK15,2017,1,10,0,0,7,0,6,1,7,3,5,0,2,2,2,0,4,1,2,MN304303_A_Basel_USB002594_1_2017
497,EPI686117_A_Hong_Kong_15611_2015,HK15,2017,1,13,0,4,14,1,15.5,0,10,6,11,3,8,7,12,0,4,4,2,MN304347_A_Basel_USB002671_1_2017
498,EPI686117_A_Hong_Kong_15611_2015,HK15,2017,1,17,0,0,8,0,4,1,7,3,5,0,2,2,2,0,4,1,3,MN304376_A_Basel_USB002722_1_2017
499,EPI686117_A_Hong_Kong_15611_2015,HK15,2017,1,22,0,0,8,0,6,1,18,7,5,0,2,2,5,1,2,0,2,MN304409_A_Basel_USB002775_1_2017
500,EPI686117_A_Hong_Kong_15611_2015,HK15,2017,1,23,0,3,12,0,15,0,6,4,9,3,4,2,12,0,2,3,2,MN304423_A_Basel_USB002825_1_2017
501,EPI686117_A_Hong_Kong_15611_2015,HK15,2017,1,29,0,0,9,1,5,1,18,7,7,0,6,2,4,1,3,1,2,MN304459_A_Basel_USB002891_1_2017
502,EPI686117_A_Hong_Kong_15611_2015,HK15,2017,2,7,0,0,8,1,7,2,19,7,6,0,2,1,3,2,3,1,3,CY220548_A_Alabama_06_2017
503,EPI686117_A_Hong_Kong_15611_2015,HK15,2017,2,13,0,0,9,0,3,1,9,2,5,1,4,2,1,0,1,2,6,CY221923_A_Texas_47_2017
504,EPI686117_A_Hong_Kong_15611_2015,HK15,2017,2,28,0,0,5,0,7,1,17,8,8,0,6,1,1,1,2,1,4,CY223218_A_New_Mexico_11_2017
505,EPI686117_A_Hong_Kong_15611_2015,HK15,2017,2,7,0,4,17,0,15.5,2,16,8,14,3,7,8,12,0,2,4,0,CY223707_A_Ohio_05_2017
506,EPI686117_A_Hong_Kong_15611_2015,HK15,2017,2,8,0,2,10,0,13,0,6,5,7,2,1,4,8,0,4,3,2,CY223731_A_Florida_10_2017
507,EPI686117_A_Hong_Kong_15611_2015,HK15,2017,2,13,0,3,13,0,16,0,12,8,13,2,10,8,9,1,2,4,3,CY223739_A_Florida_11_2017
508,EPI686117_A_Hong_Kong_15611_2015,HK15,2017,2,15,0,3,11,2,10,0,5,3,9,2,1,2,9,1,4,5,4,CY225075_A_Georgia_06_2017
509,EPI686117_A_Hong_Kong_15611_2015,HK15,2017,2,13,0,3,14,0,10.5,1,11,6,11,3,8,7,9,0,2,4,2,CY228314_A_South_Dakota_11_2017
510,EPI686117_A_Hong_Kong_15611_2015,HK15,2017,2,27,0,2,16,0,12,0,6,3,7,1,2,2,5,1,2,2,3,CY230042_A_Michigan_30_2017
511,EPI686117_A_Hong_Kong_15611_2015,HK15,2017,2,20,0,2,15,0,16,0,6,5,9,2,0,1,11,0,4,3,2,CY230282_A_Tennessee_21_2017
512,EPI686117_A_Hong_Kong_15611_2015,HK15,2017,2,13,0,0,8,1,7,2,19,8,7,0,1,4,4,2,3,0,4,CY230551_A_West_Virginia_09_2017
513,EPI686117_A_Hong_Kong_15611_2015,HK15,2017,2,28,0,0,6,0,4,1,22,3,6,0,3,1,7,2,2,2,3,CY230855_A_Oregon_14_2017
514,EPI686117_A_Hong_Kong_15611_2015,HK15,2017,2,28,0,4,17,1,14,0,9,8,12,2,8,7,9,1,3,4,1,MF736996_A_Karachay_Cherkess_CRIE_301_2017
515,EPI686117_A_Hong_Kong_15611_2015,HK15,2017,2,3,0,0,10,1,4,1,18,8,9,0,3,3,1,1,2,2,4,MG984270_A_Shanghai_20_2017
516,EPI686117_A_Hong_Kong_15611_2015,HK15,2017,2,6,0,0,8,2,7,2,19,10,8,0,3,3,1,1,2,2,4,MG984278_A_Shanghai_21_2017
517,EPI686117_A_Hong_Kong_15611_2015,HK15,2017,2,2,0,0,7,0,7,1,17,7,5,0,2,1,1,1,4,0,6,MH637648_A_Taipei_0122_2017
518,EPI686117_A_Hong_Kong_15611_2015,HK15,2017,2,3,0,3,16,1,8,1,13,8,12,3,7,7,11,1,3,5,1,MH637679_A_Taipei_0123_2017
519,EPI686117_A_Hong_Kong_15611_2015,HK15,2017,2,1,0,0,7,3,9,1,11,7,8,2,5,4,6,0,6,2,1,MK640915_A_China_81891_2017
520,EPI686117_A_Hong_Kong_15611_2015,HK15,2017,2,2,0,1,7,0,6,0,7,3,6,0,2,2,2,0,3,2,2,MN304116_A_Basel_USB003451_1_2017
521,EPI686117_A_Hong_Kong_15611_2015,HK15,2017,2,2,0,0,8,0,6,1,17,7,5,0,3,1,3,1,2,0,2,MN304117_A_Basel_USB003452_1_2017
522,EPI686117_A_Hong_Kong_15611_2015,HK15,2017,2,5,0,0,9,2,5,1,4,3,4,0,3,3,3,0,0,2,1,MN304125_A_Basel_USB003503_1_2017
523,EPI686117_A_Hong_Kong_15611_2015,HK15,2017,2,6,0,2,16,2,5,0,7,6,9,2,2,1,10,0,4,3,2,MN304128_A_Basel_USB003507_1_2017
524,EPI686117_A_Hong_Kong_15611_2015,HK15,2017,2,1,0,5,13,2,15.5,0,10,6,13,3,8,7,12,0,4,6,3,MN304483_A_Basel_USB002922_1_2017
525,EPI686117_A_Hong_Kong_15611_2015,HK15,2017,2,5,0,0,11,2,5,0,5,3,8,0,4,2,2,1,2,1,3,MN304521_A_Basel_USB002995_1_2017
526,EPI686117_A_Hong_Kong_15611_2015,HK15,2017,2,7,0,2,16,2,5,0,7,6,9,2,3,1,10,0,4,3,2,MN304543_A_Basel_USB003034_1_2017
527,EPI686117_A_Hong_Kong_15611_2015,HK15,2017,2,25,0,0,7,1,4,0,6,4,4,0,2,2,3,1,4,1,3,MN304587_A_Basel_USB003307_1_2017
528,EPI686117_A_Hong_Kong_15611_2015,HK15,2017,3,2,0,1,8,1,4,1,5,4,4,1,3,4,4,0,2,2,3,CY227443_A_Vermont_08_2017
529,EPI686117_A_Hong_Kong_15611_2015,HK15,2017,3,21,0,3,11,4,17,0,9,23,27,1,7,11,14,2,6,4,2,CY227899_A_Delaware_19_2017
530,EPI686117_A_Hong_Kong_15611_2015,HK15,2017,3,19,0,2,16,0,16,0,7,7,9,2,2,1,9,0,3,3,2,CY228698_A_Wisconsin_39_2017
531,EPI686117_A_Hong_Kong_15611_2015,HK15,2017,3,19,0,1,11,0,4,0,8,22,26,0,4,4,2,2,5,2,3,CY228730_A_Arkansas_18_2017
532,EPI686117_A_Hong_Kong_15611_2015,HK15,2017,3,21,0,3,11,4,17,0,9,23,27,1,7,11,14,2,6,4,2,CY230438_A_Delaware_19_2017
533,EPI686117_A_Hong_Kong_15611_2015,HK15,2017,3,16,0,3,15,0,15,3,3,5,6,1,1,5,2,1,5,0,1,MH637456_A_Linkou_0266_2017
534,EPI686117_A_Hong_Kong_15611_2015,HK15,2017,4,9,0,0,7,0,3,1,7,22,25,0,4,13,15,0,0,1,1,CY232473_A_Florida_34_2017
535,EPI686117_A_Hong_Kong_15611_2015,HK15,2017,4,5,0,5,14,3,16,0,8,4,6,1,7,4,9,2,6,5,3,CY232567_A_North_Carolina_27_2017
536,EPI686117_A_Hong_Kong_15611_2015,HK15,2017,4,17,0,2,18,0,14,1,9,6,9,2,1,1,10,0,3,3,3,CY235613_A_Washington_40_2017
537,EPI686117_A_Hong_Kong_15611_2015,HK15,2017,4,25,0,1,7,1,4,0,5,5,7,2,5,3,1,0,2,1,1,CY235685_A_Nevada_12_2017
538,EPI686117_A_Hong_Kong_15611_2015,HK15,2017,4,7,0,4,14,2,14,1,4,5,7,1,0,4,2,0,5,0,1,MH637707_A_Keelung_0161_2017
539,EPI686117_A_Hong_Kong_15611_2015,HK15,2017,5,16,0,3,17,0,14,1,4,6,7,1,2,5,1,0,3,2,4,MG984286_A_Shanghai_29_2017
540,EPI686117_A_Hong_Kong_15611_2015,HK15,2017,6,18,0,0,10,0,9,1,9,7,11,2,5,3,2,0,3,0,1,CY243548_A_Alaska_30_2017
541,EPI686117_A_Hong_Kong_15611_2015,HK15,2017,6,23,0,3,13,0,14,0,8,7,11,1,2,4,1,0,3,4,3,MG984302_A_Shanghai_30_2017
542,EPI686117_A_Hong_Kong_15611_2015,HK15,2017,6,23,0,3,17,0,6,0,17,5,7,1,2,4,6,1,3,2,4,MG984310_A_Shanghai_31_2017
543,EPI686117_A_Hong_Kong_15611_2015,HK15,2017,6,20,0,4,16,0,13,0,14,9,13,2,8,7,13,0,2,6,2,MH637576_A_Linkou_0302_2017
544,EPI686117_A_Hong_Kong_15611_2015,HK15,2017,7,26,0,0,12,0,7,2,18,9,8,0,4,2,5,1,4,3,4,CY242347_A_Florida_50_2017
545,EPI686117_A_Hong_Kong_15611_2015,HK15,2017,7,31,0,0,9,0,10,0,9,7,11,2,5,3,2,0,3,1,1,CY243675_A_Alaska_46_2017
546,EPI686117_A_Hong_Kong_15611_2015,HK15,2017,7,1,0,3,12,0,20,0,6,6,7,2,2,5,7,0,3,5,2,CY244478_A_California_60_2017
547,EPI686117_A_Hong_Kong_15611_2015,HK15,2017,7,15,1,2,15,0,12,1,5,5,7,4,4,5,1,0,3,1,3,MG198917_A_Guangdong_SKLRD01_2017
548,EPI686117_A_Hong_Kong_15611_2015,HK15,2017,7,19,0,3,12,0,13,1,4,8,18,1,1,6,1,0,1,2,4,MG984318_A_Shanghai_32_2017
549,EPI686117_A_Hong_Kong_15611_2015,HK15,2017,7,25,0,3,18,1,13,1,5,6,7,1,2,5,1,0,1,2,2,MG984326_A_Shanghai_33_2017
550,EPI686117_A_Hong_Kong_15611_2015,HK15,2017,7,31,0,3,18,1,13,0,8,8,11,1,2,6,1,0,3,2,4,MG984342_A_Shanghai_35_2017
551,EPI686117_A_Hong_Kong_15611_2015,HK15,2017,7,18,0,5,17,0,17,1,3,7,10,1,0,4,4,0,5,0,1,MH637447_A_Linkou_0335_2017
552,EPI686117_A_Hong_Kong_15611_2015,HK15,2017,7,17,0,1,8,1,9,2,23,8,10,0,2,4,0,2,3,0,3,MK159064_A_Jeonbuk_736_2017
553,EPI686117_A_Hong_Kong_15611_2015,HK15,2017,8,22,0,0,11,0,11,0,9,7,11,2,6,3,2,1,3,0,1,CY245203_A_Arizona_50_2017
554,EPI686117_A_Hong_Kong_15611_2015,HK15,2017,8,22,0,1,8,2,11,0,13,8,12,1,6,3,1,0,2,1,2,CY245459_A_Hawaii_45_2017
555,EPI686117_A_Hong_Kong_15611_2015,HK15,2017,8,9,0,3,12,0,14,2,4,5,12,1,1,4,4,0,3,1,2,MG984350_A_Shanghai_36_2017
556,EPI686117_A_Hong_Kong_15611_2015,HK15,2017,8,9,0,3,17,1,14,1,5,6,7,1,2,4,1,0,2,1,1,MG984358_A_Shanghai_37_2017
557,EPI686117_A_Hong_Kong_15611_2015,HK15,2017,8,11,0,3,13,0,14,1,4,7,11,1,2,7,1,0,3,1,1,MG984366_A_Shanghai_38_2017
558,EPI686117_A_Hong_Kong_15611_2015,HK15,2017,8,19,0,3,18,0,13,1,4,5,7,1,1,6,4,0,3,1,3,MG984390_A_Shanghai_40_2017
559,EPI686117_A_Hong_Kong_15611_2015,HK15,2017,8,19,0,3,13,1,13,1,4,7,11,1,2,5,4,0,3,0,1,MG984398_A_Shanghai_41_2017
560,EPI686117_A_Hong_Kong_15611_2015,HK15,2017,8,21,0,3,12,0,14,0,8,6,7,1,2,5,2,0,2,0,1,MG984414_A_Shanghai_43_2017
561,EPI686117_A_Hong_Kong_15611_2015,HK15,2017,8,23,0,3,18,1,13,2,5,6,7,1,2,4,1,0,3,3,3,MG984430_A_Shanghai_45_2017
562,EPI686117_A_Hong_Kong_15611_2015,HK15,2017,8,29,0,4,12,1,14,1,4,9,11,1,2,6,1,0,3,0,1,MG984438_A_Shanghai_46_2017
563,EPI686117_A_Hong_Kong_15611_2015,HK15,2017,8,29,0,3,17,0,13,0,8,6,7,1,2,6,1,0,1,0,1,MG984446_A_Shanghai_47_2017
564,EPI686117_A_Hong_Kong_15611_2015,HK15,2017,9,5,0,3,12,0,15,1,5,6,7,1,2,7,1,1,2,2,4,MG984462_A_Shanghai_49_2017
565,EPI686117_A_Hong_Kong_15611_2015,HK15,2017,9,6,0,3,18,0,13,2,4,7,11,1,2,4,4,1,2,0,1,MG984478_A_Shanghai_50_2017
566,EPI686117_A_Hong_Kong_15611_2015,HK15,2017,9,8,0,3,13,1,14,1,8,5,13,1,2,5,1,1,2,0,1,MG984486_A_Shanghai_51_2017
567,EPI686117_A_Hong_Kong_15611_2015,HK15,2017,9,13,0,3,12,0,13,1,5,8,11,1,2,5,2,1,2,1,3,MG984502_A_Shanghai_53_2017
568,EPI686117_A_Hong_Kong_15611_2015,HK15,2017,9,4,0,1,12,2,12,3,18,8,10,1,6,2,1,1,2,2,3,MK159072_A_Gyeongbuk_745_2017
569,EPI686117_A_Hong_Kong_15611_2015,HK15,2017,10,12,0,0,11,0,8,1,13,7,12,1,4,4,3,0,3,0,1,CY250520_A_Arkansas_24_2017
570,EPI686117_A_Hong_Kong_15611_2015,HK15,2017,10,15,0,1,11,0,9,1,11,9,15,2,8,4,4,1,3,0,2,CY257914_A_Florida_73_2017
571,EPI686117_A_Hong_Kong_15611_2015,HK15,2017,10,12,0,0,12,0,13,0,6,7,3,0,4,2,5,0,5,1,3,CY257994_A_Massachusetts_16_2017
572,EPI686117_A_Hong_Kong_15611_2015,HK15,2017,10,21,0,3,23,1,17,1,9,7,7,1,2,4,1,0,6,1,1,CY258177_A_New_York_36_2017
573,EPI686117_A_Hong_Kong_15611_2015,HK15,2017,10,28,0,0,10,0,10,1,12,9,11,1,5,3,4,0,3,0,1,CY258305_A_Louisiana_57_2017
574,EPI686117_A_Hong_Kong_15611_2015,HK15,2017,10,3,0,2,12,0,14,0,5,5,11,1,3,3,1,0,5,0,3,CY260353_A_California_86_2017
575,EPI686117_A_Hong_Kong_15611_2015,HK15,2017,10,25,0,0,14,0,10,0,10,8,13,1,4,3,3,0,3,0,1,CY266079_A_Florida_87_2017
576,EPI686117_A_Hong_Kong_15611_2015,HK15,2017,11,21,0,1,11,0,8,0,12,7,13,1,5,3,4,0,3,0,1,CY264374_A_New_Hampshire_27_2017
577,EPI686117_A_Hong_Kong_15611_2015,HK15,2017,12,15,0,2,13,0,9,0,12,9,12,1,7,3,4,0,3,0,1,CY264986_A_Pennsylvania_274_2017
578,EPI686117_A_Hong_Kong_15611_2015,HK15,2017,12,14,0,1,13,0,4,0,10,23,29,0,4,6,4,2,5,5,3,MG974447_A_Kansas_14_2017
579,EPI686117_A_Hong_Kong_15611_2015,HK15,2018,1,14,0,2,12,0,9,0,12,8,13,1,7,3,4,0,3,0,1,MH637483_A_Baltimore_P0247_2018
580,EPI686117_A_Hong_Kong_15611_2015,HK15,2018,1,11,0,1,13,1,6,1,10,23,29,0,4,6,6,2,6,5,4,MH637511_A_Baltimore_P0243_2018
581,EPI686117_A_Hong_Kong_15611_2015,HK15,2018,1,10,1,0,15,1,4,0,11,24,29,0,5,6,4,2,5,6,3,MH637528_A_Baltimore_P0241_2018
582,EPI686117_A_Hong_Kong_15611_2015,HK15,2018,1,20,0,1,12,0,10,0,10,7,16,1,7,3,6,0,4,0,3,MH637565_A_Baltimore_P0255_2018
583,EPI686117_A_Hong_Kong_15611_2015,HK15,2018,1,8,0,0,10,0,11,0,16,8,12,1,5,4,5,1,6,0,1,MH637603_A_Baltimore_P0238_2018
584,EPI686117_A_Hong_Kong_15611_2015,HK15,2018,1,7,0,1,12,0,9,0,12,7,12,1,5,4,4,0,3,2,3,MH637673_A_Baltimore_P0237_2018
585,EPI686117_A_Hong_Kong_15611_2015,HK15,2018,1,8,0,1,12,2,9,1,13,8,13,1,7,3,5,0,3,0,1,MH637726_A_Baltimore_P0239_2018
586,EPI686117_A_Hong_Kong_15611_2015,HK15,2018,1,2,0,2,9,0,9,1,13,9,13,1,6,6,3,0,2,0,1,MH637747_A_Baltimore_P0232_2018
587,EPI686117_A_Hong_Kong_15611_2015,HK15,2018,1,11,0,1,12,1,10,0,12,7,12,1,5,4,4,1,3,2,3,MH637768_A_Baltimore_P0242_2018
588,EPI686117_A_Hong_Kong_15611_2015,HK15,2018,1,11,0,1,12,0,10,0,10,7,16,1,7,3,6,0,4,0,3,MH637783_A_Baltimore_P0244_2018
589,EPI686117_A_Hong_Kong_15611_2015,HK15,2018,2,2,1,2,14,0,4,0,10,23,30,0,4,6,4,2,6,5,3,MH637488_A_Baltimore_P0279_2018
590,EPI686117_A_Hong_Kong_15611_2015,HK15,2018,2,13,0,1,13,0,10,0,13,8,12,1,8,3,4,0,4,2,1,MH637596_A_Baltimore_P0304_2018
591,EPI686117_A_Hong_Kong_15611_2015,HK15,2018,2,5,0,1,13,2,13,1,14,11,12,1,6,3,4,0,3,0,1,MH637687_A_Baltimore_P0286_2018
592,EPI686117_A_Hong_Kong_15611_2015,HK15,2018,2,4,0,1,14,1,5,1,10,23,30,0,5,7,4,2,5,5,3,MH637730_A_Baltimore_P0283_2018
593,EPI686117_A_Hong_Kong_15611_2015,HK15,2018,2,10,0,1,14,0,10,0,13,8,12,1,7,3,7,0,3,0,1,MH637808_A_Baltimore_P0298_2018
594,EPI686117_A_Hong_Kong_15611_2015,HK15,2018,2,20,0,1,12,2,13,0,12,7,14,2,4,3,4,1,3,0,4,MH701747_A_New_Jersey_93924_2018
595,EPI686117_A_Hong_Kong_15611_2015,HK15,2018,2,21,0,1,12,2,13,0,12,7,14,2,4,3,4,1,3,0,4,MH701755_A_New_Jersey_93934_2018
596,EPI686117_A_Hong_Kong_15611_2015,HK15,2019,3,15,0,0,21,1,12,1,14,26,36,0,12,9,7,3,6,6,5,MN154312_A_Washington_9752_2019
597,EPI686117_A_Hong_Kong_15611_2015,HK15,2019,3,10,0,0,21,1,12,1,14,26,36,0,12,9,7,2,6,6,5,MN170167_A_Washington_9147_2019
598,EPI686117_A_Hong_Kong_15611_2015,HK15,2019,3,11,0,0,21,1,12,1,14,26,36,0,12,9,7,2,6,6,5,MN170183_A_Washington_9149_2019
599,EPI686117_A_Hong_Kong_15611_2015,HK15,2019,3,11,0,0,21,1,12,1,14,26,36,0,12,9,7,2,6,6,5,MN170191_A_Washington_9150_2019
600,EPI686117_A_Hong_Kong_15611_2015,HK15,2019,3,14,0,0,21,1,12,1,14,26,36,0,12,9,7,2,6,6,5,MN170207_A_Washington_9153_2019
601,EPI686117_A_Hong_Kong_15611_2015,HK15,2019,3,14,0,0,21,1,12,1,14,26,36,0,12,9,7,2,6,6,5,MN170223_A_Washington_9155_2019
602,EPI686117_A_Hong_Kong_15611_2015,HK15,2019,3,NA,1,4,27,1,30,1,8,10,10,3,5,7,6,1,8,3,8,1444950_A_Chepstow_1180_2019
603,EPI686117_A_Hong_Kong_15611_2015,HK15,2019,3,NA,0,4,27,1,27,1,13,12,10,3,7,6,4,1,8,2,7,1548016_A_Cheboksary_153_2019
604,EPI686117_A_Hong_Kong_15611_2015,HK15,2019,3,NA,1,4,26,1,21,1,10,8,9,1,6,9,8,0,8,0,2,1548064_A_Tomsk_155_2019
605,EPI686117_A_Hong_Kong_15611_2015,HK15,2019,4,NA,1,0,24,2,9,1,16,27,32,0,10,9,7,3,5,7,5,1448200_A_Louisiana_34_2019
606,EPI686117_A_Hong_Kong_15611_2015,HK15,2019,4,NA,0,0,21,1,11,0,15,26,38,2,10,10,10,2,6,6,5,1479371_A_Hawaii_31_2019
607,EPI686117_A_Hong_Kong_15611_2015,HK15,2019,5,NA,1,0,22,2,13,2,14,25,40,0,11,10,7,3,5,6,6,1548211_A_Mexico_1952_2019
608,EPI686117_A_Hong_Kong_15611_2015,HK15,2019,6,NA,1,4,28,1,20,2,6,12,10,1,7,7,8,2,6,3,9,1808226_A_Jiangxi_Zhanggong_1512_2019
609,EPI686117_A_Hong_Kong_15611_2015,HK15,2019,6,NA,1,4,29,1,19,2,8,11,10,1,8,5,6,1,10,4,5,1592032_A_Hong_Kong_2671_2019
610,EPI686117_A_Hong_Kong_15611_2015,HK15,2019,7,NA,0,1,24,1,11,0,16,27,36,1,9,10,10,2,7,6,6,1609436_A_El_Salvador_517_2019
611,EPI686117_A_Hong_Kong_15611_2015,HK15,2019,8,NA,1,5,25,4,26,2,13,12,13,2,5,9,3,0,11,2,4,1597372_A_Louisiana_39_2019
612,EPI686117_A_Hong_Kong_15611_2015,HK15,2019,9,NA,1,4,33,1,30,1,11,14,10,3,7,7,7,3,12,3,7,1609444_A_Hawaii_64_2019
613,MG974447_A_Kansas_14_2017,Kan17,2019,10,NA,0,2,44,2,28,4,20,31,41,1,15,16,12,3,18,7,5,1618891_A_Pennsylvania_1020_2019
614,MG974447_A_Kansas_14_2017,Kan17,2019,10,NA,0,0,11,4,8,2,8,3,11,1,7,6,7,0,1,1,3,1661929_A_Mexico_2943_2019
615,MG974447_A_Kansas_14_2017,Kan17,2019,10,NA,0,3,40,2,25,5,19,34,40,2,13,12,12,4,12,7,7,1807829_A_Zhejiang_Dinghai_1817_2019
616,MG974447_A_Kansas_14_2017,Kan17,2019,11,NA,0,3,43,2,36,2,25,36,39,3,14,13,12,4,16,7,11,1641886_A_Idaho_40_2019
617,MG974447_A_Kansas_14_2017,Kan17,2019,11,NA,0,5,35,2,33,1,25,36,44,2,12,16,10,2,16,6,8,1662160_A_Abudhabi_106_2019
618,MG974447_A_Kansas_14_2017,Kan17,2019,11,NA,0,3,40,1,26,2,22,39,45,1,23,12,12,3,12,7,9,1807805_A_Guangxi_Hengxian_3105_2019
619,MG974447_A_Kansas_14_2017,Kan17,2019,12,NA,0,1,10,0,35,0,29,2,9,2,16,3,2,2,15,11,7,1640279_A_Cardiff_9474_2019
620,MG974447_A_Kansas_14_2017,Kan17,2019,12,NA,0,6,38,2,32,1,25,34,45,3,13,15,10,2,15,8,9,1651646_A_Virginia_42_2019
621,MG974447_A_Kansas_14_2017,Kan17,2019,12,NA,0,3,43,1,38,1,24,37,39,4,13,14,14,5,16,9,11,1692312_A_Louisiana_66_2019
622,MG974447_A_Kansas_14_2017,Kan17,2019,12,NA,0,4,41,2,33,2,26,37,42,3,15,16,13,3,15,8,11,1738933_A_Idaho_52_2019
623,MG974447_A_Kansas_14_2017,Kan17,2019,12,NA,0,5,33,2,38,1,23,34,45,3,11,16,13,2,14,6,8,1799200_A_Haiti_394_2019
624,MG974447_A_Kansas_14_2017,Kan17,2020,1,NA,0,0,11,0,34,0,30,3,10,2,13,4,3,2,15,10,7,1675773_A_Rheinland_Pfalz_5_2020
625,MG974447_A_Kansas_14_2017,Kan17,2020,1,NA,0,4,43,1,35,1,25,38,43,4,12,13,13,3,15,8,11,1683447_A_Wisconsin_03_2020
626,MG974447_A_Kansas_14_2017,Kan17,2020,1,NA,0,4,42,1,37,2,22,38,42,3,16,12,13,3,14,8,12,2761581_A_Hessen_26_2020
627,MG974447_A_Kansas_14_2017,Kan17,2020,2,NA,0,4,41,2,30,4,26,34,44,1,15,14,13,5,12,7,9,1713851_A_Pennsylvania_15_2020
628,MG974447_A_Kansas_14_2017,Kan17,2020,2,NA,0,4,42,1,37,2,23,39,42,3,16,13,12,3,14,8,12,1740471_A_Minnesota_12_2020
629,MG974447_A_Kansas_14_2017,Kan17,2020,2,NA,0,1,11,0,34,1,29,4,11,2,13,4,4,2,16,10,6,2761606_A_Schleswig_Holstein_9_2020
630,MG974447_A_Kansas_14_2017,Kan17,2020,3,NA,0,3,44,2,40,1,23,36,43,4,12,13,11,3,14,7,12,1738893_A_Minnesota_23_2020
631,MG974447_A_Kansas_14_2017,Kan17,2020,3,NA,1,2,42,1,28,2,24,35,44,1,13,15,15,2,14,9,4,1748112_A_Alberta_RV5268_2020
632,MG974447_A_Kansas_14_2017,Kan17,2020,4,NA,1,4,37,2,36,2,28,41,48,2,12,16,11,3,14,6,9,1847845_A_Saitama_92_2020
633,MG974447_A_Kansas_14_2017,Kan17,2020,7,NA,0,4,37,1,28,2,23,37,43,1,17,12,13,3,12,9,8,1841191_A_Yunnan_Wenshan_1592_2020
634,MG974447_A_Kansas_14_2017,Kan17,2020,7,NA,1,4,39,2,37,2,30,39,47,3,13,16,14,3,16,6,9,1841681_A_Cambodia_e0826360_2020
635,MG974447_A_Kansas_14_2017,Kan17,2020,8,NA,0,4,35,3,34,1,26,35,50,2,12,15,9,2,15,7,8,1847821_A_Kitakyusyu_1_2020
636,MG974447_A_Kansas_14_2017,Kan17,2020,9,NA,1,4,43,2,38,2,30,39,46,3,13,16,13,3,16,8,9,1839735_A_Laos_1752_2020
637,1592032_A_Hong_Kong_2671_2019,HK19,2020,10,NA,0,3,21,3,25,3,18,18,16,2,13,7,7,2,5,2,8,1838078_A_California_55_2020
638,1592032_A_Hong_Kong_2671_2019,HK19,2020,10,NA,0,4,23,3,26,4,19,18,17,3,11,7,7,2,7,2,7,1847925_A_Vietnam_Vnhcm_Gs483_2020
639,1592032_A_Hong_Kong_2671_2019,HK19,2020,11,NA,0,4,24,5,26,2,18,18,21,2,13,7,7,2,6,1,8,1852226_A_Bangkok_62_2020
640,1592032_A_Hong_Kong_2671_2019,HK19,2021,1,NA,1,3,21,3,28,2,17,22,17,3,15,10,10,1,4,4,8,1849665_A_AbuDhabi_01_2021
641,1592032_A_Hong_Kong_2671_2019,HK19,2021,1,NA,1,10,30,4,30,7,26,26,21,8,24,7,11,2,8,3,7,1926248_A_Saint_Petersburg_RII_2415S_2021
642,1592032_A_Hong_Kong_2671_2019,HK19,2021,2,NA,0,3,22,3,28,2,18,18,18,3,13,7,8,2,6,2,7,1861076_A_Laos_580_2021
643,1592032_A_Hong_Kong_2671_2019,HK19,2021,3,NA,0,4,22,3,30,3,16,23,20,3,15,8,8,2,5,1,7,1858651_A_Pennsylvania_01_2021
644,1592032_A_Hong_Kong_2671_2019,HK19,2021,3,NA,0,4,21,3,29,2,19,23,18,3,16,7,10,1,4,4,11,1885447_A_Abu_Dhabi_2210622842_2021
645,1592032_A_Hong_Kong_2671_2019,HK19,2021,4,NA,0,3,21,5,23,3,19,23,20,3,17,7,10,2,6,1,7,1869531_A_Delaware_01_2021
646,1592032_A_Hong_Kong_2671_2019,HK19,2021,4,NA,0,4,18,3,26,3,19,20,18,3,14,8,7,3,8,1,11,1905802_A_Nepal_Npwr_05637_2021
647,1592032_A_Hong_Kong_2671_2019,HK19,2021,4,NA,0,4,20,5,26,4,20,24,23,3,14,7,10,2,5,2,8,EPI2415906_A_Darwin_9_2021
648,1592032_A_Hong_Kong_2671_2019,HK19,2021,5,NA,0,3,19,4,27,4,15,21,19,3,15,9,9,1,6,2,7,1905786_A_India_PUN_NIV312063_2021
649,1592032_A_Hong_Kong_2671_2019,HK19,2021,6,NA,1,4,22,4,31,3,16,25,20,3,15,6,9,1,6,1,8,1905714_A_India_PUN_NIV323256_2021
650,1592032_A_Hong_Kong_2671_2019,HK19,2021,6,NA,0,4,25,3,25,2,19,17,18,2,13,9,7,2,6,5,10,1921773_A_Thailand_12_2021
651,1592032_A_Hong_Kong_2671_2019,HK19,2021,7,NA,0,2,23,4,16,2,15,16,16,1,11,4,12,1,1,6,3,1916915_A_Oklahoma_01_2021
652,1592032_A_Hong_Kong_2671_2019,HK19,2021,7,NA,0,6,42,3,26,3,21,40,41,1,15,13,11,3,10,6,10,1924350_A_Philippines_6_2021
653,1592032_A_Hong_Kong_2671_2019,HK19,2021,8,NA,0,4,23,2,23,3,18,22,22,1,11,7,10,1,6,2,7,1916923_A_Michigan_03_2021
654,1592032_A_Hong_Kong_2671_2019,HK19,2021,8,NA,1,3,19,4,29,3,21,26,18,3,16,7,9,2,7,3,8,1919553_A_YANAO_08_01V_2021
655,1592032_A_Hong_Kong_2671_2019,HK19,2021,8,NA,1,4,22,4,30,4,20,24,22,5,17,7,12,2,5,1,7,1922800_A_Nepal_21FL2699_2021
656,1592032_A_Hong_Kong_2671_2019,HK19,2021,9,NA,1,2,30,3,23,4,13,21,20,2,14,4,13,2,1,4,8,1925236_A_Michigan_05_2021
657,1592032_A_Hong_Kong_2671_2019,HK19,2021,9,NA,1,3,22,6,29,3,21,28,21,3,16,9,9,2,7,3,9,1940321_A_New_York_03_2021
658,1592032_A_Hong_Kong_2671_2019,HK19,2021,9,NA,1,3,20,4,27,4,22,25,19,3,18,7,10,2,9,4,10,1954438_A_Picardie_28479_2021
659,1592032_A_Hong_Kong_2671_2019,HK19,2021,9,NA,0,3,24,3,28,3,21,21,20,4,16,6,7,2,7,2,8,1967900_A_Pakistan_ICT7_2021
660,1592032_A_Hong_Kong_2671_2019,HK19,2021,9,NA,1,3,23,3,29,3,20,26,24,3,20,10,10,2,7,1,7,1969592_A_Bangladesh_9019_2021
661,1846767_A_Cambodia_E0826360_2020,Cam20,2021,10,NA,0,0,11,3,14,3,14,16,11,3,9,2,5,2,6,2,2,1941020_A_Florida_04_2021
662,1846767_A_Cambodia_E0826360_2020,Cam20,2021,11,NA,0,1,11,3,15,4,16,16,11,3,9,2,5,2,6,2,2,1952515_A_Pennsylvania_06_2021
663,1846767_A_Cambodia_E0826360_2020,Cam20,2021,11,NA,0,2,11,1,14,3,13,15,11,3,10,3,6,2,6,3,2,1958506_A_Khakassia_155_06V_2021
664,1846767_A_Cambodia_E0826360_2020,Cam20,2021,11,NA,0,0,12,3,15,4,16,16,12,3,9,4,5,2,6,2,2,1960344_A_Montana_10_2021
665,1846767_A_Cambodia_E0826360_2020,Cam20,2021,12,NA,0,0,11,4,14,4,16,16,11,3,10,2,5,2,6,3,2,1964326_A_California_46_2021
666,1846767_A_Cambodia_E0826360_2020,Cam20,2021,12,NA,0,0,12,3,15,4,14,16,11,3,9,2,5,2,6,2,3,1992288_A_Wyoming_09_2021
667,1846767_A_Cambodia_E0826360_2020,Cam20,2021,12,NA,0,1,12,1,16,3,12,10,11,5,13,3,8,1,5,0,0,2046104_A_Krasnodar_Krai_183_10V_2021
668,1846767_A_Cambodia_E0826360_2020,Cam20,2022,1,NA,0,0,12,3,14,3,14,16,13,3,9,2,5,2,6,4,3,1983154_A_Montana_02_2022
669,1846767_A_Cambodia_E0826360_2020,Cam20,2022,1,NA,0,1,10,1,16,3,13,16,10,3,10,2,5,4,6,2,2,2019560_A_Novosibirsk_RII_MH60652S_2022
670,1846767_A_Cambodia_E0826360_2020,Cam20,2022,2,NA,0,1,13,3,16,4,15,16,12,3,11,2,5,2,6,2,2,2004157_A_North_Dakota_03_2022
671,1846767_A_Cambodia_E0826360_2020,Cam20,2022,2,NA,0,1,13,4,15,4,15,16,12,3,11,2,7,2,6,2,2,2007488_A_New_Mexico_07_2022
672,1846767_A_Cambodia_E0826360_2020,Cam20,2022,3,NA,0,0,17,1,13,4,17,14,10,3,9,3,9,2,7,2,1,2042591_A_Picardie_21593_2022
673,1846767_A_Cambodia_E0826360_2020,Cam20,2022,3,NA,0,0,15,1,14,4,14,15,11,3,9,2,8,3,8,2,1,2042752_A_Lorraine_23758_2022
674,1846767_A_Cambodia_E0826360_2020,Cam20,2022,3,NA,0,0,17,1,15,4,18,14,12,4,10,2,8,2,7,2,1,2043548_A_Berlin_23_2022
675,1846767_A_Cambodia_E0826360_2020,Cam20,2022,4,NA,0,0,11,1,15,4,15,14,11,3,14,2,8,2,7,3,4,2042994_A_Lorraine_28541_2022
676,1846767_A_Cambodia_E0826360_2020,Cam20,2022,4,NA,1,3,44,4,40,5,25,13,12,4,19,7,19,4,10,6,12,2077428_A_Berlin_61_2022
677,1846767_A_Cambodia_E0826360_2020,Cam20,2022,4,NA,1,1,14,3,33,3,25,14,12,3,9,3,4,2,6,7,8,2500106_A_ABUDHABI_UAE_1112067_2022
678,1846767_A_Cambodia_E0826360_2020,Cam20,2022,5,NA,0,1,14,2,14,4,14,14,13,4,9,2,8,2,7,0,1,2063583_A_Idaho_25_2022
679,1846767_A_Cambodia_E0826360_2020,Cam20,2022,5,NA,1,4,48,4,44,8,25,13,15,4,17,8,20,5,12,6,11,2127871_A_Michigan_35_2022
680,1846767_A_Cambodia_E0826360_2020,Cam20,2022,6,NA,1,3,44,4,43,7,25,15,14,4,19,12,21,4,12,7,11,2136215_A_Abu_Dhabi_1812537_2022
681,1846767_A_Cambodia_E0826360_2020,Cam20,2022,6,NA,0,0,16,2,18,1,12,13,12,4,12,5,8,2,4,7,9,2503987_A_British_Columbia_124_2022
682,1846767_A_Cambodia_E0826360_2020,Cam20,2022,7,NA,1,0,15,1,13,4,17,21,15,3,14,3,6,3,5,0,1,2233523_A_Ayutthaya_NIC_P2289_2022
683,1846767_A_Cambodia_E0826360_2020,Cam20,2022,8,NA,1,3,47,4,45,6,27,14,15,4,18,8,21,5,13,6,11,2176957_A_Florida_70_2022
684,1846767_A_Cambodia_E0826360_2020,Cam20,2022,9,NA,1,2,39,3,38,3,27,15,14,4,15,5,7,2,6,7,7,2194875_A_Maldives_875_2022
685,1846767_A_Cambodia_E0826360_2020,Cam20,2022,9,NA,0,1,19,3,37,3,28,16,13,3,9,3,4,2,8,7,7,2325220_A_Finland_298_2022
686,2415906_A_Darwin_9_2021,Dar21,2022,10,NA,2,0,7,1,32,5,31,1,1,0,3,1,0,0,6,5,6,2206316_A_Rogerstone_2168_2022
687,2415906_A_Darwin_9_2021,Dar21,2022,10,NA,2,2,46,2,41,5,25,6,3,5,22,2,2,4,10,5,11,2208308_A_Lourdes_53101_2022
688,2415906_A_Darwin_9_2021,Dar21,2022,10,NA,2,1,39,2,33,5,27,4,0,5,22,6,2,0,3,5,10,2253452_A_Kansas_25_2022
689,2415906_A_Darwin_9_2021,Dar21,2022,10,NA,2,2,44,2,42,6,26,3,5,5,22,7,20,5,12,5,12,2252381_A_Maine_07_2022
690,2415906_A_Darwin_9_2021,Dar21,2022,11,NA,2,2,45,1,9,6,27,3,2,5,22,0,4,4,10,5,11,2254250_A_Centre_56613_2022
691,2415906_A_Darwin_9_2021,Dar21,2022,11,NA,2,5,42.5,3,44,10,25,4,3,5,25,8,23,4,14,7,13,2257357_A_Austria_MUW1572306_2022
692,2415906_A_Darwin_9_2021,Dar21,2022,11,NA,2,2,44,1,7,6,26,4,1,5,23,2,2,4,10,5,11,2283189_A_Denmark_3146_2022
693,2415906_A_Darwin_9_2021,Dar21,2022,11,NA,2,0,10,1,17,3,10,5,2,1,2,0,2,1,5,0,3,2571528_A_Bhutan_001_2022
694,2415906_A_Darwin_9_2021,Dar21,2022,12,NA,2,0,8,2,14,3,6,4,0,0,5,2,1,0,1,2,1,2385451_A_Oman_8557_2022
695,2415906_A_Darwin_9_2021,Dar21,2022,12,NA,2,2,46,3,41,6,24,5,4,5,24,11,21,5,12,7,13,2424342_A_Baden_Wuerttemberg_144_2022
696,2415906_A_Darwin_9_2021,Dar21,2022,12,NA,2,1,10,1,13,0,5,4,2,0,3,1,2,1,3,1,3,2539626_A_Nordrhein_Westfalen_128_2022
697,2415906_A_Darwin_9_2021,Dar21,2022,12,NA,2,3,45,1,8,6,26,3,0,5,25,2,0,4,11,7,11,2587133_A_Berlin_265_2022
698,2415906_A_Darwin_9_2021,Dar21,2023,1,NA,2,3,46,4,42,6,27,5,2,5,24,5,1,4,12,5,11,2367511_A_Connecticut_04_2023
699,2415906_A_Darwin_9_2021,Dar21,2023,1,NA,2,3,47,4,40,6,27,6,2,5,23,2,2,4,11,6,12,2424895_A_Sachsen_Anhalt_3_2023
700,2415906_A_Darwin_9_2021,Dar21,2023,1,NA,2,2,50,2,45,6,27,4,3,5,20,6,20,5,14,5,11,2441868_A_Minnesota_08_2023
701,2415906_A_Darwin_9_2021,Dar21,2023,1,NA,2,3,47,3,42,6,26,5,2,5,25,3,2,6,12,6,12,2498550_A_California_32_2023
702,2415906_A_Darwin_9_2021,Dar21,2023,2,NA,2,2,50,0,6,6,25,3,3,5,23,0,3,4,10,5,11,2498622_A_Kansas_01_2023
703,2415906_A_Darwin_9_2021,Dar21,2023,2,NA,2,2,47,3,44,6,28,5,5,5,22,6,20,5,18,5,10,2534759_A_Minnesota_18_2023
704,2415906_A_Darwin_9_2021,Dar21,2023,3,NA,2,1,8,11,11,3,12,7,6,0,8,1,3,1,2,0,0,2467517_A_HaidianCDC_12962_2023
705,2415906_A_Darwin_9_2021,Dar21,2023,3,NA,2,6,46,2,42,7,31,5,3,5,25,8,21,5,10,8,12,2599401_A_Lebanon_2787_2023
706,2415906_A_Darwin_9_2021,Dar21,2023,4,NA,2,2,41,3,38,6,32,6,4,6,25,9,20,4,13,6,10,2716351_A_Guatemala_378_2023
707,2415906_A_Darwin_9_2021,Dar21,2023,5,NA,2,4,50,2,11,6,29,7,3,5,25,2,1,1,1,0,1,2732731_A_Bangladesh_9003_2023
708,2415906_A_Darwin_9_2021,Dar21,2023,6,NA,2,0,8,2,8,2,15,8,5,0,9,1,2,2,3,0,1,2689682_A_Costa_Rica_8476_2023
709,2415906_A_Darwin_9_2021,Dar21,2023,7,NA,2,3,48,2,13,6,30,9,5,5,25,2,1,2,2,1,0,2716167_A_Kentucky_06_2023
710,2415906_A_Darwin_9_2021,Dar21,2023,8,NA,2,2,13,1,10,4,30,5,5,4,20,1,5,2,18,6,10,2736750_A_Finland_407_2023
711,2415906_A_Darwin_9_2021,Dar21,2023,9,NA,2,3,53.5,2,13,7,30,14,5,5,23,4,6,1,1,1,0,2758811_A_Catalonia_NSVH102158148_2023
712,2415906_A_Darwin_9_2021,Dar21,2023,10,NA,2,4,49,2,11,7,36,9,9,6,25,2,3,1,4,0,0,EPI2800450_A_Phra_Nakhon_Si_Ayutthaya_P4330_2023
713,2415906_A_Darwin_9_2021,Dar21,2023,10,NA,2,2,47,2,10,6,27,9,7,5,26,1,5,5,12,7,12,EPI2845383_A_Saint_Petersburg_RII_169_2023
714,2415906_A_Darwin_9_2021,Dar21,2023,11,NA,2,2,47,2,11,6,27,9,7,5,26,3,4,4,12,7,13,EPI2817864_A_Nakhon_Phanom_P4970_2023
715,2415906_A_Darwin_9_2021,Dar21,2023,11,NA,2,3,46,2,13,6,30,10,6,6,26,2,4,4,13,8,14,EPI2819091_A_Nebraska_13_2023
716,2415906_A_Darwin_9_2021,Dar21,2023,11,NA,2,2,50,2,11,6,30,9,6,5,26,2,4,4,12,8,13,EPI2901414_A_California_118_2023
717,2415906_A_Darwin_9_2021,Dar21,2023,12,NA,2,3,47,2,13,6,28,10,5,5,26,2,2,4,13,8,13,EPI2926182_A_Hong_Kong_3084_2023
718,2415906_A_Darwin_9_2021,Dar21,2023,12,NA,2,3,48,2,13,6,30,11,5,6,28,3,2,4,13,7,15,EPI2970652_A_Saratov_RII_3_2023
719,2415906_A_Darwin_9_2021,Dar21,2023,12,NA,2,2,48,1,13,6,29,9,7,5,28,3,3,4,14,7,14,EPI3095110_A_Samara_22_2023
720,2415906_A_Darwin_9_2021,Dar21,2024,1,NA,2,3,56,0,14,8,29,10,6,5,22,3,5,1,1,1,2,EPI3055327_A_New_Hampshire_02_2024
721,2415906_A_Darwin_9_2021,Dar21,2024,1,NA,2,2,47,2,13,6,28,10,6,7,27,2,3,4,13,11,14,EPI3089330_A_Penarth_6936_2024
722,2415906_A_Darwin_9_2021,Dar21,2024,1,NA,2,3,55,1,15,9,30,10,8,5,23,4,6,1,2,0,2,EPI3134187_A_Florida_06_2024
723,2415906_A_Darwin_9_2021,Dar21,2024,2,NA,2,2,47,2,11,6,30,10,5,6,28,2,3,5,15,10,14,EPI3133740_A_Idaho_21_2024
724,2415906_A_Darwin_9_2021,Dar21,2024,2,NA,2,3,55,2,15,10,32,9,7,5,24,4,5,1,2,1,0,EPI3186714_A_Washington_22_2024
725,2415906_A_Darwin_9_2021,Dar21,2024,3,NA,2,2,49,2,13,7,29,11,5,5,27,1,4,4,13,7,13,EPI3186602_A_Nevada_104_2024
