compareStrain,vaccineStrain,vaccine_code,Year,Month,Day,Dom
EPI103320_A_Moscow_10_1999,EPI103320_A_Moscow_10_1999,Mos99,1999,7,1,0
CY003287_A_New_York_438_2000,EPI103320_A_Moscow_10_1999,Mos99,2000,1,18,0
CY114324_A_Netherlands_3_2000,EPI103320_A_Moscow_10_1999,Mos99,2000,1,6,0
CY114340_A_Netherlands_126_2001,EPI103320_A_Moscow_10_1999,Mos99,2001,3,21,0
CY002335_A_New_York_77_2001,EPI103320_A_Moscow_10_1999,Mos99,2001,12,26,0
CY000216_A_New_York_91_2002,EPI103320_A_Moscow_10_1999,Mos99,2002,1,17,0
CY112948_A_Netherlands_1_2002,EPI103320_A_Moscow_10_1999,Mos99,2002,1,7,0
CY000552_A_New_York_115_2002,EPI103320_A_Moscow_10_1999,Mos99,2002,2,7,0
CY013812_A_New_York_C4_2002,EPI103320_A_Moscow_10_1999,Mos99,2002,2,1,0
EPI358781_A_Fujian_411_2002,EPI103320_A_Moscow_10_1999,Mos99,2002,7,1,0
CY000872_A_New_York_193_2003,EPI103320_A_Moscow_10_1999,Mos99,2003,2,19,0
CY032968_A_Yucatan_844_2003,EPI103320_A_Moscow_10_1999,Mos99,2003,3,19,0
CY001559_A_New_York_215_2003,EPI103320_A_Moscow_10_1999,Mos99,2003,4,22,0
KJ855376_A_Mexico_DIF835_2003,EPI103320_A_Moscow_10_1999,Mos99,2003,7,4,0
CY088027_A_England_425_2003,EPI103320_A_Moscow_10_1999,Mos99,2003,10,29,0
CY000352_A_New_York_15_2003,EPI103320_A_Moscow_10_1999,Mos99,2003,11,12,0
CY000908_A_New_York_13_2003,EPI103320_A_Moscow_10_1999,Mos99,2003,11,12,0
CY002351_A_New_York_272_2003,EPI103320_A_Moscow_10_1999,Mos99,2003,11,28,0
CY088035_A_England_438_2003,EPI103320_A_Moscow_10_1999,Mos99,2003,11,12,0
CY088115_A_England_467_2003,EPI103320_A_Moscow_10_1999,Mos99,2003,11,6,0
CY088131_A_Scotland_78_2003,EPI103320_A_Moscow_10_1999,Mos99,2003,11,7,0
CY088139_A_Scotland_79_2003,EPI103320_A_Moscow_10_1999,Mos99,2003,11,8,0
CY088187_A_England_944_2003,EPI103320_A_Moscow_10_1999,Mos99,2003,11,17,0
CY088251_A_England_525_2003,EPI103320_A_Moscow_10_1999,Mos99,2003,11,27,0
CY088267_A_England_585_2003,EPI103320_A_Moscow_10_1999,Mos99,2003,11,25,0
CY088275_A_England_487_2003,EPI103320_A_Moscow_10_1999,Mos99,2003,11,24,0
CY088291_A_England_491_2003,EPI103320_A_Moscow_10_1999,Mos99,2003,11,24,0
CY088323_A_England_508_2003,EPI103320_A_Moscow_10_1999,Mos99,2003,11,27,0
CY088339_A_England_957_2003,EPI103320_A_Moscow_10_1999,Mos99,2003,11,28,0
CY088379_A_England_532_2003,EPI103320_A_Moscow_10_1999,Mos99,2003,11,27,0
CY090956_A_South_Carolina_NHRC0002_2003,EPI103320_A_Moscow_10_1999,Mos99,2003,11,13,0
CY107095_A_England_470_2003,EPI103320_A_Moscow_10_1999,Mos99,2003,11,5,0
CY107111_A_England_516_2003,EPI103320_A_Moscow_10_1999,Mos99,2003,11,20,0
CY107151_A_England_493_2003,EPI103320_A_Moscow_10_1999,Mos99,2003,11,23,0
CY107167_A_England_532_2003,EPI103320_A_Moscow_10_1999,Mos99,2003,11,27,0
CY000024_A_New_York_30_2003,EPI103320_A_Moscow_10_1999,Mos99,2003,12,2,0
CY000056_A_New_York_35_2003,EPI103320_A_Moscow_10_1999,Mos99,2003,12,4,0
CY000104_A_New_York_54_2003,EPI103320_A_Moscow_10_1999,Mos99,2003,12,10,0
CY000144_A_New_York_26_2003,EPI103320_A_Moscow_10_1999,Mos99,2003,12,2,0
CY000272_A_New_York_53_2003,EPI103320_A_Moscow_10_1999,Mos99,2003,12,11,0
CY000512_A_New_York_4_2003,EPI103320_A_Moscow_10_1999,Mos99,2003,12,8,0
CY001095_A_New_York_24_2003,EPI103320_A_Moscow_10_1999,Mos99,2003,12,1,0
CY001196_A_New_York_18_2003,EPI103320_A_Moscow_10_1999,Mos99,2003,12,1,0
CY001300_A_New_York_37_2003,EPI103320_A_Moscow_10_1999,Mos99,2003,12,4,0
CY088363_A_England_558_2003,EPI103320_A_Moscow_10_1999,Mos99,2003,12,5,0
CY088387_A_England_522_2003,EPI103320_A_Moscow_10_1999,Mos99,2003,12,12,0
CY088403_A_England_547_2003,EPI103320_A_Moscow_10_1999,Mos99,2003,12,18,0
CY091468_A_California_NHRC0006_2003,EPI103320_A_Moscow_10_1999,Mos99,2003,12,10,0
CY092216_A_Georgia_NHRC0001_2003,EPI103320_A_Moscow_10_1999,Mos99,2003,12,5,0
KJ855448_A_Mexico_DIF2662_2003,EPI103320_A_Moscow_10_1999,Mos99,2003,12,15,0
CY000040_A_New_York_33_2004,EPI103320_A_Moscow_10_1999,Mos99,2004,1,9,0
CY000768_A_New_York_10_2004,EPI103320_A_Moscow_10_1999,Mos99,2004,1,30,0
CY001036_A_New_York_6_2004,EPI103320_A_Moscow_10_1999,Mos99,2004,1,6,0
CY009267_A_New_York_499_2004,EPI103320_A_Moscow_10_1999,Mos99,2004,1,15,0
CY091124_A_Missouri_NHRC0002_2004,EPI103320_A_Moscow_10_1999,Mos99,2004,1,9,0
CY038574_A_Hong_Kong_HKU2_2004,EPI103320_A_Moscow_10_1999,Mos99,2004,2,13,0
CY039494_A_Hong_Kong_HKU1_2004,EPI103320_A_Moscow_10_1999,Mos99,2004,2,10,0
CY038950_A_Hong_Kong_HKU4_2004,EPI103320_A_Moscow_10_1999,Mos99,2004,3,1,0
CY038958_A_Hong_Kong_HKU6_2004,EPI103320_A_Moscow_10_1999,Mos99,2004,3,6,0
CY039166_A_Hong_Kong_HKU5_2004,EPI103320_A_Moscow_10_1999,Mos99,2004,3,4,0
CY038998_A_Hong_Kong_HKU15_2004,EPI103320_A_Moscow_10_1999,Mos99,2004,4,23,0
CY038990_A_Hong_Kong_HKU14_2004,EPI103320_A_Moscow_10_1999,Mos99,2004,4,16,1
CY038614_A_Hong_Kong_HKU19_2004,EPI103320_A_Moscow_10_1999,Mos99,2004,6,1,0
CY038622_A_Hong_Kong_HKU20_2004,EPI103320_A_Moscow_10_1999,Mos99,2004,6,15,0
CY039014_A_Hong_Kong_HKU21_2004,EPI103320_A_Moscow_10_1999,Mos99,2004,6,19,0
CY038638_A_Hong_Kong_HKU29_2004,EPI103320_A_Moscow_10_1999,Mos99,2004,7,21,0
CY038646_A_Hong_Kong_HKU31_2004,EPI103320_A_Moscow_10_1999,Mos99,2004,7,30,0
CY039030_A_Hong_Kong_HKU25_2004,EPI103320_A_Moscow_10_1999,Mos99,2004,7,7,0
CY039038_A_Hong_Kong_HKU30_2004,EPI103320_A_Moscow_10_1999,Mos99,2004,7,22,0
CY039174_A_Hong_Kong_HKU24_2004,EPI103320_A_Moscow_10_1999,Mos99,2004,7,5,0
CY043751_A_Hong_Kong_HKU28_2004,EPI103320_A_Moscow_10_1999,Mos99,2004,7,17,0
CY038654_A_Hong_Kong_HKU34_2004,EPI103320_A_Moscow_10_1999,Mos99,2004,8,18,0
CY039502_A_Hong_Kong_HKU32_2004,EPI103320_A_Moscow_10_1999,Mos99,2004,8,2,1
CY006386_A_New_York_467_2004,EPI103320_A_Moscow_10_1999,Mos99,2004,9,17,1
CY040321_A_Hong_Kong_HKU38_2004,EPI103320_A_Moscow_10_1999,Mos99,2004,9,23,0
EPI367109_A_California_7_2004,EPI103320_A_Moscow_10_1999,Mos99,2004,9,16,1
CY002719_A_New_York_319_2004,EPI358781_A_Fujian_411_2002,Fuj02,2004,11,8,0
CY003671_A_New_York_471_2004,EPI358781_A_Fujian_411_2002,Fuj02,2004,11,8,0
CY039054_A_Hong_Kong_HKU40_2004,EPI358781_A_Fujian_411_2002,Fuj02,2004,11,23,0
CY002199_A_New_York_366_2004,EPI358781_A_Fujian_411_2002,Fuj02,2004,12,20,0
CY002231_A_New_York_372_2004,EPI358781_A_Fujian_411_2002,Fuj02,2004,12,22,0
CY002255_A_New_York_381_2004,EPI358781_A_Fujian_411_2002,Fuj02,2004,12,28,0
CY002263_A_New_York_383_2004,EPI358781_A_Fujian_411_2002,Fuj02,2004,12,29,0
CY002447_A_New_York_365_2004,EPI358781_A_Fujian_411_2002,Fuj02,2004,12,16,0
CY002599_A_New_York_377_2004,EPI358781_A_Fujian_411_2002,Fuj02,2004,12,20,0
CY002791_A_New_York_232_2004,EPI358781_A_Fujian_411_2002,Fuj02,2004,12,9,0
CY003079_A_New_York_123_2004,EPI358781_A_Fujian_411_2002,Fuj02,2004,12,16,0
CY019156_A_New_York_900_2004,EPI358781_A_Fujian_411_2002,Fuj02,2004,12,22,0
CY019164_A_New_York_900_2004,EPI358781_A_Fujian_411_2002,Fuj02,2004,12,22,0
CY019180_A_New_York_905_2004,EPI358781_A_Fujian_411_2002,Fuj02,2004,12,27,0
CY019260_A_New_York_908_2004,EPI358781_A_Fujian_411_2002,Fuj02,2004,12,27,0
CY112996_A_Netherlands_132_2004,EPI358781_A_Fujian_411_2002,Fuj02,2004,12,4,0
CY002007_A_New_York_359_2005,EPI358781_A_Fujian_411_2002,Fuj02,2005,1,17,0
CY019300_A_New_York_913_2005,EPI358781_A_Fujian_411_2002,Fuj02,2005,1,10,0
CY019308_A_New_York_918_2005,EPI358781_A_Fujian_411_2002,Fuj02,2005,1,10,0
CY019324_A_New_York_918_2005,EPI358781_A_Fujian_411_2002,Fuj02,2005,1,10,0
CY020540_A_New_York_913_2005,EPI358781_A_Fujian_411_2002,Fuj02,2005,1,10,0
CY038686_A_Hong_Kong_HKU42_2005,EPI358781_A_Fujian_411_2002,Fuj02,2005,1,6,0
EPI502253_A_Wisconsin_67_2005,EPI358781_A_Fujian_411_2002,Fuj02,2005,1,1,0
CY002015_A_New_York_361_2005,EPI358781_A_Fujian_411_2002,Fuj02,2005,2,2,0
CY002463_A_New_York_373_2005,EPI358781_A_Fujian_411_2002,Fuj02,2005,2,22,0
CY003647_A_New_York_463_2005,EPI358781_A_Fujian_411_2002,Fuj02,2005,2,9,0
CY090996_A_South_Carolina_NHRC0001_2005,EPI358781_A_Fujian_411_2002,Fuj02,2005,2,11,0
CY091140_A_Texas_NHRC0001_2005,EPI358781_A_Fujian_411_2002,Fuj02,2005,2,16,0
CY091436_A_California_NHRC0002_2005,EPI358781_A_Fujian_411_2002,Fuj02,2005,2,7,1
CY002079_A_New_York_396_2005,EPI358781_A_Fujian_411_2002,Fuj02,2005,3,4,0
CY006091_A_New_York_465_2005,EPI358781_A_Fujian_411_2002,Fuj02,2005,3,8,0
CY039062_A_Hong_Kong_HKU45_2005,EPI358781_A_Fujian_411_2002,Fuj02,2005,3,7,0
CY039070_A_Hong_Kong_HKU47_2005,EPI358781_A_Fujian_411_2002,Fuj02,2005,3,19,1
CY040329_A_Hong_Kong_HKU52_2005,EPI358781_A_Fujian_411_2002,Fuj02,2005,4,16,0
CY091012_A_Illinois_NHRC0001_2005,EPI358781_A_Fujian_411_2002,Fuj02,2005,4,6,0
CY038702_A_Hong_Kong_HKU62_2005,EPI358781_A_Fujian_411_2002,Fuj02,2005,5,13,0
CY038710_A_Hong_Kong_HKU65_2005,EPI358781_A_Fujian_411_2002,Fuj02,2005,5,17,0
CY038718_A_Hong_Kong_HKU67_2005,EPI358781_A_Fujian_411_2002,Fuj02,2005,5,23,1
CY038734_A_Hong_Kong_HKU69_2005,EPI358781_A_Fujian_411_2002,Fuj02,2005,5,27,0
CY038742_A_Hong_Kong_HKU70_2005,EPI358781_A_Fujian_411_2002,Fuj02,2005,5,30,0
CY039214_A_Hong_Kong_HKU58_2005,EPI358781_A_Fujian_411_2002,Fuj02,2005,5,5,0
CY039230_A_Hong_Kong_HKU61_2005,EPI358781_A_Fujian_411_2002,Fuj02,2005,5,11,1
CY039238_A_Hong_Kong_HKU63_2005,EPI358781_A_Fujian_411_2002,Fuj02,2005,5,14,0
CY040345_A_Hong_Kong_HKU75_2005,EPI358781_A_Fujian_411_2002,Fuj02,2005,6,17,0
CY040353_A_Hong_Kong_HKU76_2005,EPI358781_A_Fujian_411_2002,Fuj02,2005,6,21,0
CY040361_A_Hong_Kong_HKU77_2005,EPI358781_A_Fujian_411_2002,Fuj02,2005,6,29,0
CY043767_A_Hong_Kong_HKU72_2005,EPI358781_A_Fujian_411_2002,Fuj02,2005,6,1,0
CY044404_A_Hong_Kong_HKU73_2005,EPI358781_A_Fujian_411_2002,Fuj02,2005,6,2,0
CY091316_A_Hong_Kong_NHRC0001_2005,EPI358781_A_Fujian_411_2002,Fuj02,2005,6,15,0
CY038758_A_Hong_Kong_HKU79_2005,EPI358781_A_Fujian_411_2002,Fuj02,2005,7,16,0
CY043775_A_Hong_Kong_HKU78_2005,EPI358781_A_Fujian_411_2002,Fuj02,2005,7,9,0
KJ855424_A_Mexico_QUE2270_2005,EPI358781_A_Fujian_411_2002,Fuj02,2005,8,11,1
CY100575_A_Mexico_InDRE2246_2005,EPI358781_A_Fujian_411_2002,Fuj02,2005,9,11,0
KJ855472_A_Mexico_TLA2227_2005,EPI358781_A_Fujian_411_2002,Fuj02,2005,9,11,0
CY172198_A_New_York_1001_2005,EPI367109_A_California_7_2004,Cal04,2005,11,10,0
CY091036_A_Illinois_NHRC0002_2005,EPI367109_A_California_7_2004,Cal04,2005,12,23,0
CY091532_A_California_NHRC0006_2005,EPI367109_A_California_7_2004,Cal04,2005,12,2,0
CY113004_A_Netherlands_548_2005,EPI367109_A_California_7_2004,Cal04,2005,12,26,0
CY172390_A_New_York_1028_2006,EPI367109_A_California_7_2004,Cal04,2006,2,20,1
CY019866_A_New_York_938_2006,EPI367109_A_California_7_2004,Cal04,2006,3,2,0
CY020372_A_New_York_938_2006,EPI367109_A_California_7_2004,Cal04,2006,3,2,0
CY114404_A_Netherlands_363_2006,EPI502253_A_Wisconsin_67_2005,Wis05,2006,12,24,0
CY039406_A_Taiwan_70002_2007,EPI502253_A_Wisconsin_67_2005,Wis05,2007,1,2,0
CY039414_A_Taiwan_70113_2007,EPI502253_A_Wisconsin_67_2005,Wis05,2007,1,15,0
CY025428_A_California_UR06_0347_2007,EPI502253_A_Wisconsin_67_2005,Wis05,2007,2,19,0
CY027570_A_Texas_UR06_0358_2007,EPI502253_A_Wisconsin_67_2005,Wis05,2007,2,20,0
CY040057_A_Taiwan_70307_2007,EPI502253_A_Wisconsin_67_2005,Wis05,2007,2,3,0
CY114412_A_Netherlands_69_2007,EPI502253_A_Wisconsin_67_2005,Wis05,2007,2,19,0
EPI577980_A_Brisbane_10_2007,EPI502253_A_Wisconsin_67_2005,Wis05,2007,2,6,0
CY040073_A_Taiwan_2361_2007,EPI502253_A_Wisconsin_67_2005,Wis05,2007,11,12,0
CY114420_A_Netherlands_348_2007,EPI502253_A_Wisconsin_67_2005,Wis05,2007,11,6,0
CY037310_A_Qatar_AF02_2008,EPI502253_A_Wisconsin_67_2005,Wis05,2008,1,29,1
CY040105_A_Taiwan_70120_2008,EPI502253_A_Wisconsin_67_2005,Wis05,2008,1,15,0
CY037326_A_Korea_AF05_2008,EPI502253_A_Wisconsin_67_2005,Wis05,2008,2,19,0
CY044603_A_Boston_40_2008,EPI502253_A_Wisconsin_67_2005,Wis05,2008,2,15,0
CY173286_A_New_York_1155_2008,EPI502253_A_Wisconsin_67_2005,Wis05,2008,3,27,1
CY044827_A_Boston_88_2008,EPI502253_A_Wisconsin_67_2005,Wis05,2008,4,16,1
CY113020_A_Netherlands_377_2008,EPI502253_A_Wisconsin_67_2005,Wis05,2008,9,27,1
CY147666_A_Mexico_24013_2008,EPI577980_A_Brisbane_10_2007,Bris07,2008,12,1,0
CY093316_A_Kyrgyzstan_WRAIR1256P_2008,EPI577980_A_Brisbane_10_2007,Bris07,2008,12,1,0
CY089756_A_Boston_75_2009,EPI577980_A_Brisbane_10_2007,Bris07,2009,1,16,0
CY093237_A_South_Korea_WRAIR1171P_2009,EPI577980_A_Brisbane_10_2007,Bris07,2009,1,1,0
CY093348_A_Kuwait_WRAIR1561P_2009,EPI577980_A_Brisbane_10_2007,Bris07,2009,1,1,0
CY113028_A_Netherlands_69_2009,EPI577980_A_Brisbane_10_2007,Bris07,2009,1,12,0
CY069426_A_Japan_WRAIR1140P_2009,EPI577980_A_Brisbane_10_2007,Bris07,2009,2,9,0
CY089740_A_Boston_40_2009,EPI577980_A_Brisbane_10_2007,Bris07,2009,2,27,0
CY050611_A_New_York_3018_2009,EPI577980_A_Brisbane_10_2007,Bris07,2009,4,27,1
CY050731_A_New_York_3143_2009,EPI577980_A_Brisbane_10_2007,Bris07,2009,4,30,0
CY064830_A_California_VRDL138_2009,EPI577980_A_Brisbane_10_2007,Bris07,2009,4,29,0
CY068104_A_California_VRDL368_2009,EPI577980_A_Brisbane_10_2007,Bris07,2009,4,27,0
CY068208_A_California_VRDL170_2009,EPI577980_A_Brisbane_10_2007,Bris07,2009,4,28,0
CY068232_A_California_VRDL188_2009,EPI577980_A_Brisbane_10_2007,Bris07,2009,4,29,0
CY068296_A_California_VRDL247_2009,EPI577980_A_Brisbane_10_2007,Bris07,2009,4,29,0
CY068360_A_California_VRDL263_2009,EPI577980_A_Brisbane_10_2007,Bris07,2009,4,30,0
CY068416_A_California_VRDL277_2009,EPI577980_A_Brisbane_10_2007,Bris07,2009,4,30,0
CY068640_A_California_VRDL394_2009,EPI577980_A_Brisbane_10_2007,Bris07,2009,4,28,0
CY068781_A_California_VRDL205_2009,EPI577980_A_Brisbane_10_2007,Bris07,2009,4,29,0
CY069322_A_Korea_WRAIR1038P_2009,EPI577980_A_Brisbane_10_2007,Bris07,2009,4,9,0
EPI577969_A_Perth_16_2009,EPI577980_A_Brisbane_10_2007,Bris07,2009,4,7,0
CY050795_A_New_York_3491_2009,EPI577980_A_Brisbane_10_2007,Bris07,2009,5,11,0
CY050827_A_New_York_3738_2009,EPI577980_A_Brisbane_10_2007,Bris07,2009,5,20,0
CY067976_A_California_VRDL339_2009,EPI577980_A_Brisbane_10_2007,Bris07,2009,5,4,0
CY068336_A_California_VRDL260_2009,EPI577980_A_Brisbane_10_2007,Bris07,2009,5,1,0
CY068480_A_California_VRDL309_2009,EPI577980_A_Brisbane_10_2007,Bris07,2009,5,2,0
CY077432_A_California_VRDL356_2009,EPI577980_A_Brisbane_10_2007,Bris07,2009,6,2,0
CY084416_A_New_York_3918_2009,EPI577980_A_Brisbane_10_2007,Bris07,2009,6,5,0
CY113044_A_Netherlands_761_2009,EPI577980_A_Brisbane_10_2007,Bris07,2009,6,25,0
CY106599_A_Hong_Kong_H090_671_V10_2009,EPI577980_A_Brisbane_10_2007,Bris07,2009,7,6,1
CY106647_A_Hong_Kong_H090_689_V22_2009,EPI577980_A_Brisbane_10_2007,Bris07,2009,7,12,0
CY106655_A_Hong_Kong_H090_692_V10_2009,EPI577980_A_Brisbane_10_2007,Bris07,2009,7,10,0
CY106703_A_Hong_Kong_H090_714_V10_2009,EPI577980_A_Brisbane_10_2007,Bris07,2009,7,15,0
CY106735_A_Hong_Kong_H090_720_V31_2009,EPI577980_A_Brisbane_10_2007,Bris07,2009,7,24,1
CY106743_A_Hong_Kong_H090_724_V10_2009,EPI577980_A_Brisbane_10_2007,Bris07,2009,7,20,0
CY106751_A_Hong_Kong_H090_724_V20_2009,EPI577980_A_Brisbane_10_2007,Bris07,2009,7,22,0
CY106791_A_Hong_Kong_H090_733_V10_2009,EPI577980_A_Brisbane_10_2007,Bris07,2009,7,22,0
CY106847_A_Hong_Kong_H090_739_V22_2009,EPI577980_A_Brisbane_10_2007,Bris07,2009,7,27,0
CY106863_A_Hong_Kong_H090_739_V33_2009,EPI577980_A_Brisbane_10_2007,Bris07,2009,7,29,0
CY106871_A_Hong_Kong_H090_741_V10_2009,EPI577980_A_Brisbane_10_2007,Bris07,2009,7,24,0
CY106879_A_Hong_Kong_H090_747_V10_2009,EPI577980_A_Brisbane_10_2007,Bris07,2009,7,28,0
CY115527_A_Hong_Kong_H090_689_V20_2009,EPI577980_A_Brisbane_10_2007,Bris07,2009,7,12,0
CY115647_A_Hong_Kong_H090_726_V10_2009,EPI577980_A_Brisbane_10_2007,Bris07,2009,7,20,0
CY115687_A_Hong_Kong_H090_734_V32_2009,EPI577980_A_Brisbane_10_2007,Bris07,2009,7,27,0
CY115727_A_Hong_Kong_H090_739_V23_2009,EPI577980_A_Brisbane_10_2007,Bris07,2009,7,27,0
CY115735_A_Hong_Kong_H090_739_V33_2009,EPI577980_A_Brisbane_10_2007,Bris07,2009,7,29,0
KY049985_A_Qinghai_178_2010,EPI577980_A_Brisbane_10_2007,Bris07,2010,3,15,1
CY072221_A_New_York_20343_2010,EPI577980_A_Brisbane_10_2007,Bris07,2010,6,16,1
HQ664917_A_Nanjing_1655_2010,EPI577980_A_Brisbane_10_2007,Bris07,2010,9,10,0
HQ664922_A_Nanjing_1654_2010,EPI577980_A_Brisbane_10_2007,Bris07,2010,9,10,0
HQ664929_A_Nanjing_1663_2010,EPI577980_A_Brisbane_10_2007,Bris07,2010,9,10,0
CY093221_A_District_of_Columbia_WRAIR0300_2010,EPI577969_A_Perth_16_2009,Prth09,2010,11,17,0
MK729833_A_New_York_WC_LVD_10_001_2010,EPI577969_A_Perth_16_2009,Prth09,2010,11,4,0
CY093540_A_Mexico_City_WRAIR3579T_2010,EPI577969_A_Perth_16_2009,Prth09,2010,12,9,0
CY114516_A_Netherlands_034_2010,EPI577969_A_Perth_16_2009,Prth09,2010,12,23,0
KC882441_A_Iowa_19_2010,EPI577969_A_Perth_16_2009,Prth09,2010,12,30,0
KC882476_A_Texas_24_2010,EPI577969_A_Perth_16_2009,Prth09,2010,12,31,0
KT888262_A_Mexico_City_1514A00904139N_CP2_2010,EPI577969_A_Perth_16_2009,Prth09,2010,12,29,0
MK729873_A_New_York_WC_LVD_10_006_2010,EPI577969_A_Perth_16_2009,Prth09,2010,12,16,0
CY091580_A_Illinois_NHRC0002_2011,EPI577969_A_Perth_16_2009,Prth09,2011,1,19,0
CY091588_A_California_NHRC0001_2011,EPI577969_A_Perth_16_2009,Prth09,2011,1,14,0
CY092272_A_California_NHRC0003_2011,EPI577969_A_Perth_16_2009,Prth09,2011,1,28,0
CY092288_A_California_NHRC0002_2011,EPI577969_A_Perth_16_2009,Prth09,2011,1,16,0
CY111165_A_Boston_DOA05_2011,EPI577969_A_Perth_16_2009,Prth09,2011,1,11,0
CY114428_A_Netherlands_063_2011,EPI577969_A_Perth_16_2009,Prth09,2011,1,5,0
CY167515_A_Tennessee_F2018A_2011,EPI577969_A_Perth_16_2009,Prth09,2011,1,24,0
KC882565_A_New_Jersey_01_2011,EPI577969_A_Perth_16_2009,Prth09,2011,1,11,0
CY111309_A_Boston_DOA48_2011,EPI577969_A_Perth_16_2009,Prth09,2011,2,16,0
CY111317_A_Boston_DOA51_2011,EPI577969_A_Perth_16_2009,Prth09,2011,2,18,0
CY134520_A_Boston_DOA38_2011,EPI577969_A_Perth_16_2009,Prth09,2011,2,12,0
CY134568_A_Boston_DOA47_2011,EPI577969_A_Perth_16_2009,Prth09,2011,2,14,0
CY167571_A_Tennessee_F2031A_2011,EPI577969_A_Perth_16_2009,Prth09,2011,2,7,0
KC882641_A_Texas_06_2011,EPI577969_A_Perth_16_2009,Prth09,2011,2,5,0
KR137644_A_Bethesda_NIH12_2011,EPI577969_A_Perth_16_2009,Prth09,2011,2,15,0
CY111421_A_Boston_DOA78_2011,EPI577969_A_Perth_16_2009,Prth09,2011,3,14,0
EPI417234_A_Victoria_361_2011,EPI577969_A_Perth_16_2009,Prth09,2011,10,24,0
KT888275_A_Hong_Kong_1514A01704826T_2011,EPI577969_A_Perth_16_2009,Prth09,2011,11,15,1
KT888268_A_Amman_1514A01004465T_2011,EPI577969_A_Perth_16_2009,Prth09,2011,12,5,0
KT888283_A_Budapest_1514A07804502N_2011,EPI577969_A_Perth_16_2009,Prth09,2011,12,12,0
KT889087_A_Japan_22_2011,EPI577969_A_Perth_16_2009,Prth09,2011,12,20,1
KT888257_A_Moscow_1514A00504942N_2012,EPI577969_A_Perth_16_2009,Prth09,2012,1,19,0
KT888258_A_Moscow_1514A00504950T_2012,EPI577969_A_Perth_16_2009,Prth09,2012,1,11,0
KT888267_A_Amman_1514A01004462T_2012,EPI577969_A_Perth_16_2009,Prth09,2012,1,11,0
KT888281_A_Sarajevo_1514A06604486N_2012,EPI577969_A_Perth_16_2009,Prth09,2012,1,11,0
KT888944_A_Yokosuka_SE680_2012,EPI577969_A_Perth_16_2009,Prth09,2012,1,24,0
KT889082_A_Japan_17_2012,EPI577969_A_Perth_16_2009,Prth09,2012,1,31,0
KT889083_A_Korea_18_2012,EPI577969_A_Perth_16_2009,Prth09,2012,1,24,1
KT889099_A_Korea_37_2012,EPI577969_A_Perth_16_2009,Prth09,2012,1,19,0
KT889102_A_Kyrgyzstan_40_2012,EPI577969_A_Perth_16_2009,Prth09,2012,1,12,0
KT889103_A_Kyrgyzstan_41_2012,EPI577969_A_Perth_16_2009,Prth09,2012,1,12,0
KT889104_A_Japan_42_2012,EPI577969_A_Perth_16_2009,Prth09,2012,1,31,0
KT889107_A_Korea_45_2012,EPI577969_A_Perth_16_2009,Prth09,2012,1,13,0
KT889108_A_Korea_47_2012,EPI577969_A_Perth_16_2009,Prth09,2012,1,20,1
KT888945_A_Yokosuka_SE863_2012,EPI577969_A_Perth_16_2009,Prth09,2012,2,3,0
KT889105_A_Japan_43_2012,EPI577969_A_Perth_16_2009,Prth09,2012,2,5,0
KC892843_A_Nevada_12_2012,EPI577969_A_Perth_16_2009,Prth09,2012,3,30,0
KT888260_A_Moscow_1514A00505153N_2012,EPI577969_A_Perth_16_2009,Prth09,2012,3,23,0
KT889091_A_Japan_26_2012,EPI577969_A_Perth_16_2009,Prth09,2012,3,5,0
EPI556813_A_Texas_50_2012,EPI577969_A_Perth_16_2009,Prth09,2012,4,15,0
KT888259_A_Moscow_1514A00505149T_2012,EPI577969_A_Perth_16_2009,Prth09,2012,4,12,0
KT888261_A_Moscow_1514A00505162N_2012,EPI577969_A_Perth_16_2009,Prth09,2012,4,13,0
KT888279_A_Prague_1514A06404885N_2012,EPI577969_A_Perth_16_2009,Prth09,2012,4,12,0
MK640845_A_China_38887_2012,EPI577969_A_Perth_16_2009,Prth09,2012,8,29,1
MK640846_A_China_38888_2012,EPI577969_A_Perth_16_2009,Prth09,2012,8,29,0
MK640847_A_China_39207_2012,EPI577969_A_Perth_16_2009,Prth09,2012,9,26,1
MK730233_A_New_York_WC_LVD_12_051_2012,EPI417234_A_Victoria_361_2011,Vic11,2012,10,5,0
CY134779_A_Texas_JMM_8_2012,EPI417234_A_Victoria_361_2011,Vic11,2012,11,20,0
CY135131_A_Texas_JMM_54_2012,EPI417234_A_Victoria_361_2011,Vic11,2012,12,6,0
CY148427_A_Boston_DOA2_112_2012,EPI417234_A_Victoria_361_2011,Vic11,2012,12,4,0
CY148547_A_Boston_DOA2_128_2012,EPI417234_A_Victoria_361_2011,Vic11,2012,12,18,0
CY167934_A_Boston_YGA_00008_2012,EPI417234_A_Victoria_361_2011,Vic11,2012,12,19,0
CY168846_A_Boston_YGA_01045_2012,EPI417234_A_Victoria_361_2011,Vic11,2012,12,25,0
CY168878_A_Boston_YGA_01049_2012,EPI417234_A_Victoria_361_2011,Vic11,2012,12,26,0
CY170126_A_Boston_YGA_02003_2012,EPI417234_A_Victoria_361_2011,Vic11,2012,12,17,0
CY171246_A_Chicago_YGA_04053_2012,EPI417234_A_Victoria_361_2011,Vic11,2012,12,18,0
CY171270_A_Chicago_YGA_04056_2012,EPI417234_A_Victoria_361_2011,Vic11,2012,12,18,0
CY171342_A_Chicago_YGA_04090_2012,EPI417234_A_Victoria_361_2011,Vic11,2012,12,26,0
CY171406_A_Chicago_YGA_04102_2012,EPI417234_A_Victoria_361_2011,Vic11,2012,12,27,0
CY182800_A_Houston_JMM_74_2012,EPI417234_A_Victoria_361_2011,Vic11,2012,12,15,0
CY182848_A_Houston_JMM_80_2012,EPI417234_A_Victoria_361_2011,Vic11,2012,12,18,0
CY182880_A_Houston_JMM_85_2012,EPI417234_A_Victoria_361_2011,Vic11,2012,12,19,0
CY182960_A_Houston_JMM_96_2012,EPI417234_A_Victoria_361_2011,Vic11,2012,12,29,0
MK640848_A_China_41303_2012,EPI417234_A_Victoria_361_2011,Vic11,2012,12,24,0
MK640849_A_China_41304_2012,EPI417234_A_Victoria_361_2011,Vic11,2012,12,24,0
MK730273_A_New_York_WC_LVD_12_057_2012,EPI417234_A_Victoria_361_2011,Vic11,2012,12,7,0
MK730497_A_New_York_WC_LVD_12_086_2012,EPI417234_A_Victoria_361_2011,Vic11,2012,12,17,0
MK970023_A_Maryland_22_1_2012,EPI417234_A_Victoria_361_2011,Vic11,2012,12,12,0
CY148707_A_Boston_DOA2_149_2013,EPI417234_A_Victoria_361_2011,Vic11,2013,1,9,0
CY148787_A_Boston_DOA2_161_2013,EPI417234_A_Victoria_361_2011,Vic11,2013,1,2,0
CY148923_A_Boston_DOA2_180_2013,EPI417234_A_Victoria_361_2011,Vic11,2013,1,13,0
CY149131_A_Boston_DOA2_218_2013,EPI417234_A_Victoria_361_2011,Vic11,2013,1,15,0
CY149323_A_Boston_DOA2_245_2013,EPI417234_A_Victoria_361_2011,Vic11,2013,1,25,0
CY168094_A_Boston_YGA_00035_2013,EPI417234_A_Victoria_361_2011,Vic11,2013,1,10,0
CY168238_A_Boston_YGA_00054_2013,EPI417234_A_Victoria_361_2011,Vic11,2013,1,24,0
CY169366_A_Boston_YGA_01115_2013,EPI417234_A_Victoria_361_2011,Vic11,2013,1,1,0
CY169798_A_Boston_YGA_01173_2013,EPI417234_A_Victoria_361_2011,Vic11,2013,1,17,0
CY169878_A_Boston_YGA_01186_2013,EPI417234_A_Victoria_361_2011,Vic11,2013,1,21,0
CY170350_A_Boston_YGA_02039_2013,EPI417234_A_Victoria_361_2011,Vic11,2013,1,19,0
CY170574_A_Santa_Clara_YGA_03016_2013,EPI417234_A_Victoria_361_2011,Vic11,2013,1,17,0
CY170998_A_Santa_Clara_YGA_03074_2013,EPI417234_A_Victoria_361_2011,Vic11,2013,1,8,0
CY171638_A_Chicago_YGA_04135_2013,EPI417234_A_Victoria_361_2011,Vic11,2013,1,3,0
CY171734_A_Chicago_YGA_04198_2013,EPI417234_A_Victoria_361_2011,Vic11,2013,1,23,0
CY183136_A_Houston_JMM_120_2013,EPI417234_A_Victoria_361_2011,Vic11,2013,1,8,0
KT888272_A_Kabul_1514A01305430N_2013,EPI417234_A_Victoria_361_2011,Vic11,2013,1,7,0
MK640850_A_China_41678_2013,EPI417234_A_Victoria_361_2011,Vic11,2013,1,5,0
MK640851_A_China_41691_2013,EPI417234_A_Victoria_361_2011,Vic11,2013,1,5,0
MK818117_A_Maryland_63_5D_2013,EPI417234_A_Victoria_361_2011,Vic11,2013,1,11,0
KT888280_A_Pristina_1514A06505401N_2013,EPI417234_A_Victoria_361_2011,Vic11,2013,2,6,0
KT888284_A_Budapest_1514A07805419T_2013,EPI417234_A_Victoria_361_2011,Vic11,2013,2,5,0
KT888285_A_Budapest_1514A07805832T_2013,EPI417234_A_Victoria_361_2011,Vic11,2013,2,6,0
MK817973_A_Maryland_178_5D_2013,EPI417234_A_Victoria_361_2011,Vic11,2013,2,7,0
MK969839_A_Maryland_127_17D_2013,EPI417234_A_Victoria_361_2011,Vic11,2013,2,4,0
KF034876_A_Suzhou_1275_2013,EPI417234_A_Victoria_361_2011,Vic11,2013,4,4,0
MK640852_A_China_44381_2013,EPI417234_A_Victoria_361_2011,Vic11,2013,4,9,0
KT888276_A_Taipei_1514A02605215N_2013,EPI417234_A_Victoria_361_2011,Vic11,2013,5,7,0
KT888277_A_Taipei_1514A02605215T_2013,EPI417234_A_Victoria_361_2011,Vic11,2013,5,7,0
EPI614441_A_Switzerland_9715293_2013,EPI417234_A_Victoria_361_2011,Vic11,2013,12,6,1
MK640853_A_China_51045_2013,EPI417234_A_Victoria_361_2011,Vic11,2013,12,29,0
LC032990_A_Hokkaido_13H009_2014,EPI417234_A_Victoria_361_2011,Vic11,2014,1,14,0
LC033126_A_Niigata_13F024_2014,EPI417234_A_Victoria_361_2011,Vic11,2014,1,31,0
LC033326_A_Nagasaki_13N046_2014,EPI417234_A_Victoria_361_2011,Vic11,2014,1,30,0
LC033310_A_Nagasaki_13N007_2014,EPI417234_A_Victoria_361_2011,Vic11,2014,1,13,0
LC033302_A_Nagasaki_13N004_2014,EPI417234_A_Victoria_361_2011,Vic11,2014,1,2,0
MK640854_A_China_51323_2014,EPI417234_A_Victoria_361_2011,Vic11,2014,1,6,0
MK640855_A_China_51340_2014,EPI417234_A_Victoria_361_2011,Vic11,2014,1,6,0
LC032870_A_Kyoto_13K025_2014,EPI417234_A_Victoria_361_2011,Vic11,2014,2,5,0
LC032886_A_Kyoto_13K054_2014,EPI417234_A_Victoria_361_2011,Vic11,2014,2,13,0
LC033134_A_Niigata_13F335_2014,EPI417234_A_Victoria_361_2011,Vic11,2014,3,3,0
MK640856_A_China_55254_2014,EPI417234_A_Victoria_361_2011,Vic11,2014,5,8,0
MK640857_A_China_55312_2014,EPI417234_A_Victoria_361_2011,Vic11,2014,5,13,1
KR057629_A_Hawaii_39_2014,EPI417234_A_Victoria_361_2011,Vic11,2014,8,13,0
KR057691_A_California_18_2014,EPI417234_A_Victoria_361_2011,Vic11,2014,8,8,0
KT837113_A_California_19_2014,EPI417234_A_Victoria_361_2011,Vic11,2014,9,4,0
KT837844_A_Colorado_15_2014,EPI417234_A_Victoria_361_2011,Vic11,2014,10,4,0
KT837873_A_Mississippi_05_2014,EPI417234_A_Victoria_361_2011,Vic11,2014,10,14,0
KT838103_A_Maryland_28_2014,EPI417234_A_Victoria_361_2011,Vic11,2014,10,14,0
KT838296_A_Minnesota_28_2014,EPI417234_A_Victoria_361_2011,Vic11,2014,10,18,1
KT838328_A_Louisiana_11_2014,EPI417234_A_Victoria_361_2011,Vic11,2014,10,21,0
KY681484_A_Saudi_Arabia_07_2014,EPI417234_A_Victoria_361_2011,Vic11,2014,10,4,0
CY207882_A_New_York_WC_LVD_14_097_2014,EPI417234_A_Victoria_361_2011,Vic11,2014,11,10,0
KT838891_A_Georgia_04_2014,EPI417234_A_Victoria_361_2011,Vic11,2014,11,20,0
KT838993_A_Missouri_11_2014,EPI417234_A_Victoria_361_2011,Vic11,2014,11,18,0
KT839062_A_Texas_62_2014,EPI417234_A_Victoria_361_2011,Vic11,2014,11,3,1
KT839395_A_Pennsylvania_49_2014,EPI417234_A_Victoria_361_2011,Vic11,2014,11,28,0
MK640859_A_China_59100_2014,EPI417234_A_Victoria_361_2011,Vic11,2014,11,14,0
CY207362_A_New_York_WC_LVD_14_073_2014,EPI417234_A_Victoria_361_2011,Vic11,2014,12,3,0
CY207634_A_New_York_WC_LVD_14_094_2014,EPI417234_A_Victoria_361_2011,Vic11,2014,12,26,0
KT839657_A_Alabama_10_2014,EPI417234_A_Victoria_361_2011,Vic11,2014,12,4,0
KT840076_A_Tennessee_15_2014,EPI417234_A_Victoria_361_2011,Vic11,2014,12,9,0
KT840285_A_Virginia_37_2014,EPI417234_A_Victoria_361_2011,Vic11,2014,12,5,0
KT840798_A_Massachusetts_23_2014,EPI417234_A_Victoria_361_2011,Vic11,2014,12,14,0
KT840865_A_Washington_60_2014,EPI417234_A_Victoria_361_2011,Vic11,2014,12,23,0
KT841078_A_California_43_2014,EPI417234_A_Victoria_361_2011,Vic11,2014,12,23,0
KY487521_A_Columbia_P0079_2014,EPI417234_A_Victoria_361_2011,Vic11,2014,12,25,0
KY615536_A_Columbia_P0112_2014,EPI417234_A_Victoria_361_2011,Vic11,2014,12,27,0
MK640865_A_China_60938_2014,EPI417234_A_Victoria_361_2011,Vic11,2014,12,9,0
MK640867_A_China_J7525_2014,EPI417234_A_Victoria_361_2011,Vic11,2014,12,9,0
MK640868_A_China_J7506_2014,EPI417234_A_Victoria_361_2011,Vic11,2014,12,9,0
MK640871_A_China_60701_2014,EPI417234_A_Victoria_361_2011,Vic11,2014,12,11,0
MK640877_A_China_61248_2014,EPI417234_A_Victoria_361_2011,Vic11,2014,12,16,0
MK640878_A_China_61391_2014,EPI417234_A_Victoria_361_2011,Vic11,2014,12,18,0
MK640879_A_China_61007_2014,EPI417234_A_Victoria_361_2011,Vic11,2014,12,18,0
MK640881_A_China_60736_2014,EPI417234_A_Victoria_361_2011,Vic11,2014,12,18,0
MK640882_A_China_60786_2014,EPI417234_A_Victoria_361_2011,Vic11,2014,12,18,0
MK640885_A_China_61309_2014,EPI417234_A_Victoria_361_2011,Vic11,2014,12,18,0
MK640887_A_China_61520_2014,EPI417234_A_Victoria_361_2011,Vic11,2014,12,19,0
MK640892_A_China_61481_2014,EPI417234_A_Victoria_361_2011,Vic11,2014,12,23,0
KT835748_A_Maryland_02_2015,EPI417234_A_Victoria_361_2011,Vic11,2015,1,24,0
KT835964_A_California_20_2015,EPI417234_A_Victoria_361_2011,Vic11,2015,1,20,0
KT836015_A_North_Carolina_25_2015,EPI417234_A_Victoria_361_2011,Vic11,2015,1,25,0
KT836198_A_North_Carolina_03_2015,EPI417234_A_Victoria_361_2011,Vic11,2015,1,20,0
KT836316_A_West_Virginia_07_2015,EPI417234_A_Victoria_361_2011,Vic11,2015,1,25,0
KT836426_A_Iowa_12_2015,EPI417234_A_Victoria_361_2011,Vic11,2015,1,30,0
KT841228_A_North_Carolina_06_2015,EPI417234_A_Victoria_361_2011,Vic11,2015,1,7,0
KT841571_A_Rhode_Island_05_2015,EPI417234_A_Victoria_361_2011,Vic11,2015,1,7,0
KT841585_A_South_Dakota_01_2015,EPI417234_A_Victoria_361_2011,Vic11,2015,1,5,0
KT841691_A_Kentucky_01_2015,EPI417234_A_Victoria_361_2011,Vic11,2015,1,1,0
KT841712_A_Wisconsin_02_2015,EPI417234_A_Victoria_361_2011,Vic11,2015,1,6,0
MK640894_A_China_62885_2015,EPI417234_A_Victoria_361_2011,Vic11,2015,1,27,0
MK640895_A_China_62889_2015,EPI417234_A_Victoria_361_2011,Vic11,2015,1,27,0
MK640896_A_China_62895_2015,EPI417234_A_Victoria_361_2011,Vic11,2015,1,27,0
KT842043_A_Indiana_13_2015,EPI417234_A_Victoria_361_2011,Vic11,2015,2,17,0
KT842079_A_Pennsylvania_05_2015,EPI417234_A_Victoria_361_2011,Vic11,2015,2,6,0
KT842218_A_Delaware_18_2015,EPI417234_A_Victoria_361_2011,Vic11,2015,2,23,0
MK640897_A_China_63513_2015,EPI417234_A_Victoria_361_2011,Vic11,2015,2,17,1
KT842837_A_South_Dakota_35_2015,EPI417234_A_Victoria_361_2011,Vic11,2015,3,14,1
KT842864_A_North_Dakota_06_2015,EPI417234_A_Victoria_361_2011,Vic11,2015,3,8,0
KT844048_A_Washington_36_2015,EPI417234_A_Victoria_361_2011,Vic11,2015,5,10,0
KT843646_A_Alaska_26_2015,EPI417234_A_Victoria_361_2011,Vic11,2015,6,14,0
KT844075_A_Alaska_69_2015,EPI417234_A_Victoria_361_2011,Vic11,2015,6,26,1
KT843589_A_Iowa_34_2015,EPI417234_A_Victoria_361_2011,Vic11,2015,7,30,0
KT844012_A_Iowa_28_2015,EPI417234_A_Victoria_361_2011,Vic11,2015,7,30,0
MK640899_A_China_66886_2015,EPI417234_A_Victoria_361_2011,Vic11,2015,7,22,1
KT843896_A_Ohio_26_2015,EPI417234_A_Victoria_361_2011,Vic11,2015,8,17,1
MK640901_A_China_67013_2015,EPI417234_A_Victoria_361_2011,Vic11,2015,8,24,0
KU589864_A_New_Hampshire_40_2015,EPI417234_A_Victoria_361_2011,Vic11,2015,9,14,1
KU590701_A_Ohio_28_2015,EPI417234_A_Victoria_361_2011,Vic11,2015,9,17,0
KY116931_A_Alaska_232_2015,EPI417234_A_Victoria_361_2011,Vic11,2015,9,9,1
KY509828_A_Seoul_1595_2015,EPI417234_A_Victoria_361_2011,Vic11,2015,9,14,1
KY681500_A_Saudi_Arabia_28_2015,EPI417234_A_Victoria_361_2011,Vic11,2015,9,25,0
EPI686117_A_Hong_Kong_15611_2015,EPI614441_A_Switzerland_9715293_2013,Swtz13,2015,10,19,1
KU591160_A_Hawaii_68_2015,EPI614441_A_Switzerland_9715293_2013,Swtz13,2015,10,5,0
KU592163_A_Hawaii_74_2015,EPI614441_A_Switzerland_9715293_2013,Swtz13,2015,10,9,0
KU592184_A_South_Dakota_39_2015,EPI614441_A_Switzerland_9715293_2013,Swtz13,2015,10,13,0
KX412042_A_Iowa_45_2015,EPI614441_A_Switzerland_9715293_2013,Swtz13,2015,10,22,0
KY615571_A_Taipei_0011_2015,EPI614441_A_Switzerland_9715293_2013,Swtz13,2015,12,24,0
MK640903_A_China_70219_2015,EPI614441_A_Switzerland_9715293_2013,Swtz13,2015,12,25,0
KX414582_A_Washington_26_2016,EPI614441_A_Switzerland_9715293_2013,Swtz13,2016,1,19,0
KX916993_A_California_12_2016,EPI614441_A_Switzerland_9715293_2013,Swtz13,2016,1,12,0
KY487603_A_Taipei_0020_2016,EPI614441_A_Switzerland_9715293_2013,Swtz13,2016,1,5,1
KY487612_A_Linkou_0081_2016,EPI614441_A_Switzerland_9715293_2013,Swtz13,2016,1,26,0
KY509826_A_Chungbuk_107_2016,EPI614441_A_Switzerland_9715293_2013,Swtz13,2016,1,18,0
KY615384_A_Keelung_0026_2016,EPI614441_A_Switzerland_9715293_2013,Swtz13,2016,1,15,0
MK640906_A_China_71516_2016,EPI614441_A_Switzerland_9715293_2013,Swtz13,2016,1,25,1
KX416429_A_Hawaii_28_2016,EPI614441_A_Switzerland_9715293_2013,Swtz13,2016,2,29,0
KY509827_A_Gyeonggi_458_2016,EPI614441_A_Switzerland_9715293_2013,Swtz13,2016,2,22,0
KX413283_A_Georgia_40_2016,EPI614441_A_Switzerland_9715293_2013,Swtz13,2016,3,6,0
KX416117_A_Washington_47_2016,EPI614441_A_Switzerland_9715293_2013,Swtz13,2016,3,14,0
KX416829_A_Washington_55_2016,EPI614441_A_Switzerland_9715293_2013,Swtz13,2016,4,12,1
KX417005_A_Texas_136_2016,EPI614441_A_Switzerland_9715293_2013,Swtz13,2016,4,22,0
KX918281_A_Kentucky_26_2016,EPI614441_A_Switzerland_9715293_2013,Swtz13,2016,4,25,0
CY264049_A_Arizona_67_2016,EPI614441_A_Switzerland_9715293_2013,Swtz13,2016,5,4,1
CY208845_A_Texas_182_2016,EPI614441_A_Switzerland_9715293_2013,Swtz13,2016,8,31,0
KY115915_A_Nebraska_24_2016,EPI614441_A_Switzerland_9715293_2013,Swtz13,2016,9,19,1
MG984174_A_Shanghai_1_2016,EPI614441_A_Switzerland_9715293_2013,Swtz13,2016,9,14,1
CY211583_A_California_129_2016,EPI686117_A_Hong_Kong_15611_2015,HK15,2016,10,5,0
CY213847_A_Minnesota_76_2016,EPI686117_A_Hong_Kong_15611_2015,HK15,2016,10,25,0
CY210604_A_Idaho_41_2016,EPI686117_A_Hong_Kong_15611_2015,HK15,2016,11,22,0
KY949700_A_Keelung_0082_2016,EPI686117_A_Hong_Kong_15611_2015,HK15,2016,11,30,0
CY212887_A_California_184_2016,EPI686117_A_Hong_Kong_15611_2015,HK15,2016,12,13,0
CY214479_A_Maryland_31_2016,EPI686117_A_Hong_Kong_15611_2015,HK15,2016,12,19,0
CY214879_A_California_214_2016,EPI686117_A_Hong_Kong_15611_2015,HK15,2016,12,31,0
KY950051_A_Linkou_0186_2016,EPI686117_A_Hong_Kong_15611_2015,HK15,2016,12,26,0
MN304051_A_Basel_USB003343_1_2016,EPI686117_A_Hong_Kong_15611_2015,HK15,2016,12,27,0
MN304056_A_Basel_USB003348_1_2016,EPI686117_A_Hong_Kong_15611_2015,HK15,2016,12,30,0
MN304664_A_Basel_USB001538_1_2016,EPI686117_A_Hong_Kong_15611_2015,HK15,2016,12,27,0
MN304668_A_Basel_USB002128_1_2016,EPI686117_A_Hong_Kong_15611_2015,HK15,2016,12,27,0
MN304672_A_Basel_USB002199_1_2016,EPI686117_A_Hong_Kong_15611_2015,HK15,2016,12,27,0
MN304679_A_Basel_USB002138_1_2016,EPI686117_A_Hong_Kong_15611_2015,HK15,2016,12,28,0
MN304682_A_Basel_USB001546_1_2016,EPI686117_A_Hong_Kong_15611_2015,HK15,2016,12,29,0
MN304690_A_Basel_USB002178_1_2016,EPI686117_A_Hong_Kong_15611_2015,HK15,2016,12,29,0
MN304704_A_Basel_USB001552_1_2016,EPI686117_A_Hong_Kong_15611_2015,HK15,2016,12,31,0
MN304711_A_Basel_USB001562_1_2016,EPI686117_A_Hong_Kong_15611_2015,HK15,2016,12,31,0
CY212895_A_California_187_2016,EPI686117_A_Hong_Kong_15611_2015,HK15,2016,12,14,0
CY212631_A_Nevada_55_2016,EPI686117_A_Hong_Kong_15611_2015,HK15,2016,12,8,0
CY214207_A_Hawaii_103_2016,EPI686117_A_Hong_Kong_15611_2015,HK15,2016,12,7,0
KY949675_A_Linkou_0175_2016,EPI686117_A_Hong_Kong_15611_2015,HK15,2016,12,12,0
KY949682_A_Linkou_0191_2016,EPI686117_A_Hong_Kong_15611_2015,HK15,2016,12,30,0
KY949699_A_Linkou_0187_2016,EPI686117_A_Hong_Kong_15611_2015,HK15,2016,12,27,0
KY949766_A_Taipei_0088_2016,EPI686117_A_Hong_Kong_15611_2015,HK15,2016,12,6,0
KY949786_A_Keelung_0097_2016,EPI686117_A_Hong_Kong_15611_2015,HK15,2016,12,20,0
KY949826_A_Taipei_0092_2016,EPI686117_A_Hong_Kong_15611_2015,HK15,2016,12,19,0
KY949862_A_Keelung_0089_2016,EPI686117_A_Hong_Kong_15611_2015,HK15,2016,12,8,0
KY949934_A_Keelung_0099_2016,EPI686117_A_Hong_Kong_15611_2015,HK15,2016,12,21,0
KY949967_A_Linkou_0169_2016,EPI686117_A_Hong_Kong_15611_2015,HK15,2016,12,2,0
KY950096_A_Linkou_0181_2016,EPI686117_A_Hong_Kong_15611_2015,HK15,2016,12,21,0
KY950133_A_Keelung_0095_2016,EPI686117_A_Hong_Kong_15611_2015,HK15,2016,12,14,0
KY950211_A_Linkou_0185_2016,EPI686117_A_Hong_Kong_15611_2015,HK15,2016,12,24,0
MF736980_A_Vologda_CRIE_172_2016,EPI686117_A_Hong_Kong_15611_2015,HK15,2016,12,17,0
MG856322_A_Karachay_Cherkess_CRIE_296_2016,EPI686117_A_Hong_Kong_15611_2015,HK15,2016,12,11,0
MG984518_A_Shanghai_7_2016,EPI686117_A_Hong_Kong_15611_2015,HK15,2016,12,30,0
MK640910_A_China_80241_2016,EPI686117_A_Hong_Kong_15611_2015,HK15,2016,12,6,0
MN304604_A_Basel_USB002047_1_2016,EPI686117_A_Hong_Kong_15611_2015,HK15,2016,12,10,0
MN304638_A_Basel_USB002088_1_2016,EPI686117_A_Hong_Kong_15611_2015,HK15,2016,12,24,0
MN304643_A_Basel_USB002097_1_2016,EPI686117_A_Hong_Kong_15611_2015,HK15,2016,12,25,0
MN304651_A_Basel_USB002098_1_2016,EPI686117_A_Hong_Kong_15611_2015,HK15,2016,12,25,0
MN304652_A_Basel_USB001532_1_2016,EPI686117_A_Hong_Kong_15611_2015,HK15,2016,12,26,0
MN304663_A_Basel_USB001539_1_2016,EPI686117_A_Hong_Kong_15611_2015,HK15,2016,12,27,0
MN304667_A_Basel_USB001537_1_2016,EPI686117_A_Hong_Kong_15611_2015,HK15,2016,12,27,0
MN304687_A_Basel_USB002180_1_2016,EPI686117_A_Hong_Kong_15611_2015,HK15,2016,12,29,0
CY214567_A_West_Virginia_01_2017,EPI686117_A_Hong_Kong_15611_2015,HK15,2017,1,3,0
CY218123_A_Wisconsin_08_2017,EPI686117_A_Hong_Kong_15611_2015,HK15,2017,1,13,0
CY220132_A_Texas_32_2017,EPI686117_A_Hong_Kong_15611_2015,HK15,2017,1,31,0
CY220180_A_New_Jersey_07_2017,EPI686117_A_Hong_Kong_15611_2015,HK15,2017,1,30,0
CY223691_A_Maryland_10_2017,EPI686117_A_Hong_Kong_15611_2015,HK15,2017,1,31,0
CY224883_A_Arizona_06_2017,EPI686117_A_Hong_Kong_15611_2015,HK15,2017,1,31,0
CY242099_A_Florida_29_2017,EPI686117_A_Hong_Kong_15611_2015,HK15,2017,1,7,0
MF783012_A_Rochester_U029_2017,EPI686117_A_Hong_Kong_15611_2015,HK15,2017,1,20,0
MG984182_A_Shanghai_10_2017,EPI686117_A_Hong_Kong_15611_2015,HK15,2017,1,10,0
MG984190_A_Shanghai_11_2017,EPI686117_A_Hong_Kong_15611_2015,HK15,2017,1,11,0
MG984198_A_Shanghai_12_2017,EPI686117_A_Hong_Kong_15611_2015,HK15,2017,1,13,0
MG984222_A_Shanghai_15_2017,EPI686117_A_Hong_Kong_15611_2015,HK15,2017,1,22,0
MG984230_A_Shanghai_16_2017,EPI686117_A_Hong_Kong_15611_2015,HK15,2017,1,25,0
MG984238_A_Shanghai_17_2017,EPI686117_A_Hong_Kong_15611_2015,HK15,2017,1,25,0
MG984246_A_Shanghai_18_2017,EPI686117_A_Hong_Kong_15611_2015,HK15,2017,1,26,0
MG984254_A_Shanghai_19_2017,EPI686117_A_Hong_Kong_15611_2015,HK15,2017,1,31,0
MH637557_A_Keelung_0113_2017,EPI686117_A_Hong_Kong_15611_2015,HK15,2017,1,16,0
MH637752_A_Linkou_0206_2017,EPI686117_A_Hong_Kong_15611_2015,HK15,2017,1,17,0
MK640913_A_China_81105_2017,EPI686117_A_Hong_Kong_15611_2015,HK15,2017,1,4,0
MK640914_A_China_81129_2017,EPI686117_A_Hong_Kong_15611_2015,HK15,2017,1,5,0
MN304081_A_Basel_USB003378_1_2017,EPI686117_A_Hong_Kong_15611_2015,HK15,2017,1,13,0
MN304158_A_Basel_USB001568_1_2017,EPI686117_A_Hong_Kong_15611_2015,HK15,2017,1,2,0
MN304160_A_Basel_USB002230_1_2017,EPI686117_A_Hong_Kong_15611_2015,HK15,2017,1,2,0
MN304174_A_Basel_USB001581_1_2017,EPI686117_A_Hong_Kong_15611_2015,HK15,2017,1,3,0
MN304184_A_Basel_USB001592_1_2017,EPI686117_A_Hong_Kong_15611_2015,HK15,2017,1,4,0
MN304199_A_Basel_USB001639_1_2017,EPI686117_A_Hong_Kong_15611_2015,HK15,2017,1,4,0
MN304202_A_Basel_USB002304_1_2017,EPI686117_A_Hong_Kong_15611_2015,HK15,2017,1,4,0
MN304206_A_Basel_USB001584_1_2017,EPI686117_A_Hong_Kong_15611_2015,HK15,2017,1,4,0
MN304230_A_Basel_USB002323_1_2017,EPI686117_A_Hong_Kong_15611_2015,HK15,2017,1,6,0
MN304260_A_Basel_USB002443_1_2017,EPI686117_A_Hong_Kong_15611_2015,HK15,2017,1,7,0
MN304284_A_Basel_USB002561_1_2017,EPI686117_A_Hong_Kong_15611_2015,HK15,2017,1,9,0
MN304303_A_Basel_USB002594_1_2017,EPI686117_A_Hong_Kong_15611_2015,HK15,2017,1,10,0
MN304347_A_Basel_USB002671_1_2017,EPI686117_A_Hong_Kong_15611_2015,HK15,2017,1,13,0
MN304376_A_Basel_USB002722_1_2017,EPI686117_A_Hong_Kong_15611_2015,HK15,2017,1,17,0
MN304409_A_Basel_USB002775_1_2017,EPI686117_A_Hong_Kong_15611_2015,HK15,2017,1,22,0
MN304423_A_Basel_USB002825_1_2017,EPI686117_A_Hong_Kong_15611_2015,HK15,2017,1,23,0
MN304459_A_Basel_USB002891_1_2017,EPI686117_A_Hong_Kong_15611_2015,HK15,2017,1,29,0
CY220548_A_Alabama_06_2017,EPI686117_A_Hong_Kong_15611_2015,HK15,2017,2,7,0
CY221923_A_Texas_47_2017,EPI686117_A_Hong_Kong_15611_2015,HK15,2017,2,13,0
CY223218_A_New_Mexico_11_2017,EPI686117_A_Hong_Kong_15611_2015,HK15,2017,2,28,0
CY223707_A_Ohio_05_2017,EPI686117_A_Hong_Kong_15611_2015,HK15,2017,2,7,0
CY223731_A_Florida_10_2017,EPI686117_A_Hong_Kong_15611_2015,HK15,2017,2,8,0
CY223739_A_Florida_11_2017,EPI686117_A_Hong_Kong_15611_2015,HK15,2017,2,13,0
CY225075_A_Georgia_06_2017,EPI686117_A_Hong_Kong_15611_2015,HK15,2017,2,15,0
CY228314_A_South_Dakota_11_2017,EPI686117_A_Hong_Kong_15611_2015,HK15,2017,2,13,0
CY230042_A_Michigan_30_2017,EPI686117_A_Hong_Kong_15611_2015,HK15,2017,2,27,0
CY230282_A_Tennessee_21_2017,EPI686117_A_Hong_Kong_15611_2015,HK15,2017,2,20,0
CY230551_A_West_Virginia_09_2017,EPI686117_A_Hong_Kong_15611_2015,HK15,2017,2,13,0
CY230855_A_Oregon_14_2017,EPI686117_A_Hong_Kong_15611_2015,HK15,2017,2,28,0
MF736996_A_Karachay_Cherkess_CRIE_301_2017,EPI686117_A_Hong_Kong_15611_2015,HK15,2017,2,28,0
MG984270_A_Shanghai_20_2017,EPI686117_A_Hong_Kong_15611_2015,HK15,2017,2,3,0
MG984278_A_Shanghai_21_2017,EPI686117_A_Hong_Kong_15611_2015,HK15,2017,2,6,0
MH637648_A_Taipei_0122_2017,EPI686117_A_Hong_Kong_15611_2015,HK15,2017,2,2,0
MH637679_A_Taipei_0123_2017,EPI686117_A_Hong_Kong_15611_2015,HK15,2017,2,3,0
MK640915_A_China_81891_2017,EPI686117_A_Hong_Kong_15611_2015,HK15,2017,2,1,0
MN304116_A_Basel_USB003451_1_2017,EPI686117_A_Hong_Kong_15611_2015,HK15,2017,2,2,0
MN304117_A_Basel_USB003452_1_2017,EPI686117_A_Hong_Kong_15611_2015,HK15,2017,2,2,0
MN304125_A_Basel_USB003503_1_2017,EPI686117_A_Hong_Kong_15611_2015,HK15,2017,2,5,0
MN304128_A_Basel_USB003507_1_2017,EPI686117_A_Hong_Kong_15611_2015,HK15,2017,2,6,0
MN304483_A_Basel_USB002922_1_2017,EPI686117_A_Hong_Kong_15611_2015,HK15,2017,2,1,0
MN304521_A_Basel_USB002995_1_2017,EPI686117_A_Hong_Kong_15611_2015,HK15,2017,2,5,0
MN304543_A_Basel_USB003034_1_2017,EPI686117_A_Hong_Kong_15611_2015,HK15,2017,2,7,0
MN304587_A_Basel_USB003307_1_2017,EPI686117_A_Hong_Kong_15611_2015,HK15,2017,2,25,0
CY227443_A_Vermont_08_2017,EPI686117_A_Hong_Kong_15611_2015,HK15,2017,3,2,0
CY227899_A_Delaware_19_2017,EPI686117_A_Hong_Kong_15611_2015,HK15,2017,3,21,0
CY228698_A_Wisconsin_39_2017,EPI686117_A_Hong_Kong_15611_2015,HK15,2017,3,19,0
CY228730_A_Arkansas_18_2017,EPI686117_A_Hong_Kong_15611_2015,HK15,2017,3,19,0
CY230438_A_Delaware_19_2017,EPI686117_A_Hong_Kong_15611_2015,HK15,2017,3,21,0
MH637456_A_Linkou_0266_2017,EPI686117_A_Hong_Kong_15611_2015,HK15,2017,3,16,0
CY232473_A_Florida_34_2017,EPI686117_A_Hong_Kong_15611_2015,HK15,2017,4,9,0
CY232567_A_North_Carolina_27_2017,EPI686117_A_Hong_Kong_15611_2015,HK15,2017,4,5,0
CY235613_A_Washington_40_2017,EPI686117_A_Hong_Kong_15611_2015,HK15,2017,4,17,0
CY235685_A_Nevada_12_2017,EPI686117_A_Hong_Kong_15611_2015,HK15,2017,4,25,0
MH637707_A_Keelung_0161_2017,EPI686117_A_Hong_Kong_15611_2015,HK15,2017,4,7,0
MG984286_A_Shanghai_29_2017,EPI686117_A_Hong_Kong_15611_2015,HK15,2017,5,16,0
CY243548_A_Alaska_30_2017,EPI686117_A_Hong_Kong_15611_2015,HK15,2017,6,18,0
MG984302_A_Shanghai_30_2017,EPI686117_A_Hong_Kong_15611_2015,HK15,2017,6,23,0
MG984310_A_Shanghai_31_2017,EPI686117_A_Hong_Kong_15611_2015,HK15,2017,6,23,0
MH637576_A_Linkou_0302_2017,EPI686117_A_Hong_Kong_15611_2015,HK15,2017,6,20,0
CY242347_A_Florida_50_2017,EPI686117_A_Hong_Kong_15611_2015,HK15,2017,7,26,0
CY243675_A_Alaska_46_2017,EPI686117_A_Hong_Kong_15611_2015,HK15,2017,7,31,0
CY244478_A_California_60_2017,EPI686117_A_Hong_Kong_15611_2015,HK15,2017,7,1,0
MG198917_A_Guangdong_SKLRD01_2017,EPI686117_A_Hong_Kong_15611_2015,HK15,2017,7,15,1
MG984318_A_Shanghai_32_2017,EPI686117_A_Hong_Kong_15611_2015,HK15,2017,7,19,0
MG984326_A_Shanghai_33_2017,EPI686117_A_Hong_Kong_15611_2015,HK15,2017,7,25,0
MG984342_A_Shanghai_35_2017,EPI686117_A_Hong_Kong_15611_2015,HK15,2017,7,31,0
MH637447_A_Linkou_0335_2017,EPI686117_A_Hong_Kong_15611_2015,HK15,2017,7,18,0
MK159064_A_Jeonbuk_736_2017,EPI686117_A_Hong_Kong_15611_2015,HK15,2017,7,17,0
CY245203_A_Arizona_50_2017,EPI686117_A_Hong_Kong_15611_2015,HK15,2017,8,22,0
CY245459_A_Hawaii_45_2017,EPI686117_A_Hong_Kong_15611_2015,HK15,2017,8,22,0
MG984350_A_Shanghai_36_2017,EPI686117_A_Hong_Kong_15611_2015,HK15,2017,8,9,0
MG984358_A_Shanghai_37_2017,EPI686117_A_Hong_Kong_15611_2015,HK15,2017,8,9,0
MG984366_A_Shanghai_38_2017,EPI686117_A_Hong_Kong_15611_2015,HK15,2017,8,11,0
MG984390_A_Shanghai_40_2017,EPI686117_A_Hong_Kong_15611_2015,HK15,2017,8,19,0
MG984398_A_Shanghai_41_2017,EPI686117_A_Hong_Kong_15611_2015,HK15,2017,8,19,0
MG984414_A_Shanghai_43_2017,EPI686117_A_Hong_Kong_15611_2015,HK15,2017,8,21,0
MG984430_A_Shanghai_45_2017,EPI686117_A_Hong_Kong_15611_2015,HK15,2017,8,23,0
MG984438_A_Shanghai_46_2017,EPI686117_A_Hong_Kong_15611_2015,HK15,2017,8,29,0
MG984446_A_Shanghai_47_2017,EPI686117_A_Hong_Kong_15611_2015,HK15,2017,8,29,0
MG984462_A_Shanghai_49_2017,EPI686117_A_Hong_Kong_15611_2015,HK15,2017,9,5,0
MG984478_A_Shanghai_50_2017,EPI686117_A_Hong_Kong_15611_2015,HK15,2017,9,6,0
MG984486_A_Shanghai_51_2017,EPI686117_A_Hong_Kong_15611_2015,HK15,2017,9,8,0
MG984502_A_Shanghai_53_2017,EPI686117_A_Hong_Kong_15611_2015,HK15,2017,9,13,0
MK159072_A_Gyeongbuk_745_2017,EPI686117_A_Hong_Kong_15611_2015,HK15,2017,9,4,0
CY250520_A_Arkansas_24_2017,EPI686117_A_Hong_Kong_15611_2015,HK15,2017,10,12,0
CY257914_A_Florida_73_2017,EPI686117_A_Hong_Kong_15611_2015,HK15,2017,10,15,0
CY257994_A_Massachusetts_16_2017,EPI686117_A_Hong_Kong_15611_2015,HK15,2017,10,12,0
CY258177_A_New_York_36_2017,EPI686117_A_Hong_Kong_15611_2015,HK15,2017,10,21,0
CY258305_A_Louisiana_57_2017,EPI686117_A_Hong_Kong_15611_2015,HK15,2017,10,28,0
CY260353_A_California_86_2017,EPI686117_A_Hong_Kong_15611_2015,HK15,2017,10,3,0
CY266079_A_Florida_87_2017,EPI686117_A_Hong_Kong_15611_2015,HK15,2017,10,25,0
CY264374_A_New_Hampshire_27_2017,EPI686117_A_Hong_Kong_15611_2015,HK15,2017,11,21,0
CY264986_A_Pennsylvania_274_2017,EPI686117_A_Hong_Kong_15611_2015,HK15,2017,12,15,0
MG974447_A_Kansas_14_2017,EPI686117_A_Hong_Kong_15611_2015,HK15,2017,12,14,0
MH637483_A_Baltimore_P0247_2018,EPI686117_A_Hong_Kong_15611_2015,HK15,2018,1,14,0
MH637511_A_Baltimore_P0243_2018,EPI686117_A_Hong_Kong_15611_2015,HK15,2018,1,11,0
MH637528_A_Baltimore_P0241_2018,EPI686117_A_Hong_Kong_15611_2015,HK15,2018,1,10,1
MH637565_A_Baltimore_P0255_2018,EPI686117_A_Hong_Kong_15611_2015,HK15,2018,1,20,0
MH637603_A_Baltimore_P0238_2018,EPI686117_A_Hong_Kong_15611_2015,HK15,2018,1,8,0
MH637673_A_Baltimore_P0237_2018,EPI686117_A_Hong_Kong_15611_2015,HK15,2018,1,7,0
MH637726_A_Baltimore_P0239_2018,EPI686117_A_Hong_Kong_15611_2015,HK15,2018,1,8,0
MH637747_A_Baltimore_P0232_2018,EPI686117_A_Hong_Kong_15611_2015,HK15,2018,1,2,0
MH637768_A_Baltimore_P0242_2018,EPI686117_A_Hong_Kong_15611_2015,HK15,2018,1,11,0
MH637783_A_Baltimore_P0244_2018,EPI686117_A_Hong_Kong_15611_2015,HK15,2018,1,11,0
MH637488_A_Baltimore_P0279_2018,EPI686117_A_Hong_Kong_15611_2015,HK15,2018,2,2,1
MH637596_A_Baltimore_P0304_2018,EPI686117_A_Hong_Kong_15611_2015,HK15,2018,2,13,0
MH637687_A_Baltimore_P0286_2018,EPI686117_A_Hong_Kong_15611_2015,HK15,2018,2,5,0
MH637730_A_Baltimore_P0283_2018,EPI686117_A_Hong_Kong_15611_2015,HK15,2018,2,4,0
MH637808_A_Baltimore_P0298_2018,EPI686117_A_Hong_Kong_15611_2015,HK15,2018,2,10,0
MH701747_A_New_Jersey_93924_2018,EPI686117_A_Hong_Kong_15611_2015,HK15,2018,2,20,0
MH701755_A_New_Jersey_93934_2018,EPI686117_A_Hong_Kong_15611_2015,HK15,2018,2,21,0
MN154312_A_Washington_9752_2019,EPI686117_A_Hong_Kong_15611_2015,HK15,2019,3,15,0
MN170167_A_Washington_9147_2019,EPI686117_A_Hong_Kong_15611_2015,HK15,2019,3,10,0
MN170183_A_Washington_9149_2019,EPI686117_A_Hong_Kong_15611_2015,HK15,2019,3,11,0
MN170191_A_Washington_9150_2019,EPI686117_A_Hong_Kong_15611_2015,HK15,2019,3,11,0
MN170207_A_Washington_9153_2019,EPI686117_A_Hong_Kong_15611_2015,HK15,2019,3,14,0
MN170223_A_Washington_9155_2019,EPI686117_A_Hong_Kong_15611_2015,HK15,2019,3,14,0
1444950_A_Chepstow_1180_2019,EPI686117_A_Hong_Kong_15611_2015,HK15,2019,3,,1
1548016_A_Cheboksary_153_2019,EPI686117_A_Hong_Kong_15611_2015,HK15,2019,3,,0
1548064_A_Tomsk_155_2019,EPI686117_A_Hong_Kong_15611_2015,HK15,2019,3,,1
1448200_A_Louisiana_34_2019,EPI686117_A_Hong_Kong_15611_2015,HK15,2019,4,,1
1479371_A_Hawaii_31_2019,EPI686117_A_Hong_Kong_15611_2015,HK15,2019,4,,0
1548211_A_Mexico_1952_2019,EPI686117_A_Hong_Kong_15611_2015,HK15,2019,5,,1
1808226_A_Jiangxi_Zhanggong_1512_2019,EPI686117_A_Hong_Kong_15611_2015,HK15,2019,6,,1
1592032_A_Hong_Kong_2671_2019,EPI686117_A_Hong_Kong_15611_2015,HK15,2019,6,,1
1609436_A_El_Salvador_517_2019,EPI686117_A_Hong_Kong_15611_2015,HK15,2019,7,,0
1597372_A_Louisiana_39_2019,EPI686117_A_Hong_Kong_15611_2015,HK15,2019,8,,1
1609444_A_Hawaii_64_2019,EPI686117_A_Hong_Kong_15611_2015,HK15,2019,9,,1
1618891_A_Pennsylvania_1020_2019,MG974447_A_Kansas_14_2017,Kan17,2019,10,,0
1661929_A_Mexico_2943_2019,MG974447_A_Kansas_14_2017,Kan17,2019,10,,0
1807829_A_Zhejiang_Dinghai_1817_2019,MG974447_A_Kansas_14_2017,Kan17,2019,10,,0
1641886_A_Idaho_40_2019,MG974447_A_Kansas_14_2017,Kan17,2019,11,,0
1662160_A_Abudhabi_106_2019,MG974447_A_Kansas_14_2017,Kan17,2019,11,,0
1807805_A_Guangxi_Hengxian_3105_2019,MG974447_A_Kansas_14_2017,Kan17,2019,11,,0
1640279_A_Cardiff_9474_2019,MG974447_A_Kansas_14_2017,Kan17,2019,12,,0
1651646_A_Virginia_42_2019,MG974447_A_Kansas_14_2017,Kan17,2019,12,,0
1692312_A_Louisiana_66_2019,MG974447_A_Kansas_14_2017,Kan17,2019,12,,0
1738933_A_Idaho_52_2019,MG974447_A_Kansas_14_2017,Kan17,2019,12,,0
1799200_A_Haiti_394_2019,MG974447_A_Kansas_14_2017,Kan17,2019,12,,0
1675773_A_Rheinland_Pfalz_5_2020,MG974447_A_Kansas_14_2017,Kan17,2020,1,,0
1683447_A_Wisconsin_03_2020,MG974447_A_Kansas_14_2017,Kan17,2020,1,,0
2761581_A_Hessen_26_2020,MG974447_A_Kansas_14_2017,Kan17,2020,1,,0
1713851_A_Pennsylvania_15_2020,MG974447_A_Kansas_14_2017,Kan17,2020,2,,0
1740471_A_Minnesota_12_2020,MG974447_A_Kansas_14_2017,Kan17,2020,2,,0
2761606_A_Schleswig_Holstein_9_2020,MG974447_A_Kansas_14_2017,Kan17,2020,2,,0
1738893_A_Minnesota_23_2020,MG974447_A_Kansas_14_2017,Kan17,2020,3,,0
1748112_A_Alberta_RV5268_2020,MG974447_A_Kansas_14_2017,Kan17,2020,3,,1
1847845_A_Saitama_92_2020,MG974447_A_Kansas_14_2017,Kan17,2020,4,,1
1841191_A_Yunnan_Wenshan_1592_2020,MG974447_A_Kansas_14_2017,Kan17,2020,7,,0
1841681_A_Cambodia_e0826360_2020,MG974447_A_Kansas_14_2017,Kan17,2020,7,,1
1847821_A_Kitakyusyu_1_2020,MG974447_A_Kansas_14_2017,Kan17,2020,8,,0
1839735_A_Laos_1752_2020,MG974447_A_Kansas_14_2017,Kan17,2020,9,,1
1838078_A_California_55_2020,1592032_A_Hong_Kong_2671_2019,HK19,2020,10,,0
1847925_A_Vietnam_Vnhcm_Gs483_2020,1592032_A_Hong_Kong_2671_2019,HK19,2020,10,,0
1852226_A_Bangkok_62_2020,1592032_A_Hong_Kong_2671_2019,HK19,2020,11,,0
1849665_A_AbuDhabi_01_2021,1592032_A_Hong_Kong_2671_2019,HK19,2021,1,,1
1926248_A_Saint_Petersburg_RII_2415S_2021,1592032_A_Hong_Kong_2671_2019,HK19,2021,1,,1
1861076_A_Laos_580_2021,1592032_A_Hong_Kong_2671_2019,HK19,2021,2,,0
1858651_A_Pennsylvania_01_2021,1592032_A_Hong_Kong_2671_2019,HK19,2021,3,,0
1885447_A_Abu_Dhabi_2210622842_2021,1592032_A_Hong_Kong_2671_2019,HK19,2021,3,,0
1869531_A_Delaware_01_2021,1592032_A_Hong_Kong_2671_2019,HK19,2021,4,,0
1905802_A_Nepal_Npwr_05637_2021,1592032_A_Hong_Kong_2671_2019,HK19,2021,4,,0
EPI2415906_A_Darwin_9_2021,1592032_A_Hong_Kong_2671_2019,HK19,2021,4,,0
1905786_A_India_PUN_NIV312063_2021,1592032_A_Hong_Kong_2671_2019,HK19,2021,5,,0
1905714_A_India_PUN_NIV323256_2021,1592032_A_Hong_Kong_2671_2019,HK19,2021,6,,1
1921773_A_Thailand_12_2021,1592032_A_Hong_Kong_2671_2019,HK19,2021,6,,0
1916915_A_Oklahoma_01_2021,1592032_A_Hong_Kong_2671_2019,HK19,2021,7,,0
1924350_A_Philippines_6_2021,1592032_A_Hong_Kong_2671_2019,HK19,2021,7,,0
1916923_A_Michigan_03_2021,1592032_A_Hong_Kong_2671_2019,HK19,2021,8,,0
1919553_A_YANAO_08_01V_2021,1592032_A_Hong_Kong_2671_2019,HK19,2021,8,,1
1922800_A_Nepal_21FL2699_2021,1592032_A_Hong_Kong_2671_2019,HK19,2021,8,,1
1925236_A_Michigan_05_2021,1592032_A_Hong_Kong_2671_2019,HK19,2021,9,,1
1940321_A_New_York_03_2021,1592032_A_Hong_Kong_2671_2019,HK19,2021,9,,1
1954438_A_Picardie_28479_2021,1592032_A_Hong_Kong_2671_2019,HK19,2021,9,,1
1967900_A_Pakistan_ICT7_2021,1592032_A_Hong_Kong_2671_2019,HK19,2021,9,,0
1969592_A_Bangladesh_9019_2021,1592032_A_Hong_Kong_2671_2019,HK19,2021,9,,1
1941020_A_Florida_04_2021,1846767_A_Cambodia_E0826360_2020,Cam20,2021,10,,0
1952515_A_Pennsylvania_06_2021,1846767_A_Cambodia_E0826360_2020,Cam20,2021,11,,0
1958506_A_Khakassia_155_06V_2021,1846767_A_Cambodia_E0826360_2020,Cam20,2021,11,,0
1960344_A_Montana_10_2021,1846767_A_Cambodia_E0826360_2020,Cam20,2021,11,,0
1964326_A_California_46_2021,1846767_A_Cambodia_E0826360_2020,Cam20,2021,12,,0
1992288_A_Wyoming_09_2021,1846767_A_Cambodia_E0826360_2020,Cam20,2021,12,,0
2046104_A_Krasnodar_Krai_183_10V_2021,1846767_A_Cambodia_E0826360_2020,Cam20,2021,12,,0
1983154_A_Montana_02_2022,1846767_A_Cambodia_E0826360_2020,Cam20,2022,1,,0
2019560_A_Novosibirsk_RII_MH60652S_2022,1846767_A_Cambodia_E0826360_2020,Cam20,2022,1,,0
2004157_A_North_Dakota_03_2022,1846767_A_Cambodia_E0826360_2020,Cam20,2022,2,,0
2007488_A_New_Mexico_07_2022,1846767_A_Cambodia_E0826360_2020,Cam20,2022,2,,0
2042591_A_Picardie_21593_2022,1846767_A_Cambodia_E0826360_2020,Cam20,2022,3,,0
2042752_A_Lorraine_23758_2022,1846767_A_Cambodia_E0826360_2020,Cam20,2022,3,,0
2043548_A_Berlin_23_2022,1846767_A_Cambodia_E0826360_2020,Cam20,2022,3,,0
2042994_A_Lorraine_28541_2022,1846767_A_Cambodia_E0826360_2020,Cam20,2022,4,,0
2077428_A_Berlin_61_2022,1846767_A_Cambodia_E0826360_2020,Cam20,2022,4,,1
2500106_A_ABUDHABI_UAE_1112067_2022,1846767_A_Cambodia_E0826360_2020,Cam20,2022,4,,1
2063583_A_Idaho_25_2022,1846767_A_Cambodia_E0826360_2020,Cam20,2022,5,,0
2127871_A_Michigan_35_2022,1846767_A_Cambodia_E0826360_2020,Cam20,2022,5,,1
2136215_A_Abu_Dhabi_1812537_2022,1846767_A_Cambodia_E0826360_2020,Cam20,2022,6,,1
2503987_A_British_Columbia_124_2022,1846767_A_Cambodia_E0826360_2020,Cam20,2022,6,,0
2233523_A_Ayutthaya_NIC_P2289_2022,1846767_A_Cambodia_E0826360_2020,Cam20,2022,7,,1
2176957_A_Florida_70_2022,1846767_A_Cambodia_E0826360_2020,Cam20,2022,8,,1
2194875_A_Maldives_875_2022,1846767_A_Cambodia_E0826360_2020,Cam20,2022,9,,1
2325220_A_Finland_298_2022,1846767_A_Cambodia_E0826360_2020,Cam20,2022,9,,0
2206316_A_Rogerstone_2168_2022,2415906_A_Darwin_9_2021,Dar21,2022,10,,2
2208308_A_Lourdes_53101_2022,2415906_A_Darwin_9_2021,Dar21,2022,10,,2
2253452_A_Kansas_25_2022,2415906_A_Darwin_9_2021,Dar21,2022,10,,2
2252381_A_Maine_07_2022,2415906_A_Darwin_9_2021,Dar21,2022,10,,2
2254250_A_Centre_56613_2022,2415906_A_Darwin_9_2021,Dar21,2022,11,,2
2257357_A_Austria_MUW1572306_2022,2415906_A_Darwin_9_2021,Dar21,2022,11,,2
2283189_A_Denmark_3146_2022,2415906_A_Darwin_9_2021,Dar21,2022,11,,2
2571528_A_Bhutan_001_2022,2415906_A_Darwin_9_2021,Dar21,2022,11,,2
2385451_A_Oman_8557_2022,2415906_A_Darwin_9_2021,Dar21,2022,12,,2
2424342_A_Baden_Wuerttemberg_144_2022,2415906_A_Darwin_9_2021,Dar21,2022,12,,2
2539626_A_Nordrhein_Westfalen_128_2022,2415906_A_Darwin_9_2021,Dar21,2022,12,,2
2587133_A_Berlin_265_2022,2415906_A_Darwin_9_2021,Dar21,2022,12,,2
2367511_A_Connecticut_04_2023,2415906_A_Darwin_9_2021,Dar21,2023,1,,2
2424895_A_Sachsen_Anhalt_3_2023,2415906_A_Darwin_9_2021,Dar21,2023,1,,2
2441868_A_Minnesota_08_2023,2415906_A_Darwin_9_2021,Dar21,2023,1,,2
2498550_A_California_32_2023,2415906_A_Darwin_9_2021,Dar21,2023,1,,2
2498622_A_Kansas_01_2023,2415906_A_Darwin_9_2021,Dar21,2023,2,,2
2534759_A_Minnesota_18_2023,2415906_A_Darwin_9_2021,Dar21,2023,2,,2
2467517_A_HaidianCDC_12962_2023,2415906_A_Darwin_9_2021,Dar21,2023,3,,2
2599401_A_Lebanon_2787_2023,2415906_A_Darwin_9_2021,Dar21,2023,3,,2
2716351_A_Guatemala_378_2023,2415906_A_Darwin_9_2021,Dar21,2023,4,,2
2732731_A_Bangladesh_9003_2023,2415906_A_Darwin_9_2021,Dar21,2023,5,,2
2689682_A_Costa_Rica_8476_2023,2415906_A_Darwin_9_2021,Dar21,2023,6,,2
2716167_A_Kentucky_06_2023,2415906_A_Darwin_9_2021,Dar21,2023,7,,2
2736750_A_Finland_407_2023,2415906_A_Darwin_9_2021,Dar21,2023,8,,2
2758811_A_Catalonia_NSVH102158148_2023,2415906_A_Darwin_9_2021,Dar21,2023,9,,2
EPI2800450_A_Phra_Nakhon_Si_Ayutthaya_P4330_2023,2415906_A_Darwin_9_2021,Dar21,2023,10,,2
EPI2845383_A_Saint_Petersburg_RII_169_2023,2415906_A_Darwin_9_2021,Dar21,2023,10,,2
EPI2817864_A_Nakhon_Phanom_P4970_2023,2415906_A_Darwin_9_2021,Dar21,2023,11,,2
EPI2819091_A_Nebraska_13_2023,2415906_A_Darwin_9_2021,Dar21,2023,11,,2
EPI2901414_A_California_118_2023,2415906_A_Darwin_9_2021,Dar21,2023,11,,2
EPI2926182_A_Hong_Kong_3084_2023,2415906_A_Darwin_9_2021,Dar21,2023,12,,2
EPI2970652_A_Saratov_RII_3_2023,2415906_A_Darwin_9_2021,Dar21,2023,12,,2
EPI3095110_A_Samara_22_2023,2415906_A_Darwin_9_2021,Dar21,2023,12,,2
EPI3055327_A_New_Hampshire_02_2024,2415906_A_Darwin_9_2021,Dar21,2024,1,,2
EPI3089330_A_Penarth_6936_2024,2415906_A_Darwin_9_2021,Dar21,2024,1,,2
EPI3134187_A_Florida_06_2024,2415906_A_Darwin_9_2021,Dar21,2024,1,,2
EPI3133740_A_Idaho_21_2024,2415906_A_Darwin_9_2021,Dar21,2024,2,,2
EPI3186714_A_Washington_22_2024,2415906_A_Darwin_9_2021,Dar21,2024,2,,2
EPI3186602_A_Nevada_104_2024,2415906_A_Darwin_9_2021,Dar21,2024,3,,2
