,ID,vaccineStrain,HA,M,N_A,NP,NS,PA,PB1,PB2,Reasrt,HA_RBD,HA_15A,HA_Koel,CoEvo_PB2,CoEvo_PB1,CoEvo_PA,CoEvo_NP,CoEvo_NA,CoEvo_M,CoEvo_NS,tMRCA_Dom,tMRCA_Trunk_Dom,subtMRCA_Neibhor_Dom,subtMRCA_1stDesc,Vaccine_code,RBD_15A_logit_P,Koel_logit_P,HA_logit_P,HA_NA_logit_P,HAPA_NA_logit_P,HAPA_NANS_logit_P
1,CY000024_A_New_York_30_2003,EPI103320_A_Moscow_10_1999_NA_NA_NA_NA,15,4,10,5,5,8,4,6,1,4,6,4,0,0,0,0,0,0,0,0,0,0,0,1.Mos99,0.060927325,0.035516893,0.047137678,0.041460675,0.03040632,0.01678714
2,CY000040_A_New_York_33_2004,EPI103320_A_Moscow_10_1999_NA_NA_NA_NA,15,3,9,6,5,6,3,3,1,4,6,4,0,0,0,0,0,0,0,0,0,0,0,1.Mos99,0.060927325,0.035516893,0.047137678,0.032579439,0.031123837,0.020089603
3,CY000056_A_New_York_35_2003,EPI103320_A_Moscow_10_1999_NA_NA_NA_NA,17,3,10,6,5,6,4,3,1,4,6,4,0,0,0,0,0,0,0,0,0,0,0,1.Mos99,0.060927325,0.035516893,0.067641343,0.058045254,0.04737497,0.022910104
4,CY000104_A_New_York_54_2003,EPI103320_A_Moscow_10_1999_NA_NA_NA_NA,14,3,9,6,5,6,3,3,1,4,6,4,0,0,0,0,0,0,0,0,0,0,0,1.Mos99,0.060927325,0.035516893,0.039246803,0.027440336,0.028042947,0.018576183
5,CY000144_A_New_York_26_2003,EPI103320_A_Moscow_10_1999_NA_NA_NA_NA,17,4,9,6,5,7,4,3,0,4,6,4,0,0,0,0,0,0,0,0,0,0,0,1.Mos99,0.060927325,0.035516893,0.067641343,0.045781132,0.031556871,0.020329163
6,CY000216_A_New_York_91_2002,EPI103320_A_Moscow_10_1999_NA_NA_NA_NA,5,1,9,5,4,6,3,2,0,3,3,2,0,0,0,0,0,1,0,0,0,0,0,1.Mos99,0.032808945,0.009319908,0.007239799,0.005705479,0.010854311,0.009628459
7,CY000272_A_New_York_53_2003,EPI103320_A_Moscow_10_1999_NA_NA_NA_NA,17,3,9,6,6,9,4,3,0,4,7,4,0,0,0,0,0,0,0,0,0,0,0,1.Mos99,0.078255867,0.035516893,0.067641343,0.045781132,0.021352216,0.014443234
8,CY000352_A_New_York_15_2003,EPI103320_A_Moscow_10_1999_NA_NA_NA_NA,17,3,9,6,6,9,3,4,0,4,7,4,0,0,0,0,0,0,0,0,0,0,0,1.Mos99,0.078255867,0.035516893,0.067641343,0.045781132,0.021352216,0.014443234
9,CY000512_A_New_York_4_2003,EPI103320_A_Moscow_10_1999_NA_NA_NA_NA,15,4,10,6,7,9,3,5,1,4,6,4,0,0,0,0,0,0,0,0,0,0,0,1.Mos99,0.060927325,0.035516893,0.047137678,0.041460675,0.026978535,0.011338173
10,CY000552_A_New_York_115_2002,EPI103320_A_Moscow_10_1999_NA_NA_NA_NA,6,1,9,5,4,6,3,2,0,3,4,2,0,0,0,0,1,0,0,0,0,0,0,1.Mos99,0.042502199,0.009319908,0.008754053,0.006802489,0.012070252,0.010420639
11,CY000768_A_New_York_10_2004,EPI103320_A_Moscow_10_1999_NA_NA_NA_NA,18,5,8,5,5,7,5,4,0,5,6,4,0,0,0,0,0,0,0,0,0,0,0,1.Mos99,0.052475364,0.035516893,0.080761266,0.042682655,0.027188151,0.021790114
12,CY000872_A_New_York_193_2003,EPI103320_A_Moscow_10_1999_NA_NA_NA_NA,11,4,8,4,7,4,5,3,0,4,4,1,0,0,0,0,0,0,0,0,0,0,0,1.Mos99,0.036506845,0.00473246,0.022484302,0.01275367,0.015467446,0.014915406
13,CY000908_A_New_York_13_2003,EPI103320_A_Moscow_10_1999_NA_NA_NA_NA,14,3,9,6,5,6,3,5,1,4,6,4,0,0,0,0,0,0,0,0,0,0,0,1.Mos99,0.060927325,0.035516893,0.039246803,0.027440336,0.028042947,0.018576183
14,CY001036_A_New_York_6_2004,EPI103320_A_Moscow_10_1999_NA_NA_NA_NA,14,4,8,5,5,7,4,4,0,4,6,4,0,0,0,0,0,0,0,0,0,0,0,1.Mos99,0.060927325,0.035516893,0.039246803,0.02149503,0.020791219,0.01823613
15,CY001095_A_New_York_24_2003,EPI103320_A_Moscow_10_1999_NA_NA_NA_NA,17,3,10,6,6,8,4,4,0,4,7,4,0,0,0,0,0,0,0,0,0,0,0,1.Mos99,0.078255867,0.035516893,0.067641343,0.058045254,0.032225371,0.014659809
16,CY001196_A_New_York_18_2003,EPI103320_A_Moscow_10_1999_NA_NA_NA_NA,16,3,10,6,5,6,4,3,1,4,7,5,0,0,0,0,0,0,0,0,0,0,0,1.Mos99,0.078255867,0.067909349,0.05652174,0.049093003,0.042756401,0.0211888
17,CY001300_A_New_York_37_2003,EPI103320_A_Moscow_10_1999_NA_NA_NA_NA,15,3,9,6,5,6,3,3,1,4,6,4,0,0,0,0,0,0,0,0,0,0,0,1.Mos99,0.060927325,0.035516893,0.047137678,0.032579439,0.031123837,0.020089603
18,CY001559_A_New_York_215_2003,EPI103320_A_Moscow_10_1999_NA_NA_NA_NA,8,3,9,5,7,8,3,4,0,3,4,2,0,0,0,0,0,0,0,0,0,0,0,1.Mos99,0.042502199,0.009319908,0.01278587,0.009663297,0.019950014,0.014390854
19,CY002007_A_New_York_359_2005,EPI358781_A_Fujian_411_2002_NA_NA_NA_NA,2,2,5,3,4,3,1,0,0,3,3,4,0,0,0,0,0,0,0,1,0,0,0,2.Fuj02,0.089943982,0.119831605,0.059696667,0.053357028,0.052190418,0.081115661
20,CY002015_A_New_York_361_2005,EPI358781_A_Fujian_411_2002_NA_NA_NA_NA,4,3,7,3,4,1,1,0,0,3,3,4,1,0,0,0,0,0,0,0,0,0,0,2.Fuj02,0.089943982,0.119831605,0.085174851,0.116973073,0.068300157,0.075995731
21,CY002079_A_New_York_396_2005,EPI358781_A_Fujian_411_2002_NA_NA_NA_NA,2,6,4,3,1,2,1,0,0,3,3,4,1,0,0,0,0,0,0,0,0,0,0,2.Fuj02,0.089943982,0.119831605,0.059696667,0.042039252,0.029267734,0.013046549
22,CY002199_A_New_York_366_2004,EPI358781_A_Fujian_411_2002_NA_NA_NA_NA,3,3,7,3,2,3,2,0,1,3,3,4,1,0,0,0,0,0,0,0,0,0,0,2.Fuj02,0.089943982,0.119831605,0.071393614,0.099896295,0.096975853,0.082866105
23,CY002231_A_New_York_372_2004,EPI358781_A_Fujian_411_2002_NA_NA_NA_NA,3,3,7,3,3,4,2,0,1,3,3,4,1,0,0,0,0,0,0,0,0,0,0,2.Fuj02,0.089943982,0.119831605,0.071393614,0.099896295,0.131255918,0.129221381
24,CY002255_A_New_York_381_2004,EPI358781_A_Fujian_411_2002_NA_NA_NA_NA,3,4,7,3,4,1,1,0,1,3,3,4,1,0,0,0,0,0,0,0,0,0,0,2.Fuj02,0.089943982,0.119831605,0.071393614,0.099896295,0.051462758,0.060079062
25,CY002263_A_New_York_383_2004,EPI358781_A_Fujian_411_2002_NA_NA_NA_NA,3,2,4,5,4,2,1,1,0,3,4,4,0,0,0,0,0,0,0,1,0,0,0,2.Fuj02,0.114518837,0.119831605,0.071393614,0.049772558,0.037712869,0.065358552
26,CY002335_A_New_York_77_2001,EPI103320_A_Moscow_10_1999_NA_NA_NA_NA,5,1,9,5,4,6,3,2,0,3,3,2,0,0,0,0,0,0,0,0,0,0,0,1.Mos99,0.032808945,0.009319908,0.007239799,0.005705479,0.010854311,0.009628459
27,CY002351_A_New_York_272_2003,EPI103320_A_Moscow_10_1999_NA_NA_NA_NA,16,3,9,6,5,6,3,3,1,4,6,4,0,0,0,0,0,0,0,0,0,0,0,1.Mos99,0.060927325,0.035516893,0.05652174,0.038642766,0.034531179,0.021723595
28,CY002447_A_New_York_365_2004,EPI358781_A_Fujian_411_2002_NA_NA_NA_NA,4,4,4,3,1,2,3,2,0,3,3,4,1,0,0,0,0,0,0,0,0,0,0,2.Fuj02,0.089943982,0.119831605,0.085174851,0.058841059,0.048473147,0.020019981
29,CY002463_A_New_York_373_2005,EPI358781_A_Fujian_411_2002_NA_NA_NA_NA,2,2,7,3,4,0,2,1,1,2,4,4,0,0,0,0,0,0,0,0,0,0,0,2.Fuj02,0.131576183,0.119831605,0.059696667,0.085072356,0.026723501,0.033205027
30,CY002599_A_New_York_377_2004,EPI358781_A_Fujian_411_2002_NA_NA_NA_NA,4,6,7,3,4,1,1,1,0,3,3,4,1,0,0,0,0,0,0,0,0,0,0,2.Fuj02,0.089943982,0.119831605,0.085174851,0.116973073,0.068300157,0.075995731
31,CY002719_A_New_York_319_2004,EPI358781_A_Fujian_411_2002_NA_NA_NA_NA,4,3,4,3,3,4,2,1,0,3,3,4,1,0,0,0,0,0,0,0,0,0,0,2.Fuj02,0.089943982,0.119831605,0.085174851,0.058841059,0.085356052,0.089071698
32,CY002791_A_New_York_232_2004,EPI358781_A_Fujian_411_2002_NA_NA_NA_NA,3,3,7,3,4,1,1,0,0,3,3,4,1,0,0,0,0,0,0,0,0,0,0,2.Fuj02,0.089943982,0.119831605,0.071393614,0.099896295,0.051462758,0.060079062
33,CY003079_A_New_York_123_2004,EPI358781_A_Fujian_411_2002_NA_NA_NA_NA,4,3,7,3,4,1,2,1,0,3,3,4,1,0,0,0,0,0,0,0,0,0,0,2.Fuj02,0.089943982,0.119831605,0.085174851,0.116973073,0.068300157,0.075995731
34,CY003287_A_New_York_438_2000,EPI103320_A_Moscow_10_1999_NA_NA_NA_NA,3,2,0,2,4,1,1,1,0,3,1,2,0,0,0,0,0,0,0,0,0,0,0,1.Mos99,0.01942555,0.009319908,0.00494808,0.000423253,0.000217314,0.000745739
35,CY003647_A_New_York_463_2005,EPI358781_A_Fujian_411_2002_NA_NA_NA_NA,5,3,5,3,3,3,2,1,0,3,3,4,1,0,0,0,0,0,0,0,0,0,0,2.Fuj02,0.089943982,0.119831605,0.101326033,0.087462429,0.097209201,0.095061409
36,CY003671_A_New_York_471_2004,EPI358781_A_Fujian_411_2002_NA_NA_NA_NA,2,5,5,4,2,2,3,4,0,3,3,4,1,0,0,0,0,0,0,0,0,0,0,2.Fuj02,0.089943982,0.119831605,0.059696667,0.053357028,0.03628634,0.027985664
37,CY006091_A_New_York_465_2005,EPI358781_A_Fujian_411_2002_NA_NA_NA_NA,4,3,7,3,4,1,1,2,0,3,3,4,1,0,0,0,0,0,0,0,0,0,0,2.Fuj02,0.089943982,0.119831605,0.085174851,0.116973073,0.068300157,0.075995731
38,CY006386_A_New_York_467_2004,EPI103320_A_Moscow_10_1999_NA_NA_NA_NA,19,3,13,6,0,3,4,4,1,5,8,6,1,0,0,0,0,0,0,1,1,1,1,1.Mos99,0.08661736,0.125985644,0.096163501,0.156838331,0.21657679,0.350643379
39,CY009267_A_New_York_499_2004,EPI103320_A_Moscow_10_1999_NA_NA_NA_NA,14,4,9,5,5,7,3,3,0,4,6,4,0,0,0,0,0,0,0,0,0,0,0,1.Mos99,0.060927325,0.035516893,0.039246803,0.027440336,0.025831189,0.01778563
40,CY013812_A_New_York_C4_2002,EPI103320_A_Moscow_10_1999_NA_NA_NA_NA,6,1,10,5,5,7,3,3,0,3,3,2,0,0,1,0,1,0,0,0,0,0,0,1.Mos99,0.032808945,0.009319908,0.008754053,0.008720203,0.018754311,0.012125467
41,CY019156_A_New_York_900_2004,EPI358781_A_Fujian_411_2002_NA_NA_NA_NA,3,3,7,3,3,4,2,0,0,3,3,4,1,0,0,0,0,0,0,0,0,0,0,2.Fuj02,0.089943982,0.119831605,0.071393614,0.099896295,0.131255918,0.129221381
42,CY019164_A_New_York_900_2004,EPI358781_A_Fujian_411_2002_NA_NA_NA_NA,3,3,7,3,3,4,2,0,1,3,3,4,1,0,0,0,0,0,0,0,0,0,0,2.Fuj02,0.089943982,0.119831605,0.071393614,0.099896295,0.131255918,0.129221381
43,CY019180_A_New_York_905_2004,EPI358781_A_Fujian_411_2002_NA_NA_NA_NA,3,3,7,3,4,1,1,0,1,3,3,4,1,0,0,0,0,0,0,0,0,0,0,2.Fuj02,0.089943982,0.119831605,0.071393614,0.099896295,0.051462758,0.060079062
44,CY019260_A_New_York_908_2004,EPI358781_A_Fujian_411_2002_NA_NA_NA_NA,3,3,7,3,4,1,1,0,0,3,3,4,1,0,0,0,0,0,0,0,0,0,0,2.Fuj02,0.089943982,0.119831605,0.071393614,0.099896295,0.051462758,0.060079062
45,CY019300_A_New_York_913_2005,EPI358781_A_Fujian_411_2002_NA_NA_NA_NA,3,3,7,3,4,3,1,0,0,3,3,4,1,0,0,0,0,0,0,0,0,0,0,2.Fuj02,0.089943982,0.119831605,0.071393614,0.099896295,0.096975853,0.110965745
46,CY019308_A_New_York_918_2005,EPI358781_A_Fujian_411_2002_NA_NA_NA_NA,3,3,7,3,4,1,1,0,0,3,3,4,1,0,0,0,0,0,0,0,0,0,0,2.Fuj02,0.089943982,0.119831605,0.071393614,0.099896295,0.051462758,0.060079062
47,CY019324_A_New_York_918_2005,EPI358781_A_Fujian_411_2002_NA_NA_NA_NA,3,3,7,3,4,1,1,0,0,3,3,4,1,0,0,0,0,0,0,0,0,0,0,2.Fuj02,0.089943982,0.119831605,0.071393614,0.099896295,0.051462758,0.060079062
48,CY019866_A_New_York_938_2006,EPI367109_A_California_7_2004_NA_NA_NA_NA,4,3,4,5,1,8,2,0,0,1,3,1,0,0,0,0,0,0,0,1,0,0,0,3.Cal04,0.078160688,0.030600301,0.029410596,0.018616954,0.051593905,0.034341994
49,CY020372_A_New_York_938_2006,EPI367109_A_California_7_2004_NA_NA_NA_NA,4,3,4,5,1,8,2,0,0,1,2,1,0,0,0,0,0,0,0,1,0,0,0,3.Cal04,0.06085183,0.030600301,0.029410596,0.018616954,0.051593905,0.034341994
50,CY020540_A_New_York_913_2005,EPI358781_A_Fujian_411_2002_NA_NA_NA_NA,3,3,7,3,4,3,1,0,0,3,3,4,1,0,0,0,0,0,0,0,0,0,0,2.Fuj02,0.089943982,0.119831605,0.071393614,0.099896295,0.096975853,0.110965745
51,CY025428_A_California_UR06_0347_2007,EPI502253_A_Wisconsin_67_2005_NA_NA_NA_NA,2,0,6,6,1,1,1,3,0,0,5,0,1,0,0,0,0,0,0,1,0,0,0,4.Wis05,0.189728321,0.131108987,0.090626823,0.095806678,0.087733748,0.067643732
52,CY027570_A_Texas_UR06_0358_2007,EPI502253_A_Wisconsin_67_2005_NA_NA_NA_NA,1,0,8,5,1,0,1,3,0,0,5,0,1,0,0,0,0,0,0,1,0,0,0,4.Wis05,0.189728321,0.131108987,0.076036779,0.127738642,0.068053988,0.077733149
53,CY032968_A_Yucatan_844_2003,EPI103320_A_Moscow_10_1999_NA_NA_NA_NA,12,1,8,2,0,2,2,2,1,4,5,3,0,0,0,0,0,0,0,0,0,0,0,1.Mos99,0.047239265,0.018272593,0.027100011,0.01518516,0.018806195,0.011292358
54,CY037310_A_Qatar_AF02_2008,EPI502253_A_Wisconsin_67_2005_NA_NA_NA_NA,3,1,9,5,3,3,1,4,0,0,4,0,1,0,0,0,0,0,0,1,0,1,1,4.Wis05,0.151780546,0.131108987,0.107690131,0.211336992,0.333755208,0.354572345
55,CY037326_A_Korea_AF05_2008,EPI502253_A_Wisconsin_67_2005_NA_NA_NA_NA,5,1,8,5,1,0,0,3,0,0,4,0,1,0,0,0,0,0,0,1,0,0,0,4.Wis05,0.151780546,0.131108987,0.150375891,0.229128102,0.221270881,0.209591432
56,CY038574_A_Hong_Kong_HKU2_2004,EPI103320_A_Moscow_10_1999_NA_NA_NA_NA,15,3,11,5,5,8,3,4,0,4,6,4,0,0,0,0,0,0,0,0,0,0,0,1.Mos99,0.060927325,0.035516893,0.047137678,0.052631244,0.037687367,0.016371838
57,CY038614_A_Hong_Kong_HKU19_2004,EPI103320_A_Moscow_10_1999_NA_NA_NA_NA,19,2,11,2,0,6,4,5,1,5,9,6,0,0,0,0,0,0,0,1,0,0,0,1.Mos99,0.110393557,0.125985644,0.096163501,0.101331523,0.071485468,0.092339266
58,CY038622_A_Hong_Kong_HKU20_2004,EPI103320_A_Moscow_10_1999_NA_NA_NA_NA,19,2,12,3,0,5,4,4,0,5,8,6,0,0,0,0,0,0,0,1,0,0,0,1.Mos99,0.08661736,0.125985644,0.096163501,0.126503968,0.1126554,0.173780306
59,CY038638_A_Hong_Kong_HKU29_2004,EPI103320_A_Moscow_10_1999_NA_NA_NA_NA,19,3,12,2,2,5,4,4,0,5,8,6,0,0,0,0,0,0,0,1,0,0,0,1.Mos99,0.08661736,0.125985644,0.096163501,0.126503968,0.1126554,0.090584599
60,CY038646_A_Hong_Kong_HKU31_2004,EPI103320_A_Moscow_10_1999_NA_NA_NA_NA,20,2,12,3,1,6,4,4,0,5,8,6,0,0,0,0,0,0,0,1,0,1,0,1.Mos99,0.08661736,0.125985644,0.114138418,0.147384426,0.096697667,0.112101577
61,CY038654_A_Hong_Kong_HKU34_2004,EPI103320_A_Moscow_10_1999_NA_NA_NA_NA,21,2,12,3,1,5,4,4,0,5,7,6,0,0,0,0,0,0,0,1,0,0,0,1.Mos99,0.067573031,0.125985644,0.134971476,0.17103652,0.145336565,0.153921334
62,CY038686_A_Hong_Kong_HKU42_2005,EPI358781_A_Fujian_411_2002_NA_NA_NA_NA,4,2,4,1,2,2,3,1,1,2,2,4,0,0,0,0,0,0,0,0,0,0,0,2.Fuj02,0.081289938,0.119831605,0.085174851,0.058841059,0.048473147,0.032044017
63,CY038702_A_Hong_Kong_HKU62_2005,EPI358781_A_Fujian_411_2002_NA_NA_NA_NA,7,1,5,1,4,3,1,1,0,3,3,4,0,0,0,0,0,0,0,1,1,1,1,2.Fuj02,0.089943982,0.119831605,0.141890345,0.120141696,0.144113161,0.180750824
64,CY038710_A_Hong_Kong_HKU65_2005,EPI358781_A_Fujian_411_2002_NA_NA_NA_NA,5,1,6,1,4,3,3,0,0,3,3,4,0,0,0,0,0,0,0,1,1,1,0,2.Fuj02,0.089943982,0.119831605,0.101326033,0.109609781,0.118531208,0.142327506
65,CY038718_A_Hong_Kong_HKU67_2005,EPI358781_A_Fujian_411_2002_NA_NA_NA_NA,5,1,5,1,4,3,4,1,0,3,3,4,0,0,0,0,0,0,0,1,0,1,1,2.Fuj02,0.089943982,0.119831605,0.101326033,0.087462429,0.097209201,0.132656156
66,CY038734_A_Hong_Kong_HKU69_2005,EPI358781_A_Fujian_411_2002_NA_NA_NA_NA,5,1,5,1,4,4,1,0,0,3,3,4,0,0,0,0,0,0,0,1,1,1,1,2.Fuj02,0.089943982,0.119831605,0.101326033,0.087462429,0.122963749,0.16631713
67,CY038742_A_Hong_Kong_HKU70_2005,EPI358781_A_Fujian_411_2002_NA_NA_NA_NA,6,1,6,1,2,4,2,0,0,3,3,4,0,0,0,0,0,0,0,1,1,1,0,2.Fuj02,0.089943982,0.119831605,0.120137667,0.128110698,0.173989293,0.127990798
68,CY038758_A_Hong_Kong_HKU79_2005,EPI358781_A_Fujian_411_2002_NA_NA_NA_NA,5,1,6,1,4,3,1,1,0,3,4,4,0,0,0,0,0,0,0,1,0,1,0,2.Fuj02,0.114518837,0.119831605,0.101326033,0.109609781,0.118531208,0.142327506
69,CY038950_A_Hong_Kong_HKU4_2004,EPI103320_A_Moscow_10_1999_NA_NA_NA_NA,21,2,10,3,4,4,4,3,0,4,9,5,0,0,0,0,0,0,0,0,0,0,0,1.Mos99,0.126924526,0.067909349,0.134971476,0.111167328,0.134623921,0.062790963
70,CY038958_A_Hong_Kong_HKU6_2004,EPI103320_A_Moscow_10_1999_NA_NA_NA_NA,17,2,11,4,0,1,3,3,0,4,8,5,0,0,0,0,0,0,0,1,1,0,0,1.Mos99,0.099988117,0.067909349,0.067641343,0.073342243,0.144782836,0.153557069
71,CY038990_A_Hong_Kong_HKU14_2004,EPI103320_A_Moscow_10_1999_NA_NA_NA_NA,17,2,12,4,1,1,3,2,0,4,8,5,0,0,0,0,0,0,0,1,1,0,0,1.Mos99,0.099988117,0.067909349,0.067641343,0.092275619,0.174522502,0.172090027
72,CY038998_A_Hong_Kong_HKU15_2004,EPI103320_A_Moscow_10_1999_NA_NA_NA_NA,17,1,12,4,0,1,3,2,0,4,8,5,0,0,0,0,0,0,0,1,1,0,0,1.Mos99,0.099988117,0.067909349,0.067641343,0.092275619,0.174522502,0.231980431
73,CY039014_A_Hong_Kong_HKU21_2004,EPI103320_A_Moscow_10_1999_NA_NA_NA_NA,19,4,13,2,0,5,4,4,1,5,8,6,0,0,0,0,0,0,0,0,0,0,0,1.Mos99,0.08661736,0.125985644,0.096163501,0.156838331,0.136851821,0.259367127
74,CY039030_A_Hong_Kong_HKU25_2004,EPI103320_A_Moscow_10_1999_NA_NA_NA_NA,21,2,12,3,0,5,4,4,1,5,8,6,0,0,0,0,0,0,0,1,0,1,0,1.Mos99,0.08661736,0.125985644,0.134971476,0.17103652,0.145336565,0.209085566
75,CY039038_A_Hong_Kong_HKU30_2004,EPI103320_A_Moscow_10_1999_NA_NA_NA_NA,21,2,12,2,0,5,4,4,1,5,8,6,0,0,0,0,0,0,0,1,0,0,0,1.Mos99,0.08661736,0.125985644,0.134971476,0.17103652,0.145336565,0.209085566
76,CY039054_A_Hong_Kong_HKU40_2004,EPI358781_A_Fujian_411_2002_NA_NA_NA_NA,4,1,4,1,3,2,2,1,0,2,2,4,0,0,0,0,0,0,0,0,0,0,0,2.Fuj02,0.081289938,0.119831605,0.085174851,0.058841059,0.048473147,0.05091451
77,CY039062_A_Hong_Kong_HKU45_2005,EPI358781_A_Fujian_411_2002_NA_NA_NA_NA,2,2,6,3,2,0,0,1,0,2,4,4,0,0,0,0,0,0,0,0,0,0,0,2.Fuj02,0.131576183,0.119831605,0.059696667,0.067507049,0.021513276,0.018162011
78,CY039070_A_Hong_Kong_HKU47_2005,EPI358781_A_Fujian_411_2002_NA_NA_NA_NA,6,1,5,1,4,3,2,1,0,3,3,4,0,0,0,0,0,0,0,1,0,1,0,2.Fuj02,0.089943982,0.119831605,0.120137667,0.102656112,0.118670333,0.155188643
79,CY039166_A_Hong_Kong_HKU5_2004,EPI103320_A_Moscow_10_1999_NA_NA_NA_NA,16,4,8,5,7,6,3,3,0,4,8,5,0,0,0,0,0,0,0,0,0,0,0,1.Mos99,0.099988117,0.067909349,0.05652174,0.030346041,0.027842253,0.024772906
80,CY039174_A_Hong_Kong_HKU24_2004,EPI103320_A_Moscow_10_1999_NA_NA_NA_NA,16,3,11,4,1,2,4,2,0,4,6,5,0,0,0,0,0,0,0,1,1,0,0,1.Mos99,0.060927325,0.067909349,0.05652174,0.062186509,0.096308369,0.087950507
81,CY039214_A_Hong_Kong_HKU58_2005,EPI358781_A_Fujian_411_2002_NA_NA_NA_NA,5,1,5,1,4,4,2,1,0,3,3,4,0,0,0,0,0,0,0,1,0,1,0,2.Fuj02,0.089943982,0.119831605,0.101326033,0.087462429,0.122963749,0.16631713
82,CY039230_A_Hong_Kong_HKU61_2005,EPI358781_A_Fujian_411_2002_NA_NA_NA_NA,5,1,6,1,4,3,1,0,0,3,3,4,0,0,0,0,0,0,0,1,0,1,0,2.Fuj02,0.089943982,0.119831605,0.101326033,0.109609781,0.118531208,0.142327506
83,CY039238_A_Hong_Kong_HKU63_2005,EPI358781_A_Fujian_411_2002_NA_NA_NA_NA,6,2,5,1,3,4,2,0,0,3,4,4,0,0,0,0,0,0,0,1,0,1,0,2.Fuj02,0.114518837,0.119831605,0.120137667,0.102656112,0.144324603,0.137185168
84,CY039406_A_Taiwan_70002_2007,EPI502253_A_Wisconsin_67_2005_NA_NA_NA_NA,2,0,5,1,2,0,1,0,0,2,4,0,0,0,0,0,0,0,0,0,0,0,0,4.Wis05,0.115341978,0.131108987,0.090626823,0.076209617,0.050023917,0.046548252
85,CY039414_A_Taiwan_70113_2007,EPI502253_A_Wisconsin_67_2005_NA_NA_NA_NA,2,0,4,2,0,1,1,2,0,0,5,0,0,0,0,0,0,0,0,0,0,0,0,4.Wis05,0.189728321,0.131108987,0.090626823,0.06035353,0.058082702,0.019614251
86,CY039494_A_Hong_Kong_HKU1_2004,EPI103320_A_Moscow_10_1999_NA_NA_NA_NA,17,1,11,4,2,1,2,4,0,4,8,5,0,0,0,0,0,0,0,1,1,0,0,1.Mos99,0.099988117,0.067909349,0.067641343,0.073342243,0.144782836,0.096188847
87,CY039502_A_Hong_Kong_HKU32_2004,EPI103320_A_Moscow_10_1999_NA_NA_NA_NA,20,3,13,4,0,5,8,4,1,5,8,6,0,0,0,0,0,0,0,1,0,1,1,1.Mos99,0.08661736,0.125985644,0.114138418,0.181684287,0.155045323,0.281921706
88,CY040057_A_Taiwan_70307_2007,EPI502253_A_Wisconsin_67_2005_NA_NA_NA_NA,1,0,5,1,1,1,1,1,0,1,5,0,0,0,0,0,0,0,0,0,0,0,0,4.Wis05,0.166578277,0.131108987,0.076036779,0.064648168,0.053921236,0.036322922
89,CY040073_A_Taiwan_2361_2007,EPI502253_A_Wisconsin_67_2005_NA_NA_NA_NA,2,1,7,7,2,0,1,4,0,0,4,0,1,0,0,0,0,0,0,0,0,0,0,4.Wis05,0.151780546,0.131108987,0.090626823,0.119789604,0.075892451,0.081046861
90,CY040105_A_Taiwan_70120_2008,EPI502253_A_Wisconsin_67_2005_NA_NA_NA_NA,1,0,6,5,1,0,0,5,0,0,4,0,1,0,0,0,0,0,0,1,0,0,0,4.Wis05,0.151780546,0.131108987,0.076036779,0.081534638,0.044727936,0.036296687
91,CY040321_A_Hong_Kong_HKU38_2004,EPI103320_A_Moscow_10_1999_NA_NA_NA_NA,20,2,12,3,3,5,5,4,0,5,7,6,0,0,0,0,0,0,0,1,0,0,0,1.Mos99,0.067573031,0.125985644,0.114138418,0.147384426,0.128109589,0.071363494
92,CY040329_A_Hong_Kong_HKU52_2005,EPI358781_A_Fujian_411_2002_NA_NA_NA_NA,6,1,5,1,4,3,1,1,0,3,3,4,0,0,0,0,0,0,0,1,0,1,0,2.Fuj02,0.089943982,0.119831605,0.120137667,0.102656112,0.118670333,0.155188643
93,CY040345_A_Hong_Kong_HKU75_2005,EPI358781_A_Fujian_411_2002_NA_NA_NA_NA,6,1,5,1,0,3,2,0,0,3,3,4,0,0,0,0,0,0,0,1,0,1,0,2.Fuj02,0.089943982,0.119831605,0.120137667,0.102656112,0.118670333,0.039273193
94,CY040353_A_Hong_Kong_HKU76_2005,EPI358781_A_Fujian_411_2002_NA_NA_NA_NA,6,2,6,1,2,3,3,0,0,3,3,4,0,0,0,0,0,0,0,1,0,1,0,2.Fuj02,0.089943982,0.119831605,0.120137667,0.128110698,0.143949079,0.104320568
95,CY040361_A_Hong_Kong_HKU77_2005,EPI358781_A_Fujian_411_2002_NA_NA_NA_NA,5,1,6,4,3,3,1,1,0,3,3,4,0,0,0,0,0,0,0,1,1,1,1,2.Fuj02,0.089943982,0.119831605,0.101326033,0.109609781,0.118531208,0.112575003
96,CY043751_A_Hong_Kong_HKU28_2004,EPI103320_A_Moscow_10_1999_NA_NA_NA_NA,19,3,12,2,2,5,4,4,0,5,7,6,0,0,0,0,0,0,0,1,0,0,0,1.Mos99,0.067573031,0.125985644,0.096163501,0.126503968,0.1126554,0.090584599
97,CY043767_A_Hong_Kong_HKU72_2005,EPI358781_A_Fujian_411_2002_NA_NA_NA_NA,6,1,6,1,4,3,1,0,0,3,3,4,0,0,0,0,0,0,0,1,0,1,0,2.Fuj02,0.089943982,0.119831605,0.120137667,0.128110698,0.143949079,0.166187974
98,CY043775_A_Hong_Kong_HKU78_2005,EPI358781_A_Fujian_411_2002_NA_NA_NA_NA,6,1,7,1,4,3,1,1,0,3,4,4,0,0,0,0,0,0,0,1,0,1,0,2.Fuj02,0.114518837,0.119831605,0.120137667,0.158760314,0.173552238,0.177802829
99,CY044404_A_Hong_Kong_HKU73_2005,EPI358781_A_Fujian_411_2002_NA_NA_NA_NA,6,1,6,2,4,3,1,2,1,3,3,4,0,0,0,0,0,0,0,1,0,0,0,2.Fuj02,0.089943982,0.119831605,0.120137667,0.128110698,0.143949079,0.166187974
100,CY044603_A_Boston_40_2008,EPI502253_A_Wisconsin_67_2005_NA_NA_NA_NA,5,0,8,5,1,1,1,3,0,0,4,0,1,0,0,0,0,0,0,1,0,0,0,4.Wis05,0.151780546,0.131108987,0.150375891,0.229128102,0.270061838,0.256990138
101,CY044827_A_Boston_88_2008,EPI502253_A_Wisconsin_67_2005_NA_NA_NA_NA,3,1,8,5,1,0,1,4,0,0,4,0,1,0,0,0,0,0,0,1,1,1,0,4.Wis05,0.151780546,0.131108987,0.107690131,0.172619937,0.125909053,0.130055135
102,CY050611_A_New_York_3018_2009,EPI577980_A_Brisbane_10_2007_NA_NA_NA_NA,6,2,1,1,3,2,1,1,0,0,3,3,0,0,0,0,0,0,0,1,0,1,1,5.Bris07,0.111234695,0.175929998,0.076586975,0.037921263,0.040872897,0.055947036
103,CY050731_A_New_York_3143_2009,EPI577980_A_Brisbane_10_2007_NA_NA_NA_NA,5,1,2,1,4,1,1,1,0,0,2,2,0,0,0,0,0,0,0,1,0,0,0,5.Bris07,0.087295113,0.097396171,0.064097893,0.040688785,0.030484901,0.081385699
104,CY050795_A_New_York_3491_2009,EPI577980_A_Brisbane_10_2007_NA_NA_NA_NA,5,1,1,1,3,2,1,1,0,0,2,2,0,0,0,0,0,0,0,1,0,0,0,5.Bris07,0.087295113,0.097396171,0.064097893,0.03196738,0.031743472,0.045502152
105,CY050827_A_New_York_3738_2009,EPI577980_A_Brisbane_10_2007_NA_NA_NA_NA,6,1,1,2,3,1,1,1,0,0,2,2,0,0,0,0,0,0,0,1,0,0,0,5.Bris07,0.087295113,0.097396171,0.076586975,0.037921263,0.032900527,0.044914112
106,CY064830_A_California_VRDL138_2009,EPI577980_A_Brisbane_10_2007_NA_NA_NA_NA,2,3,5,1,3,1,2,5,0,0,0,0,0,0,0,0,0,0,0,0,0,0,0,5.Bris07,0.05290144,0.02682703,0.037131586,0.050197006,0.024225633,0.035200165
107,CY067976_A_California_VRDL339_2009,EPI577980_A_Brisbane_10_2007_NA_NA_NA_NA,6,1,2,1,2,1,1,3,0,0,2,2,0,0,0,0,0,0,0,1,0,0,0,5.Bris07,0.087295113,0.097396171,0.076586975,0.048186162,0.040753728,0.027511687
108,CY068104_A_California_VRDL368_2009,EPI577980_A_Brisbane_10_2007_NA_NA_NA_NA,0,2,2,1,0,0,2,2,0,0,0,0,0,0,0,0,0,0,0,1,0,0,0,5.Bris07,0.05290144,0.02682703,0.02562199,0.017206863,0.004399287,0.000997322
109,CY068208_A_California_VRDL170_2009,EPI577980_A_Brisbane_10_2007_NA_NA_NA_NA,0,3,4,1,1,0,3,3,0,0,0,0,0,0,0,0,0,0,0,0,0,0,0,5.Bris07,0.05290144,0.02682703,0.02562199,0.028071788,0.006844245,0.004464616
110,CY068232_A_California_VRDL188_2009,EPI577980_A_Brisbane_10_2007_NA_NA_NA_NA,0,1,5,1,0,2,3,1,0,0,0,0,0,0,0,0,0,0,0,1,0,0,0,5.Bris07,0.05290144,0.02682703,0.02562199,0.035769661,0.02103663,0.010942277
111,CY068296_A_California_VRDL247_2009,EPI577980_A_Brisbane_10_2007_NA_NA_NA_NA,0,1,4,0,1,1,3,2,0,0,0,0,0,0,0,0,0,0,0,1,0,0,0,5.Bris07,0.05290144,0.02682703,0.02562199,0.028071788,0.010772153,0.006901099
112,CY068336_A_California_VRDL260_2009,EPI577980_A_Brisbane_10_2007_NA_NA_NA_NA,6,1,2,1,2,1,1,1,0,0,2,2,0,0,0,0,0,0,0,1,0,0,0,5.Bris07,0.087295113,0.097396171,0.076586975,0.048186162,0.040753728,0.027511687
113,CY068360_A_California_VRDL263_2009,EPI577980_A_Brisbane_10_2007_NA_NA_NA_NA,6,1,2,1,2,1,1,1,0,0,2,2,0,0,0,0,0,0,0,1,0,0,0,5.Bris07,0.087295113,0.097396171,0.076586975,0.048186162,0.040753728,0.027511687
114,CY068416_A_California_VRDL277_2009,EPI577980_A_Brisbane_10_2007_NA_NA_NA_NA,5,1,1,1,2,1,1,3,0,0,2,2,0,0,0,0,0,0,0,1,0,0,0,5.Bris07,0.087295113,0.097396171,0.064097893,0.03196738,0.024559829,0.016094727
115,CY068480_A_California_VRDL309_2009,EPI577980_A_Brisbane_10_2007_NA_NA_NA_NA,0,1,4,1,3,0,2,3,0,0,0,0,0,0,0,0,0,0,0,0,0,0,0,5.Bris07,0.05290144,0.02682703,0.02562199,0.028071788,0.006844245,0.011639455
116,CY068640_A_California_VRDL394_2009,EPI577980_A_Brisbane_10_2007_NA_NA_NA_NA,0,1,5,0,0,2,2,1,0,0,0,0,0,0,0,0,0,0,0,1,0,0,0,5.Bris07,0.05290144,0.02682703,0.02562199,0.035769661,0.02103663,0.010942277
117,CY068781_A_California_VRDL205_2009,EPI577980_A_Brisbane_10_2007_NA_NA_NA_NA,1,1,5,0,0,1,2,1,0,0,1,0,0,0,0,0,0,0,0,1,0,0,0,5.Bris07,0.068112881,0.02682703,0.030861485,0.042400695,0.0180431,0.009103314
118,CY069322_A_Korea_WRAIR1038P_2009,EPI577980_A_Brisbane_10_2007_NA_NA_NA_NA,6,1,2,1,2,2,2,1,0,0,2,2,0,0,0,0,0,0,0,1,0,0,0,5.Bris07,0.087295113,0.097396171,0.076586975,0.048186162,0.050529639,0.034423869
119,CY069426_A_Japan_WRAIR1140P_2009,EPI577980_A_Brisbane_10_2007_NA_NA_NA_NA,1,1,1,0,1,1,3,1,0,0,0,1,0,0,0,0,0,0,0,0,0,0,0,5.Bris07,0.05290144,0.051719064,0.030861485,0.016009852,0.007497702,0.002663862
120,CY072221_A_New_York_20343_2010,EPI577980_A_Brisbane_10_2007_NA_NA_NA_NA,9,2,4,0,4,2,5,3,0,0,1,2,1,0,0,0,0,0,0,1,1,1,1,5.Bris07,0.068112881,0.097396171,0.128386571,0.124354197,0.154183462,0.245235703
121,CY077432_A_California_VRDL356_2009,EPI577980_A_Brisbane_10_2007_NA_NA_NA_NA,5,2,1,2,3,1,3,2,0,0,2,2,0,0,0,0,0,0,0,1,0,0,0,5.Bris07,0.087295113,0.097396171,0.064097893,0.03196738,0.024559829,0.035258823
122,CY084416_A_New_York_3918_2009,EPI577980_A_Brisbane_10_2007_NA_NA_NA_NA,7,1,1,1,3,3,3,1,0,0,3,3,0,0,0,0,0,0,0,1,0,0,0,5.Bris07,0.111234695,0.175929998,0.091272163,0.044932577,0.062575812,0.082314965
123,CY088027_A_England_425_2003,EPI103320_A_Moscow_10_1999_NA_NA_NA_NA,16,4,9,6,6,9,3,7,1,4,6,4,0,0,0,0,0,0,0,0,0,0,0,1.Mos99,0.060927325,0.035516893,0.05652174,0.038642766,0.021535189,0.014781189
124,CY088035_A_England_438_2003,EPI103320_A_Moscow_10_1999_NA_NA_NA_NA,16,1,8,6,5,7,3,3,1,4,8,5,0,0,0,0,0,0,0,0,0,0,0,1.Mos99,0.099988117,0.067909349,0.05652174,0.030346041,0.023780727,0.019935683
125,CY088115_A_England_467_2003,EPI103320_A_Moscow_10_1999_NA_NA_NA_NA,18,4,9,5,6,7,3,4,1,4,8,5,0,0,0,0,0,0,0,0,0,0,0,1.Mos99,0.099988117,0.067909349,0.080761266,0.054163854,0.033725385,0.020187523
126,CY088131_A_Scotland_78_2003,EPI103320_A_Moscow_10_1999_NA_NA_NA_NA,15,4,9,6,6,9,4,3,1,4,6,4,0,0,0,0,0,0,0,0,0,0,0,1.Mos99,0.060927325,0.035516893,0.047137678,0.032579439,0.021719696,0.01512693
127,CY088139_A_Scotland_79_2003,EPI103320_A_Moscow_10_1999_NA_NA_NA_NA,15,1,9,6,5,7,4,2,1,4,8,5,0,0,0,0,0,0,0,0,0,0,0,1.Mos99,0.099988117,0.067909349,0.047137678,0.032579439,0.027617469,0.018596702
128,CY088187_A_England_944_2003,EPI103320_A_Moscow_10_1999_NA_NA_NA_NA,16,4,9,6,6,9,3,4,1,5,6,4,0,0,0,0,0,0,0,0,0,0,0,1.Mos99,0.052475364,0.035516893,0.05652174,0.038642766,0.021535189,0.014781189
129,CY088251_A_England_525_2003,EPI103320_A_Moscow_10_1999_NA_NA_NA_NA,15,4,9,5,5,9,3,5,1,4,6,4,0,0,0,0,0,0,0,0,0,0,0,1.Mos99,0.060927325,0.035516893,0.047137678,0.032579439,0.021719696,0.015930198
130,CY088267_A_England_585_2003,EPI103320_A_Moscow_10_1999_NA_NA_NA_NA,16,3,9,5,6,7,3,5,1,4,7,4,0,0,0,0,0,0,0,0,0,0,0,1.Mos99,0.078255867,0.035516893,0.05652174,0.038642766,0.029523529,0.018466905
131,CY088275_A_England_487_2003,EPI103320_A_Moscow_10_1999_NA_NA_NA_NA,16,4,9,5,6,8,3,4,1,5,6,4,0,0,0,0,0,0,0,0,0,0,0,1.Mos99,0.052475364,0.035516893,0.05652174,0.038642766,0.025223108,0.016523308
132,CY088291_A_England_491_2003,EPI103320_A_Moscow_10_1999_NA_NA_NA_NA,16,4,9,5,6,7,3,4,1,5,6,4,0,0,0,0,0,0,0,0,0,0,0,1.Mos99,0.052475364,0.035516893,0.05652174,0.038642766,0.029523529,0.018466905
133,CY088323_A_England_508_2003,EPI103320_A_Moscow_10_1999_NA_NA_NA_NA,17,3,10,5,6,7,5,3,1,4,6,4,0,0,0,0,0,0,0,0,0,0,0,1.Mos99,0.060927325,0.035516893,0.067641343,0.058045254,0.039102315,0.016952453
134,CY088339_A_England_957_2003,EPI103320_A_Moscow_10_1999_NA_NA_NA_NA,15,4,9,6,6,8,3,4,1,4,6,4,0,0,0,0,0,0,0,0,0,0,0,1.Mos99,0.060927325,0.035516893,0.047137678,0.032579439,0.024496135,0.016345926
135,CY088363_A_England_558_2003,EPI103320_A_Moscow_10_1999_NA_NA_NA_NA,19,1,10,4,0,7,3,6,1,4,8,5,0,0,0,0,0,0,0,1,1,1,0,1.Mos99,0.099988117,0.067909349,0.096163501,0.080705234,0.044604787,0.046898595
136,CY088379_A_England_532_2003,EPI103320_A_Moscow_10_1999_NA_NA_NA_NA,15,4,10,5,6,7,3,4,1,4,6,4,0,0,0,0,0,0,0,0,0,0,0,1.Mos99,0.060927325,0.035516893,0.047137678,0.041460675,0.034254294,0.015503203
137,CY088387_A_England_522_2003,EPI103320_A_Moscow_10_1999_NA_NA_NA_NA,15,4,10,5,5,9,3,4,1,4,6,4,0,0,0,0,0,0,0,0,0,0,0,1.Mos99,0.060927325,0.035516893,0.047137678,0.041460675,0.026978535,0.015535761
138,CY088403_A_England_547_2003,EPI103320_A_Moscow_10_1999_NA_NA_NA_NA,16,1,9,7,5,7,3,2,1,4,8,5,0,0,0,0,0,0,0,0,0,0,0,1.Mos99,0.099988117,0.067909349,0.05652174,0.038642766,0.029523529,0.019444029
139,CY089740_A_Boston_40_2009,EPI577980_A_Brisbane_10_2007_NA_NA_NA_NA,0,1,4,0,0,3,4,2,0,0,0,0,0,0,0,0,0,0,0,1,0,0,0,5.Bris07,0.05290144,0.02682703,0.02562199,0.028071788,0.02646986,0.010191279
140,CY089756_A_Boston_75_2009,EPI577980_A_Brisbane_10_2007_NA_NA_NA_NA,0,1,4,1,2,1,3,3,0,0,0,0,0,0,0,0,0,0,0,0,0,0,0,5.Bris07,0.05290144,0.02682703,0.02562199,0.028071788,0.010772153,0.011135441
141,CY090956_A_South_Carolina_NHRC0002_2003,EPI103320_A_Moscow_10_1999_NA_NA_NA_NA,15,3,10,6,6,7,4,3,1,4,6,4,0,0,0,0,0,0,0,0,0,0,0,1.Mos99,0.060927325,0.035516893,0.047137678,0.041460675,0.034254294,0.015503203
142,CY090996_A_South_Carolina_NHRC0001_2005,EPI358781_A_Fujian_411_2002_NA_NA_NA_NA,4,3,4,5,2,3,2,1,0,3,3,4,0,0,0,0,0,0,0,1,0,0,0,2.Fuj02,0.089943982,0.119831605,0.085174851,0.058841059,0.064502124,0.042782072
143,CY091012_A_Illinois_NHRC0001_2005,EPI358781_A_Fujian_411_2002_NA_NA_NA_NA,4,3,6,4,4,3,1,1,0,3,3,4,0,0,0,0,0,0,0,1,0,0,0,2.Fuj02,0.089943982,0.119831605,0.085174851,0.093494146,0.097092465,0.121394053
144,CY091036_A_Illinois_NHRC0002_2005,EPI367109_A_California_7_2004_NA_NA_NA_NA,2,3,1,7,1,8,1,4,1,1,3,1,0,0,0,0,0,0,0,1,1,0,0,3.Cal04,0.078160688,0.030600301,0.020243941,0.006245175,0.025630759,0.010285876
145,CY091124_A_Missouri_NHRC0002_2004,EPI103320_A_Moscow_10_1999_NA_NA_NA_NA,18,3,10,5,6,9,3,4,0,4,7,4,0,0,0,0,0,0,0,0,0,0,0,1.Mos99,0.078255867,0.035516893,0.080761266,0.068512355,0.026300267,0.012382861
146,CY091140_A_Texas_NHRC0001_2005,EPI358781_A_Fujian_411_2002_NA_NA_NA_NA,5,4,6,3,1,2,3,0,0,3,3,4,1,0,0,0,0,0,0,0,0,0,0,2.Fuj02,0.089943982,0.119831605,0.101326033,0.109609781,0.093605962,0.053776197
147,CY091316_A_Hong_Kong_NHRC0001_2005,EPI358781_A_Fujian_411_2002_NA_NA_NA_NA,6,1,5,1,3,3,1,0,0,3,3,4,0,0,0,0,0,0,0,1,0,1,0,2.Fuj02,0.089943982,0.119831605,0.120137667,0.102656112,0.118670333,0.112033019
148,CY091436_A_California_NHRC0002_2005,EPI358781_A_Fujian_411_2002_NA_NA_NA_NA,6,2,4,3,3,3,1,0,0,3,3,4,0,0,0,0,0,0,0,1,0,1,1,2.Fuj02,0.089943982,0.119831605,0.120137667,0.081784737,0.097326063,0.094594755
149,CY091468_A_California_NHRC0006_2003,EPI103320_A_Moscow_10_1999_NA_NA_NA_NA,17,3,9,5,6,6,4,3,1,4,7,4,0,0,0,0,0,0,0,0,0,0,0,1.Mos99,0.078255867,0.035516893,0.067641343,0.045781132,0.038296802,0.022311613
150,CY091532_A_California_NHRC0006_2005,EPI367109_A_California_7_2004_NA_NA_NA_NA,4,5,3,0,2,2,0,0,0,0,2,1,0,0,0,0,0,0,0,0,0,0,0,3.Cal04,0.070552491,0.030600301,0.029410596,0.014554739,0.007035999,0.007030817
151,CY091580_A_Illinois_NHRC0002_2011,EPI577969_A_Perth_16_2009_NA_NA_NA_NA,10,0,3,1,3,4,2,7,0,0,2,0,0,0,0,0,0,0,0,1,0,0,0,6.Prth09,0.077574317,0.053106392,0.063008873,0.026886266,0.030256917,0.026762334
152,CY091588_A_California_NHRC0001_2011,EPI577969_A_Perth_16_2009_NA_NA_NA_NA,11,0,4,1,3,2,3,6,0,0,2,0,0,0,0,0,0,0,0,1,0,0,0,6.Prth09,0.077574317,0.053106392,0.075302839,0.040635339,0.042141406,0.033107676
153,CY092216_A_Georgia_NHRC0001_2003,EPI103320_A_Moscow_10_1999_NA_NA_NA_NA,15,3,10,6,5,8,3,3,0,4,6,4,0,0,0,0,0,0,0,0,0,0,0,1.Mos99,0.060927325,0.035516893,0.047137678,0.041460675,0.03040632,0.01678714
154,CY092272_A_California_NHRC0003_2011,EPI577969_A_Perth_16_2009_NA_NA_NA_NA,11,0,3,1,3,2,2,6,0,0,2,0,0,0,0,0,0,0,0,1,0,0,0,6.Prth09,0.077574317,0.053106392,0.075302839,0.031925008,0.034030287,0.027572901
155,CY092288_A_California_NHRC0002_2011,EPI577969_A_Perth_16_2009_NA_NA_NA_NA,10,0,3,1,3,2,2,6,0,0,2,0,0,0,0,0,0,0,0,1,0,0,0,6.Prth09,0.077574317,0.053106392,0.063008873,0.026886266,0.026387188,0.022300121
156,CY093221_A_District_of_Columbia_WRAIR0300_2010,EPI577969_A_Perth_16_2009_NA_NA_NA_NA,10,0,5,4,4,4,5,2,1,0,1,0,1,0,0,0,0,0,0,1,0,0,0,6.Prth09,0.060386806,0.053106392,0.063008873,0.043591961,0.04640278,0.055164849
157,CY093237_A_South_Korea_WRAIR1171P_2009,EPI577980_A_Brisbane_10_2007_NA_NA_NA_NA,3,2,3,2,0,1,2,2,0,0,1,0,0,0,0,0,0,0,0,1,0,0,0,5.Bris07,0.068112881,0.02682703,0.044616931,0.036830354,0.021056175,0.005456921
158,CY093316_A_Kyrgyzstan_WRAIR1256P_2008,EPI577980_A_Brisbane_10_2007_NA_NA_NA_NA,2,3,1,1,0,1,2,3,0,0,0,0,0,0,0,0,0,0,0,1,0,0,0,5.Bris07,0.05290144,0.02682703,0.037131586,0.019050154,0.010103997,0.001535887
159,CY093348_A_Kuwait_WRAIR1561P_2009,EPI577980_A_Brisbane_10_2007_NA_NA_NA_NA,0,1,2,0,0,3,2,1,0,0,0,0,0,0,0,0,0,0,0,1,0,0,0,5.Bris07,0.05290144,0.02682703,0.02562199,0.017206863,0.017135037,0.003700441
160,CY093540_A_Mexico_City_WRAIR3579T_2010,EPI577969_A_Perth_16_2009_NA_NA_NA_NA,10,0,4,2,3,2,3,6,0,0,2,0,0,0,0,0,0,0,0,1,0,0,0,6.Prth09,0.077574317,0.053106392,0.063008873,0.034270508,0.032738316,0.026805654
161,CY100575_A_Mexico_InDRE2246_2005,EPI358781_A_Fujian_411_2002_NA_NA_NA_NA,5,1,6,1,3,3,2,0,0,3,4,4,0,0,0,0,0,0,0,1,0,1,0,2.Fuj02,0.114518837,0.119831605,0.101326033,0.109609781,0.118531208,0.112575003
162,CY106599_A_Hong_Kong_H090_671_V10_2009,EPI577980_A_Brisbane_10_2007_NA_NA_NA_NA,3,1,4,0,5,1,4,3,1,0,1,2,1,0,0,0,0,0,0,1,0,1,0,5.Bris07,0.068112881,0.097396171,0.044616931,0.046814324,0.026158657,0.092627724
163,CY106647_A_Hong_Kong_H090_689_V22_2009,EPI577980_A_Brisbane_10_2007_NA_NA_NA_NA,5,1,2,1,2,2,1,2,0,0,2,2,0,0,0,0,0,0,0,1,0,0,0,5.Bris07,0.087295113,0.097396171,0.064097893,0.040688785,0.039331722,0.027878535
164,CY106655_A_Hong_Kong_H090_692_V10_2009,EPI577980_A_Brisbane_10_2007_NA_NA_NA_NA,5,1,3,1,2,1,1,1,0,0,2,2,0,0,0,0,0,0,0,1,0,0,0,5.Bris07,0.087295113,0.097396171,0.064097893,0.051662596,0.037784031,0.028702568
165,CY106703_A_Hong_Kong_H090_714_V10_2009,EPI577980_A_Brisbane_10_2007_NA_NA_NA_NA,6,1,2,1,2,2,1,1,0,0,2,2,0,0,0,0,0,0,0,1,0,0,0,5.Bris07,0.087295113,0.097396171,0.076586975,0.048186162,0.050529639,0.034423869
166,CY106735_A_Hong_Kong_H090_720_V31_2009,EPI577980_A_Brisbane_10_2007_NA_NA_NA_NA,3,1,4,0,5,1,4,3,1,0,1,2,1,0,0,0,0,0,0,1,0,1,1,5.Bris07,0.068112881,0.097396171,0.044616931,0.046814324,0.026158657,0.092627724
167,CY106743_A_Hong_Kong_H090_724_V10_2009,EPI577980_A_Brisbane_10_2007_NA_NA_NA_NA,7,3,1,2,2,1,2,1,0,0,2,2,0,0,0,0,0,0,0,1,0,0,0,5.Bris07,0.087295113,0.097396171,0.091272163,0.044932577,0.043946173,0.026368874
168,CY106751_A_Hong_Kong_H090_724_V20_2009,EPI577980_A_Brisbane_10_2007_NA_NA_NA_NA,7,3,1,2,2,1,2,1,0,0,2,2,0,0,0,0,0,0,0,1,0,0,0,5.Bris07,0.087295113,0.097396171,0.091272163,0.044932577,0.043946173,0.026368874
169,CY106791_A_Hong_Kong_H090_733_V10_2009,EPI577980_A_Brisbane_10_2007_NA_NA_NA_NA,6,2,3,1,3,2,3,3,0,0,2,2,0,0,0,0,0,0,0,1,0,0,0,5.Bris07,0.087295113,0.097396171,0.076586975,0.061053335,0.062319665,0.079548497
170,CY106847_A_Hong_Kong_H090_739_V22_2009,EPI577980_A_Brisbane_10_2007_NA_NA_NA_NA,9,1,4,2,3,1,1,2,0,0,2,2,0,0,0,0,0,0,0,1,0,0,0,5.Bris07,0.087295113,0.097396171,0.128386571,0.124354197,0.140482999,0.149968813
171,CY106863_A_Hong_Kong_H090_739_V33_2009,EPI577980_A_Brisbane_10_2007_NA_NA_NA_NA,9,1,4,2,3,1,1,2,0,0,2,2,0,0,0,0,0,0,0,1,0,0,0,5.Bris07,0.087295113,0.097396171,0.128386571,0.124354197,0.140482999,0.149968813
172,CY106871_A_Hong_Kong_H090_741_V10_2009,EPI577980_A_Brisbane_10_2007_NA_NA_NA_NA,7,1,2,1,2,1,1,1,0,0,2,2,0,0,0,0,0,0,0,1,0,0,0,5.Bris07,0.087295113,0.097396171,0.091272163,0.056982957,0.054287917,0.035122733
173,CY106879_A_Hong_Kong_H090_747_V10_2009,EPI577980_A_Brisbane_10_2007_NA_NA_NA_NA,8,1,2,2,2,1,1,1,0,0,2,2,0,0,0,0,0,0,0,1,0,0,0,5.Bris07,0.087295113,0.097396171,0.108442485,0.067272179,0.071979499,0.044742483
174,CY107095_A_England_470_2003,EPI103320_A_Moscow_10_1999_NA_NA_NA_NA,15,4,9,5,5,9,3,4,1,4,6,4,0,0,0,0,0,0,0,0,0,0,0,1.Mos99,0.060927325,0.035516893,0.047137678,0.032579439,0.021719696,0.015930198
175,CY107111_A_England_516_2003,EPI103320_A_Moscow_10_1999_NA_NA_NA_NA,17,1,9,7,5,11,3,2,1,5,8,5,0,0,0,0,0,0,0,0,0,0,0,1.Mos99,0.08661736,0.067909349,0.067641343,0.045781132,0.014398414,0.011366094
176,CY107151_A_England_493_2003,EPI103320_A_Moscow_10_1999_NA_NA_NA_NA,17,4,9,6,5,8,3,5,1,4,6,4,0,0,0,0,0,0,0,0,0,0,0,1.Mos99,0.060927325,0.035516893,0.067641343,0.045781132,0.025971081,0.017588025
177,CY107167_A_England_532_2003,EPI103320_A_Moscow_10_1999_NA_NA_NA_NA,15,4,9,5,6,6,3,4,1,4,6,4,0,0,0,0,0,0,0,0,0,0,0,1.Mos99,0.060927325,0.035516893,0.047137678,0.032579439,0.031123837,0.019080668
178,CY111165_A_Boston_DOA05_2011,EPI577969_A_Perth_16_2009_NA_NA_NA_NA,9,1,4,1,4,2,2,7,0,0,2,0,0,0,0,0,0,0,0,1,0,0,0,6.Prth09,0.077574317,0.053106392,0.052607835,0.028872615,0.025377767,0.034659979
179,CY111309_A_Boston_DOA48_2011,EPI577969_A_Perth_16_2009_NA_NA_NA_NA,11,1,4,1,5,6,4,2,0,0,1,0,1,0,0,0,0,0,0,1,0,0,0,6.Prth09,0.060386806,0.053106392,0.075302839,0.040635339,0.047568212,0.102229004
180,CY111317_A_Boston_DOA51_2011,EPI577969_A_Perth_16_2009_NA_NA_NA_NA,11,1,6,1,5,5,4,1,0,0,1,0,1,0,0,0,0,0,0,1,0,0,0,6.Prth09,0.060386806,0.053106392,0.075302839,0.065310615,0.070166579,0.092566912
181,CY111421_A_Boston_DOA78_2011,EPI577969_A_Perth_16_2009_NA_NA_NA_NA,9,1,5,1,4,2,2,8,0,0,2,0,0,0,0,0,0,0,0,1,0,0,0,6.Prth09,0.077574317,0.053106392,0.052607835,0.036781781,0.031493796,0.037495737
182,CY112948_A_Netherlands_1_2002,EPI103320_A_Moscow_10_1999_NA_NA_NA_NA,6,1,6,6,5,7,4,4,0,3,3,2,0,0,0,0,0,0,0,0,0,0,0,1.Mos99,0.032808945,0.009319908,0.008754053,0.003222079,0.007796542,0.013408638
183,CY112996_A_Netherlands_132_2004,EPI358781_A_Fujian_411_2002_NA_NA_NA_NA,5,2,5,3,4,2,3,0,0,3,3,4,0,0,0,0,0,0,0,1,0,0,0,2.Fuj02,0.089943982,0.119831605,0.101326033,0.087462429,0.076379127,0.104950209
184,CY113004_A_Netherlands_548_2005,EPI367109_A_California_7_2004_NA_NA_NA_NA,2,4,3,5,1,9,1,2,0,1,3,1,0,0,0,0,0,0,0,1,0,0,0,3.Cal04,0.078160688,0.030600301,0.020243941,0.010260829,0.056600359,0.032543769
185,CY113020_A_Netherlands_377_2008,EPI502253_A_Wisconsin_67_2005_NA_NA_NA_NA,5,1,7,6,4,1,2,5,0,0,4,0,0,0,0,0,0,0,0,1,1,1,1,4.Wis05,0.151780546,0.131108987,0.150375891,0.187928366,0.228549264,0.272940603
186,CY113028_A_Netherlands_69_2009,EPI577980_A_Brisbane_10_2007_NA_NA_NA_NA,1,1,5,1,2,0,2,3,0,0,1,0,0,0,0,0,0,0,0,0,0,0,0,5.Bris07,0.068112881,0.02682703,0.030861485,0.042400695,0.011943027,0.012841664
187,CY113044_A_Netherlands_761_2009,EPI577980_A_Brisbane_10_2007_NA_NA_NA_NA,2,2,5,0,1,0,3,3,0,0,0,1,0,0,0,0,0,0,0,0,0,0,0,5.Bris07,0.05290144,0.051719064,0.037131586,0.050197006,0.016693224,0.01175951
188,CY114324_A_Netherlands_3_2000,EPI103320_A_Moscow_10_1999_NA_NA_NA_NA,4,1,0,1,0,1,1,2,0,3,1,2,0,0,0,0,0,0,0,0,0,0,0,1.Mos99,0.01942555,0.009319908,0.005985895,0.000505149,0.000293604,2.51E-05
189,CY114340_A_Netherlands_126_2001,EPI103320_A_Moscow_10_1999_NA_NA_NA_NA,4,3,6,4,5,3,2,3,0,3,2,2,0,0,0,0,0,0,1,0,0,0,0,1.Mos99,0.025268042,0.009319908,0.005985895,0.002263827,0.002036754,0.003721676
190,CY114404_A_Netherlands_363_2006,EPI502253_A_Wisconsin_67_2005_NA_NA_NA_NA,6,6,5,5,4,0,1,4,1,1,4,0,1,0,0,0,0,0,0,0,0,0,0,4.Wis05,0.132503582,0.131108987,0.176505311,0.143424253,0.170054986,0.245622243
191,CY114412_A_Netherlands_69_2007,EPI502253_A_Wisconsin_67_2005_NA_NA_NA_NA,2,0,8,5,2,1,1,4,0,0,4,0,1,0,0,0,0,0,0,1,0,0,0,4.Wis05,0.151780546,0.131108987,0.090626823,0.148788179,0.130425604,0.146358058
192,CY114420_A_Netherlands_348_2007,EPI502253_A_Wisconsin_67_2005_NA_NA_NA_NA,0,0,7,5,1,0,1,3,0,0,4,0,1,0,0,0,0,0,0,0,0,0,0,4.Wis05,0.151780546,0.131108987,0.063631236,0.087196617,0.039969046,0.040588098
193,CY114428_A_Netherlands_063_2011,EPI577969_A_Perth_16_2009_NA_NA_NA_NA,2,1,7,2,4,5,4,2,1,0,0,0,0,0,0,0,0,0,0,0,0,0,0,6.Prth09,0.046814127,0.053106392,0.014329573,0.017925163,0.024674034,0.029354396
194,CY114516_A_Netherlands_034_2010,EPI577969_A_Perth_16_2009_NA_NA_NA_NA,13,2,8,1,4,4,4,3,0,1,2,0,1,0,0,0,0,0,0,1,0,0,0,6.Prth09,0.066977759,0.053106392,0.106685936,0.141054963,0.141638451,0.10436276
195,CY115527_A_Hong_Kong_H090_689_V20_2009,EPI577980_A_Brisbane_10_2007_NA_NA_NA_NA,5,1,2,1,2,2,1,1,0,0,2,2,0,0,0,0,0,0,0,1,0,0,0,5.Bris07,0.087295113,0.097396171,0.064097893,0.040688785,0.039331722,0.027878535
196,CY115647_A_Hong_Kong_H090_726_V10_2009,EPI577980_A_Brisbane_10_2007_NA_NA_NA_NA,5,1,2,3,2,1,1,1,0,0,2,2,0,0,0,0,0,0,0,1,0,0,0,5.Bris07,0.087295113,0.097396171,0.064097893,0.040688785,0.030484901,0.02151317
197,CY115687_A_Hong_Kong_H090_734_V32_2009,EPI577980_A_Brisbane_10_2007_NA_NA_NA_NA,5,1,2,1,2,2,1,1,0,0,3,2,0,0,0,0,0,0,0,1,0,0,0,5.Bris07,0.111234695,0.097396171,0.064097893,0.040688785,0.039331722,0.027878535
198,CY115727_A_Hong_Kong_H090_739_V23_2009,EPI577980_A_Brisbane_10_2007_NA_NA_NA_NA,9,1,4,2,3,1,1,2,0,0,2,2,0,0,0,0,0,0,0,1,0,0,0,5.Bris07,0.087295113,0.097396171,0.128386571,0.124354197,0.140482999,0.149968813
199,CY115735_A_Hong_Kong_H090_739_V33_2009,EPI577980_A_Brisbane_10_2007_NA_NA_NA_NA,9,1,4,2,3,1,1,2,0,0,2,2,0,0,0,0,0,0,0,1,0,0,0,5.Bris07,0.087295113,0.097396171,0.128386571,0.124354197,0.140482999,0.149968813
200,CY134520_A_Boston_DOA38_2011,EPI577969_A_Perth_16_2009_NA_NA_NA_NA,10,0,4,1,4,4,3,7,0,0,2,0,0,0,0,0,0,0,0,1,0,0,0,6.Prth09,0.077574317,0.053106392,0.063008873,0.034270508,0.037503572,0.051063691
201,CY134568_A_Boston_DOA47_2011,EPI577969_A_Perth_16_2009_NA_NA_NA_NA,10,0,4,1,3,3,2,6,0,0,2,0,0,0,0,0,0,0,0,1,0,0,0,6.Prth09,0.077574317,0.053106392,0.063008873,0.034270508,0.03504297,0.029355451
202,CY134779_A_Texas_JMM_8_2012,EPI417234_A_Victoria_361_2011_NA_NA_NA_NA,13,1,4,1,4,1,4,10,0,0,2,0,1,0,0,0,0,0,0,1,0,0,0,7.Vic11,0.079767837,0.026555266,0.167819746,0.208952561,0.260720298,0.36504004
203,CY135131_A_Texas_JMM_54_2012,EPI417234_A_Victoria_361_2011_NA_NA_NA_NA,2,0,1,0,1,0,1,0,0,0,1,1,0,0,0,0,0,0,0,0,0,0,0,7.Vic11,0.062127059,0.051208406,0.023960268,0.01748571,0.004498212,0.001740074
204,CY147666_A_Mexico_24013_2008,EPI577980_A_Brisbane_10_2007_NA_NA_NA_NA,3,0,2,1,0,1,1,2,0,0,0,0,0,0,0,0,0,0,0,0,0,0,0,5.Bris07,0.05290144,0.02682703,0.044616931,0.028911057,0.016931674,0.003284644
205,CY148427_A_Boston_DOA2_112_2012,EPI417234_A_Victoria_361_2011_NA_NA_NA_NA,3,1,1,1,0,0,0,3,0,0,0,0,0,0,0,0,0,0,0,1,0,0,0,7.Vic11,0.048183295,0.026555266,0.028870022,0.020800356,0.006306221,0.001037981
206,CY148547_A_Boston_DOA2_128_2012,EPI417234_A_Victoria_361_2011_NA_NA_NA_NA,4,0,2,1,0,1,0,4,0,0,0,0,0,0,0,0,0,0,0,1,0,0,0,7.Vic11,0.048183295,0.026555266,0.034750027,0.031538086,0.014842181,0.003100997
207,CY148707_A_Boston_DOA2_149_2013,EPI417234_A_Victoria_361_2011_NA_NA_NA_NA,4,0,1,0,3,1,1,2,0,0,2,1,0,0,0,0,0,0,0,1,0,0,0,7.Vic11,0.079767837,0.051208406,0.034750027,0.024727523,0.011920061,0.020411129
208,CY148787_A_Boston_DOA2_161_2013,EPI417234_A_Victoria_361_2011_NA_NA_NA_NA,3,0,2,1,2,0,2,2,0,0,1,1,0,0,0,0,0,0,0,1,0,0,0,7.Vic11,0.062127059,0.051208406,0.028870022,0.026558737,0.007863099,0.006923024
209,CY148923_A_Boston_DOA2_180_2013,EPI417234_A_Victoria_361_2011_NA_NA_NA_NA,4,1,2,0,2,1,3,0,0,0,2,1,0,0,0,0,0,0,0,1,0,0,0,7.Vic11,0.079767837,0.051208406,0.034750027,0.031538086,0.014842181,0.012379573
210,CY149131_A_Boston_DOA2_218_2013,EPI417234_A_Victoria_361_2011_NA_NA_NA_NA,5,0,2,1,1,0,1,0,0,0,2,1,0,0,0,0,0,0,0,1,0,0,0,7.Vic11,0.079767837,0.051208406,0.041776104,0.037415104,0.015392975,0.006122085
211,CY149323_A_Boston_DOA2_245_2013,EPI417234_A_Victoria_361_2011_NA_NA_NA_NA,4,1,2,0,2,1,4,0,0,0,2,1,0,0,0,0,0,0,0,1,0,0,0,7.Vic11,0.079767837,0.051208406,0.034750027,0.031538086,0.014842181,0.012379573
212,CY167515_A_Tennessee_F2018A_2011,EPI577969_A_Perth_16_2009_NA_NA_NA_NA,11,1,3,1,3,3,4,6,0,0,2,0,0,0,0,0,0,0,0,1,0,0,0,6.Prth09,0.077574317,0.053106392,0.075302839,0.031925008,0.035088002,0.029200938
213,CY167571_A_Tennessee_F2031A_2011,EPI577969_A_Perth_16_2009_NA_NA_NA_NA,10,2,4,2,3,3,2,7,1,0,2,0,0,0,0,0,0,0,0,1,0,0,0,6.Prth09,0.077574317,0.053106392,0.063008873,0.034270508,0.03504297,0.029355451
214,CY167934_A_Boston_YGA_00008_2012,EPI417234_A_Victoria_361_2011_NA_NA_NA_NA,5,0,2,1,1,0,1,0,0,0,2,1,0,0,0,0,0,0,0,1,0,0,0,7.Vic11,0.079767837,0.051208406,0.041776104,0.037415104,0.015392975,0.006122085
215,CY168094_A_Boston_YGA_00035_2013,EPI417234_A_Victoria_361_2011_NA_NA_NA_NA,4,1,1,0,2,0,2,1,0,0,2,1,0,0,0,0,0,0,0,1,0,0,0,7.Vic11,0.079767837,0.051208406,0.034750027,0.024727523,0.008834491,0.006860364
216,CY168238_A_Boston_YGA_00054_2013,EPI417234_A_Victoria_361_2011_NA_NA_NA_NA,5,0,1,0,4,1,1,1,0,0,2,1,0,0,0,0,0,0,0,1,0,0,0,7.Vic11,0.079767837,0.051208406,0.041776104,0.029373908,0.016038782,0.056515552
217,CY168846_A_Boston_YGA_01045_2012,EPI417234_A_Victoria_361_2011_NA_NA_NA_NA,10,1,4,1,4,1,4,12,0,0,2,0,1,0,0,0,0,0,0,1,0,0,0,7.Vic11,0.079767837,0.026555266,0.101971542,0.134452991,0.125086425,0.212513717
218,CY168878_A_Boston_YGA_01049_2012,EPI417234_A_Victoria_361_2011_NA_NA_NA_NA,3,0,1,0,1,0,1,0,0,0,1,1,0,0,0,0,0,0,0,0,0,0,0,7.Vic11,0.062127059,0.051208406,0.028870022,0.020800356,0.006306221,0.002316115
219,CY169366_A_Boston_YGA_01115_2013,EPI417234_A_Victoria_361_2011_NA_NA_NA_NA,5,0,1,1,1,1,2,1,0,0,2,1,0,0,0,0,0,0,0,1,0,0,0,7.Vic11,0.079767837,0.051208406,0.041776104,0.029373908,0.016038782,0.005342283
220,CY169798_A_Boston_YGA_01173_2013,EPI417234_A_Victoria_361_2011_NA_NA_NA_NA,5,0,2,1,1,0,1,0,0,0,2,1,0,0,0,0,0,0,0,1,0,0,0,7.Vic11,0.079767837,0.051208406,0.041776104,0.037415104,0.015392975,0.006122085
221,CY169878_A_Boston_YGA_01186_2013,EPI417234_A_Victoria_361_2011_NA_NA_NA_NA,3,0,2,1,1,2,1,1,0,0,1,1,0,0,0,0,0,0,0,1,0,0,0,7.Vic11,0.062127059,0.051208406,0.028870022,0.026558737,0.015444992,0.006735714
222,CY170126_A_Boston_YGA_02003_2012,EPI417234_A_Victoria_361_2011_NA_NA_NA_NA,4,0,2,1,1,1,3,1,0,0,2,1,0,0,0,0,0,0,0,1,0,0,0,7.Vic11,0.079767837,0.051208406,0.034750027,0.031538086,0.014842181,0.006205538
223,CY170350_A_Boston_YGA_02039_2013,EPI417234_A_Victoria_361_2011_NA_NA_NA_NA,3,1,1,1,2,1,0,0,0,0,1,1,0,0,0,0,0,0,0,1,0,0,0,7.Vic11,0.062127059,0.051208406,0.028870022,0.020800356,0.008849505,0.007195761
224,CY170574_A_Santa_Clara_YGA_03016_2013,EPI417234_A_Victoria_361_2011_NA_NA_NA_NA,3,0,2,1,1,0,1,0,0,0,1,1,0,0,0,0,0,0,0,0,0,0,0,7.Vic11,0.062127059,0.051208406,0.028870022,0.026558737,0.007863099,0.003460785
225,CY170998_A_Santa_Clara_YGA_03074_2013,EPI417234_A_Victoria_361_2011_NA_NA_NA_NA,2,0,2,1,1,1,2,0,0,0,1,1,0,0,0,0,0,0,0,0,0,0,0,7.Vic11,0.062127059,0.051208406,0.023960268,0.022347405,0.008184811,0.003757346
226,CY171246_A_Chicago_YGA_04053_2012,EPI417234_A_Victoria_361_2011_NA_NA_NA_NA,2,0,1,1,1,0,1,0,0,0,1,1,0,0,0,0,0,0,0,0,0,0,0,7.Vic11,0.062127059,0.051208406,0.023960268,0.01748571,0.004498212,0.001740074
227,CY171270_A_Chicago_YGA_04056_2012,EPI417234_A_Victoria_361_2011_NA_NA_NA_NA,3,0,2,1,1,2,0,0,0,0,1,1,0,0,0,0,0,0,0,1,0,0,0,7.Vic11,0.062127059,0.051208406,0.028870022,0.026558737,0.015444992,0.006735714
228,CY171342_A_Chicago_YGA_04090_2012,EPI417234_A_Victoria_361_2011_NA_NA_NA_NA,3,1,1,1,1,1,1,0,0,0,1,1,0,0,0,0,0,0,0,0,0,0,0,7.Vic11,0.062127059,0.051208406,0.028870022,0.020800356,0.008849505,0.003233552
229,CY171406_A_Chicago_YGA_04102_2012,EPI417234_A_Victoria_361_2011_NA_NA_NA_NA,2,0,1,1,1,0,1,2,0,0,1,1,0,0,0,0,0,0,0,0,0,0,0,7.Vic11,0.062127059,0.051208406,0.023960268,0.01748571,0.004498212,0.001740074
230,CY171638_A_Chicago_YGA_04135_2013,EPI417234_A_Victoria_361_2011_NA_NA_NA_NA,3,0,1,1,1,1,1,1,0,0,1,1,0,0,0,0,0,0,0,0,0,0,0,7.Vic11,0.062127059,0.051208406,0.028870022,0.020800356,0.008849505,0.003233552
231,CY171734_A_Chicago_YGA_04198_2013,EPI417234_A_Victoria_361_2011_NA_NA_NA_NA,10,2,4,1,6,1,5,11,0,0,2,0,1,0,0,0,0,0,0,1,0,0,0,7.Vic11,0.079767837,0.026555266,0.101971542,0.134452991,0.125086425,0.414743729
232,CY172198_A_New_York_1001_2005,EPI367109_A_California_7_2004_NA_NA_NA_NA,2,4,2,6,1,10,1,4,1,1,3,1,0,0,0,0,0,0,0,0,0,0,0,3.Cal04,0.078160688,0.030600301,0.020243941,0.008007042,0.065645389,0.031499406
233,CY172390_A_New_York_1028_2006,EPI367109_A_California_7_2004_NA_NA_NA_NA,4,3,6,1,0,1,1,2,1,1,3,1,0,0,0,0,0,0,0,1,0,0,0,3.Cal04,0.078160688,0.030600301,0.029410596,0.03034476,0.010093734,0.007386416
234,CY173286_A_New_York_1155_2008,EPI502253_A_Wisconsin_67_2005_NA_NA_NA_NA,3,1,8,5,3,0,1,5,0,0,4,0,1,0,0,0,0,0,0,1,1,1,1,4.Wis05,0.151780546,0.131108987,0.107690131,0.172619937,0.125909053,0.142892514
235,CY182800_A_Houston_JMM_74_2012,EPI417234_A_Victoria_361_2011_NA_NA_NA_NA,2,0,2,1,1,0,1,1,0,0,1,1,0,0,0,0,0,0,0,0,0,0,0,7.Vic11,0.062127059,0.051208406,0.023960268,0.022347405,0.005611249,0.002600795
236,CY182848_A_Houston_JMM_80_2012,EPI417234_A_Victoria_361_2011_NA_NA_NA_NA,2,0,1,1,1,0,1,0,0,0,1,1,0,0,0,0,0,0,0,0,0,0,0,7.Vic11,0.062127059,0.051208406,0.023960268,0.01748571,0.004498212,0.001740074
237,CY182880_A_Houston_JMM_85_2012,EPI417234_A_Victoria_361_2011_NA_NA_NA_NA,2,0,0,1,1,0,1,0,0,0,1,1,0,0,0,0,0,0,0,0,0,0,0,7.Vic11,0.062127059,0.051208406,0.023960268,0.013666895,0.003605154,0.001163872
238,CY182960_A_Houston_JMM_96_2012,EPI417234_A_Victoria_361_2011_NA_NA_NA_NA,2,1,2,0,1,1,1,0,0,0,1,1,0,0,0,0,0,0,0,0,0,0,0,7.Vic11,0.062127059,0.051208406,0.023960268,0.022347405,0.008184811,0.003757346
239,CY183136_A_Houston_JMM_120_2013,EPI417234_A_Victoria_361_2011_NA_NA_NA_NA,5,0,1,1,2,1,0,1,0,0,1,1,0,0,0,0,0,0,0,1,0,0,0,7.Vic11,0.062127059,0.051208406,0.041776104,0.029373908,0.016038782,0.011857672
240,CY207362_A_New_York_WC_LVD_14_073_2014,EPI417234_A_Victoria_361_2011_NA_NA_NA_NA,10,0,3,1,1,2,0,2,0,1,2,2,0,0,0,0,0,0,0,1,0,0,0,7.Vic11,0.068894026,0.096480399,0.101971542,0.107894183,0.109396736,0.044477357
241,CY207634_A_New_York_WC_LVD_14_094_2014,EPI417234_A_Victoria_361_2011_NA_NA_NA_NA,9,0,4,1,4,6,0,1,0,1,3,2,0,0,0,0,0,0,0,1,0,1,0,7.Vic11,0.08827541,0.096480399,0.085727282,0.115157132,0.1544052,0.284497544
242,CY207882_A_New_York_WC_LVD_14_097_2014,EPI417234_A_Victoria_361_2011_NA_NA_NA_NA,9,0,2,1,1,3,0,2,0,1,2,2,0,0,0,0,0,0,0,1,0,0,0,7.Vic11,0.068894026,0.096480399,0.085727282,0.073122453,0.077825964,0.027659293
243,CY208845_A_Texas_182_2016,EPI614441_A_Switzerland_9715293_2013_NA_NA_NA_NA,19,0,6,1,2,10,0,2,0,0,4,1,0,0,0,0,0,0,0,1,0,0,0,8.Swtz13,0.278361236,0.290115018,0.490374085,0.416708877,0.193421068,0.199103397
244,CY264049_A_Arizona_67_2016,EPI614441_A_Switzerland_9715293_2013_NA_NA_NA_NA,19,0,7,2,3,7,1,3,0,0,2,1,0,0,0,0,0,0,0,1,1,1,1,8.Swtz13,0.183852769,0.290115018,0.490374085,0.478510287,0.408110874,0.42920808
245,EPI103320_A_Moscow_10_1999,EPI103320_A_Moscow_10_1999_NA_NA_NA_NA,0,0,0,0,0,0,0,0,0,0,0,0,0,0,0,0,0,0,0,0,0,0,0,1.Mos99,0.02376284,0.002397582,0.002792157,0.000248949,5.58E-05,5.91E-06
246,EPI358781_A_Fujian_411_2002,EPI103320_A_Moscow_10_1999_NA_NA_NA_NA,17,1,8,2,4,3,2,3,0,5,7,5,0,0,0,0,0,0,0,0,0,0,0,1.Mos99,0.067573031,0.067909349,0.067641343,0.036009184,0.054998798,0.035105581
247,EPI367109_A_California_7_2004,EPI103320_A_Moscow_10_1999_NA_NA_NA_NA,22,1,12,7,0,4,2,2,1,5,9,6,0,0,0,0,0,0,0,1,1,1,1,1.Mos99,0.110393557,0.125985644,0.158924896,0.197604583,0.225932616,0.289816961
248,EPI417234_A_Victoria_361_2011,EPI577969_A_Perth_16_2009_NA_NA_NA_NA,11,0,8,2,5,5,3,2,0,0,2,0,1,0,0,0,0,0,0,1,0,0,0,6.Prth09,0.077574317,0.053106392,0.075302839,0.103355383,0.105296801,0.088375486
249,EPI502253_A_Wisconsin_67_2005,EPI358781_A_Fujian_411_2002_NA_NA_NA_NA,9,1,6,1,4,4,4,1,0,3,6,4,0,0,0,0,0,0,0,1,0,1,0,2.Fuj02,0.181304043,0.119831605,0.195167226,0.199907692,0.268329185,0.281841694
250,EPI556813_A_Texas_50_2012,EPI577969_A_Perth_16_2009_NA_NA_NA_NA,14,0,7,1,7,4,3,2,0,0,2,0,1,0,0,0,0,0,0,1,1,1,0,6.Prth09,0.077574317,0.053106392,0.126352752,0.132403049,0.137154541,0.168286645
251,EPI577969_A_Perth_16_2009,EPI577980_A_Brisbane_10_2007_NA_NA_NA_NA,6,1,1,1,3,3,1,2,0,1,2,2,0,0,0,0,0,0,0,1,0,0,0,5.Bris07,0.075479361,0.097396171,0.076586975,0.037921263,0.050675884,0.069492948
252,EPI577980_A_Brisbane_10_2007,EPI502253_A_Wisconsin_67_2005_NA_NA_NA_NA,2,0,7,5,1,0,0,3,0,1,4,0,1,0,0,0,0,0,0,0,0,0,0,4.Wis05,0.132503582,0.131108987,0.090626823,0.119789604,0.075892451,0.069800092
253,EPI614441_A_Switzerland_9715293_2013,EPI417234_A_Victoria_361_2011_NA_NA_NA_NA,8,0,0,0,2,7,0,0,0,1,3,2,0,0,0,0,0,0,0,1,0,1,1,7.Vic11,0.08827541,0.096480399,0.071863683,0.03852264,0.072501429,0.047971901
254,EPI686117_A_Hong_Kong_15611_2015,EPI614441_A_Switzerland_9715293_2013_NA_NA_NA_NA,16,0,7,2,3,7,0,3,0,0,3,1,0,0,0,0,0,0,0,1,1,1,1,8.Swtz13,0.227666914,0.290115018,0.351407571,0.350484957,0.359419635,0.396195787
255,HQ664917_A_Nanjing_1655_2010,EPI577980_A_Brisbane_10_2007_NA_NA_NA_NA,12,1,7,2,3,4,4,6,1,1,2,2,0,0,0,0,0,0,0,1,0,0,0,5.Bris07,0.075479361,0.097396171,0.207353739,0.338480901,0.434681608,0.416088661
256,HQ664922_A_Nanjing_1654_2010,EPI577980_A_Brisbane_10_2007_NA_NA_NA_NA,8,3,11,3,4,3,8,6,1,1,2,2,0,0,0,0,0,0,0,1,0,0,0,5.Bris07,0.075479361,0.097396171,0.108442485,0.40690229,0.435095214,0.352431169
257,HQ664929_A_Nanjing_1663_2010,EPI577980_A_Brisbane_10_2007_NA_NA_NA_NA,12,5,6,1,3,5,8,6,1,1,2,2,0,0,0,0,0,0,0,1,0,0,0,5.Bris07,0.075479361,0.097396171,0.207353739,0.284884971,0.379423943,0.376860963
258,KC882441_A_Iowa_19_2010,EPI577969_A_Perth_16_2009_NA_NA_NA_NA,10,0,4,1,3,2,2,6,0,1,2,0,0,0,0,0,0,0,0,1,0,0,0,6.Prth09,0.066977759,0.053106392,0.063008873,0.034270508,0.032738316,0.026805654
259,KC882476_A_Texas_24_2010,EPI577969_A_Perth_16_2009_NA_NA_NA_NA,10,0,5,1,6,2,2,8,0,0,2,0,0,0,0,0,0,0,0,1,0,0,0,6.Prth09,0.077574317,0.053106392,0.063008873,0.043591961,0.040554422,0.093102846
260,KC882565_A_New_Jersey_01_2011,EPI577969_A_Perth_16_2009_NA_NA_NA_NA,10,1,5,1,5,4,4,1,0,0,1,0,1,0,0,0,0,0,0,1,0,0,0,6.Prth09,0.060386806,0.053106392,0.063008873,0.043591961,0.04640278,0.078347404
261,KC882641_A_Texas_06_2011,EPI577969_A_Perth_16_2009_NA_NA_NA_NA,11,2,7,1,3,2,2,6,0,0,2,0,0,0,0,0,0,0,0,1,0,0,0,6.Prth09,0.077574317,0.053106392,0.075302839,0.082354885,0.078925767,0.056871781
262,KC892843_A_Nevada_12_2012,EPI577969_A_Perth_16_2009_NA_NA_NA_NA,13,1,5,2,4,3,3,6,0,0,2,0,0,0,0,0,0,0,0,1,0,0,0,6.Prth09,0.077574317,0.053106392,0.106685936,0.071929881,0.081460462,0.084357353
263,KF034876_A_Suzhou_1275_2013,EPI417234_A_Victoria_361_2011_NA_NA_NA_NA,4,0,2,1,1,3,1,0,0,0,2,1,0,0,0,0,0,0,0,1,0,0,0,7.Vic11,0.079767837,0.051208406,0.034750027,0.031538086,0.026857793,0.011253488
264,KJ855376_A_Mexico_DIF835_2003,EPI103320_A_Moscow_10_1999_NA_NA_NA_NA,14,2,8,2,0,3,3,3,0,4,6,4,0,0,0,0,0,0,0,0,0,0,0,1.Mos99,0.060927325,0.035516893,0.039246803,0.02149503,0.028902351,0.016605617
265,KJ855424_A_Mexico_QUE2270_2005,EPI358781_A_Fujian_411_2002_NA_NA_NA_NA,8,2,8,1,2,4,2,0,0,3,5,4,0,0,0,0,0,0,0,1,1,1,1,2.Fuj02,0.144740232,0.119831605,0.166834839,0.256686314,0.322233928,0.263096615
266,KJ855448_A_Mexico_DIF2662_2003,EPI103320_A_Moscow_10_1999_NA_NA_NA_NA,16,3,10,6,6,8,3,3,0,4,6,4,0,0,0,0,0,0,0,0,0,0,0,1.Mos99,0.060927325,0.035516893,0.05652174,0.049093003,0.031303062,0.014502137
267,KJ855472_A_Mexico_TLA2227_2005,EPI358781_A_Fujian_411_2002_NA_NA_NA_NA,8,1,6,1,2,6,3,0,0,3,4,4,0,0,0,0,0,0,0,1,1,1,0,2.Fuj02,0.114518837,0.119831605,0.166834839,0.173096775,0.290639926,0.214743533
268,KR057629_A_Hawaii_39_2014,EPI417234_A_Victoria_361_2011_NA_NA_NA_NA,8,1,6,0,2,2,3,1,1,0,2,1,0,0,0,0,1,0,0,1,0,0,0,7.Vic11,0.079767837,0.051208406,0.071863683,0.152451119,0.124032151,0.116530155
269,KR057691_A_California_18_2014,EPI417234_A_Victoria_361_2011_NA_NA_NA_NA,12,0,1,1,2,2,3,1,1,0,2,1,0,0,0,0,0,0,0,1,0,0,0,7.Vic11,0.079767837,0.051208406,0.142753224,0.094569428,0.117446629,0.067007621
270,KR137644_A_Bethesda_NIH12_2011,EPI577969_A_Perth_16_2009_NA_NA_NA_NA,10,1,7,5,6,4,6,3,1,0,1,1,1,0,0,0,0,0,0,1,0,0,0,6.Prth09,0.060386806,0.099879705,0.063008873,0.069931736,0.070537782,0.086716321
271,KT835748_A_Maryland_02_2015,EPI417234_A_Victoria_361_2011_NA_NA_NA_NA,11,0,1,0,1,3,0,2,0,1,3,2,0,0,0,0,0,0,0,1,0,0,0,7.Vic11,0.08827541,0.096480399,0.120886897,0.080465296,0.095575278,0.026698397
272,KT835964_A_California_20_2015,EPI417234_A_Victoria_361_2011_NA_NA_NA_NA,11,2,3,1,4,2,1,2,1,0,2,1,0,0,0,0,0,0,0,1,0,0,0,7.Vic11,0.079767837,0.051208406,0.120886897,0.126146552,0.137683541,0.253452079
273,KT836015_A_North_Carolina_25_2015,EPI417234_A_Victoria_361_2011_NA_NA_NA_NA,9,0,1,1,1,2,0,4,0,1,2,2,0,0,0,0,0,0,0,1,0,0,0,7.Vic11,0.068894026,0.096480399,0.085727282,0.057868443,0.05713017,0.016456661
274,KT836198_A_North_Carolina_03_2015,EPI417234_A_Victoria_361_2011_NA_NA_NA_NA,10,0,2,0,2,2,0,2,0,1,2,2,0,0,0,0,0,0,0,1,0,0,0,7.Vic11,0.068894026,0.096480399,0.101971542,0.086059974,0.089550953,0.0587901
275,KT836316_A_West_Virginia_07_2015,EPI417234_A_Victoria_361_2011_NA_NA_NA_NA,10,0,1,0,2,2,0,2,0,1,2,2,0,0,0,0,0,0,0,1,0,0,0,7.Vic11,0.068894026,0.096480399,0.101971542,0.068305972,0.073010272,0.044408968
276,KT836426_A_Iowa_12_2015,EPI417234_A_Victoria_361_2011_NA_NA_NA_NA,10,1,2,1,1,4,1,2,0,1,2,2,0,0,0,0,0,0,0,1,0,0,0,7.Vic11,0.068894026,0.096480399,0.101971542,0.086059974,0.101716023,0.036157185
277,KT837113_A_California_19_2014,EPI417234_A_Victoria_361_2011_NA_NA_NA_NA,10,0,1,0,2,3,0,0,1,1,2,2,0,0,0,0,0,0,0,1,0,0,0,7.Vic11,0.068894026,0.096480399,0.101971542,0.068305972,0.077921535,0.048549688
278,KT837844_A_Colorado_15_2014,EPI417234_A_Victoria_361_2011_NA_NA_NA_NA,9,0,1,0,3,2,0,2,0,1,2,2,0,0,0,0,0,0,0,1,0,0,0,7.Vic11,0.068894026,0.096480399,0.085727282,0.057868443,0.05713017,0.077083913
279,KT837873_A_Mississippi_05_2014,EPI417234_A_Victoria_361_2011_NA_NA_NA_NA,10,0,2,1,1,4,0,3,0,1,2,2,0,0,0,0,0,0,0,1,0,0,0,7.Vic11,0.068894026,0.096480399,0.101971542,0.086059974,0.101716023,0.036157185
280,KT838103_A_Maryland_28_2014,EPI417234_A_Victoria_361_2011_NA_NA_NA_NA,9,0,2,0,4,2,0,4,0,1,2,2,0,0,0,0,0,0,0,1,0,0,0,7.Vic11,0.068894026,0.096480399,0.085727282,0.073122453,0.070346186,0.16837802
281,KT838296_A_Minnesota_28_2014,EPI417234_A_Victoria_361_2011_NA_NA_NA_NA,9,0,4,1,2,2,0,2,0,1,2,3,0,0,0,0,0,0,0,1,0,0,0,7.Vic11,0.068894026,0.174418498,0.085727282,0.115157132,0.105556123,0.083214655
282,KT838328_A_Louisiana_11_2014,EPI417234_A_Victoria_361_2011_NA_NA_NA_NA,11,0,3,1,2,2,1,3,1,0,2,1,0,0,0,0,0,0,0,1,0,0,0,7.Vic11,0.079767837,0.051208406,0.120886897,0.126146552,0.137683541,0.094503387
283,KT838891_A_Georgia_04_2014,EPI417234_A_Victoria_361_2011_NA_NA_NA_NA,10,0,1,1,2,2,0,2,0,1,2,3,0,0,0,0,0,0,0,1,0,0,0,7.Vic11,0.068894026,0.174418498,0.101971542,0.068305972,0.073010272,0.044408968
284,KT838993_A_Missouri_11_2014,EPI417234_A_Victoria_361_2011_NA_NA_NA_NA,13,0,3,2,5,1,1,2,1,0,2,1,0,0,0,1,0,0,0,1,0,0,0,7.Vic11,0.079767837,0.051208406,0.167819746,0.170577855,0.220210462,0.488662706
285,KT839062_A_Texas_62_2014,EPI417234_A_Victoria_361_2011_NA_NA_NA_NA,11,1,1,0,1,2,0,2,0,1,3,2,0,0,0,0,0,0,0,1,1,1,1,7.Vic11,0.08827541,0.096480399,0.120886897,0.080465296,0.092869689,0.025206262
286,KT839395_A_Pennsylvania_49_2014,EPI417234_A_Victoria_361_2011_NA_NA_NA_NA,11,1,2,0,3,2,0,1,1,0,2,1,0,0,0,0,0,0,0,1,0,0,0,7.Vic11,0.079767837,0.051208406,0.120886897,0.101037002,0.113359379,0.134853935
287,KT839657_A_Alabama_10_2014,EPI417234_A_Victoria_361_2011_NA_NA_NA_NA,10,2,2,1,1,4,1,2,0,1,2,2,0,0,0,0,0,0,0,1,0,0,0,7.Vic11,0.068894026,0.096480399,0.101971542,0.086059974,0.101716023,0.036157185
288,KT840076_A_Tennessee_15_2014,EPI417234_A_Victoria_361_2011_NA_NA_NA_NA,10,0,2,0,1,2,0,2,0,1,2,2,0,0,0,0,0,0,0,1,0,0,0,7.Vic11,0.068894026,0.096480399,0.101971542,0.086059974,0.089550953,0.030177094
289,KT840285_A_Virginia_37_2014,EPI417234_A_Victoria_361_2011_NA_NA_NA_NA,9,0,2,1,1,2,1,3,0,1,2,2,0,0,0,0,0,0,0,1,1,0,0,7.Vic11,0.068894026,0.096480399,0.085727282,0.073122453,0.070346186,0.024418819
290,KT840798_A_Massachusetts_23_2014,EPI417234_A_Victoria_361_2011_NA_NA_NA_NA,9,0,3,1,1,2,0,2,0,1,2,2,0,0,0,0,0,0,0,1,0,0,0,7.Vic11,0.068894026,0.096480399,0.085727282,0.092004724,0.086339525,0.036091911
291,KT840865_A_Washington_60_2014,EPI417234_A_Victoria_361_2011_NA_NA_NA_NA,12,1,7,1,2,1,3,2,1,0,2,1,0,0,0,0,0,0,0,1,0,0,0,7.Vic11,0.079767837,0.051208406,0.142753224,0.319220594,0.337030476,0.292346983
292,KT841078_A_California_43_2014,EPI417234_A_Victoria_361_2011_NA_NA_NA_NA,9,1,3,1,2,2,0,2,0,1,2,2,0,0,0,0,0,0,0,1,0,0,0,7.Vic11,0.068894026,0.096480399,0.085727282,0.092004724,0.086339525,0.063260401
293,KT841228_A_North_Carolina_06_2015,EPI417234_A_Victoria_361_2011_NA_NA_NA_NA,11,0,4,1,2,1,1,2,1,0,2,1,0,0,0,0,0,0,0,1,0,0,0,7.Vic11,0.079767837,0.051208406,0.120886897,0.156410558,0.161900322,0.116789027
294,KT841571_A_Rhode_Island_05_2015,EPI417234_A_Victoria_361_2011_NA_NA_NA_NA,9,0,4,1,1,2,0,2,0,1,2,2,0,0,0,0,0,0,0,1,0,0,0,7.Vic11,0.068894026,0.096480399,0.085727282,0.115157132,0.105556123,0.053041779
295,KT841585_A_South_Dakota_01_2015,EPI417234_A_Victoria_361_2011_NA_NA_NA_NA,9,0,2,0,2,2,0,2,0,1,2,2,0,0,0,0,0,0,0,1,0,0,0,7.Vic11,0.068894026,0.096480399,0.085727282,0.073122453,0.070346186,0.047841335
296,KT841691_A_Kentucky_01_2015,EPI417234_A_Victoria_361_2011_NA_NA_NA_NA,11,0,1,0,3,2,0,2,0,1,2,2,0,0,0,0,0,0,0,1,0,0,0,7.Vic11,0.068894026,0.096480399,0.120886897,0.080465296,0.092869689,0.114320848
297,KT841712_A_Wisconsin_02_2015,EPI417234_A_Victoria_361_2011_NA_NA_NA_NA,9,0,3,1,2,3,0,2,0,1,2,2,0,0,0,0,0,0,0,1,0,0,0,7.Vic11,0.068894026,0.096480399,0.085727282,0.092004724,0.095345437,0.071278709
298,KT842043_A_Indiana_13_2015,EPI417234_A_Victoria_361_2011_NA_NA_NA_NA,11,0,1,1,5,4,1,2,0,1,2,2,0,0,0,0,0,0,0,1,0,0,0,7.Vic11,0.068894026,0.096480399,0.120886897,0.080465296,0.098351143,0.420317018
299,KT842079_A_Pennsylvania_05_2015,EPI417234_A_Victoria_361_2011_NA_NA_NA_NA,9,1,3,1,2,3,0,4,0,1,2,2,0,0,0,0,0,0,0,1,0,0,0,7.Vic11,0.068894026,0.096480399,0.085727282,0.092004724,0.095345437,0.071278709
300,KT842218_A_Delaware_18_2015,EPI417234_A_Victoria_361_2011_NA_NA_NA_NA,9,0,2,1,3,2,0,2,0,1,2,2,0,0,0,0,0,0,0,1,0,0,0,7.Vic11,0.068894026,0.096480399,0.085727282,0.073122453,0.070346186,0.091620763
301,KT842837_A_South_Dakota_35_2015,EPI417234_A_Victoria_361_2011_NA_NA_NA_NA,9,0,5,1,3,2,1,2,0,1,2,2,0,0,0,0,0,0,0,1,1,1,1,7.Vic11,0.068894026,0.096480399,0.085727282,0.143216747,0.128448467,0.150832691
302,KT842864_A_North_Dakota_06_2015,EPI417234_A_Victoria_361_2011_NA_NA_NA_NA,11,0,2,0,1,2,0,2,0,1,2,2,0,0,0,0,0,0,0,1,0,0,0,7.Vic11,0.068894026,0.096480399,0.120886897,0.101037002,0.113359379,0.03724141
303,KT843589_A_Iowa_34_2015,EPI417234_A_Victoria_361_2011_NA_NA_NA_NA,9,0,3,0,1,2,1,2,0,1,2,2,0,0,0,0,0,0,0,1,1,1,0,7.Vic11,0.068894026,0.096480399,0.085727282,0.092004724,0.086339525,0.036091911
304,KT843646_A_Alaska_26_2015,EPI417234_A_Victoria_361_2011_NA_NA_NA_NA,10,0,3,1,2,3,0,2,0,1,2,2,0,0,0,0,0,0,0,1,0,0,0,7.Vic11,0.068894026,0.096480399,0.101971542,0.107894183,0.116448175,0.084400329
305,KT843896_A_Ohio_26_2015,EPI417234_A_Victoria_361_2011_NA_NA_NA_NA,10,0,3,1,2,2,1,2,0,1,2,2,0,0,0,0,0,0,0,1,0,0,0,7.Vic11,0.068894026,0.096480399,0.101971542,0.107894183,0.109396736,0.077450871
306,KT844012_A_Iowa_28_2015,EPI417234_A_Victoria_361_2011_NA_NA_NA_NA,9,0,3,1,1,2,1,2,0,1,2,2,0,0,0,0,0,0,0,1,1,1,0,7.Vic11,0.068894026,0.096480399,0.085727282,0.092004724,0.086339525,0.036091911
307,KT844048_A_Washington_36_2015,EPI417234_A_Victoria_361_2011_NA_NA_NA_NA,14,1,2,1,1,2,0,3,0,1,3,2,0,0,0,0,0,0,0,1,1,0,0,7.Vic11,0.08827541,0.096480399,0.196279989,0.160453363,0.219237397,0.069174824
308,KT844075_A_Alaska_69_2015,EPI417234_A_Victoria_361_2011_NA_NA_NA_NA,9,0,3,0,1,2,1,2,0,1,2,2,0,0,0,0,0,0,0,1,1,1,1,7.Vic11,0.068894026,0.096480399,0.085727282,0.092004724,0.086339525,0.036091911
309,KT888257_A_Moscow_1514A00504942N_2012,EPI577969_A_Perth_16_2009_NA_NA_NA_NA,10,0,9,5,6,3,4,3,1,0,1,1,1,0,0,0,0,0,0,1,0,0,0,6.Prth09,0.060386806,0.099879705,0.063008873,0.110350594,0.099351794,0.062213446
310,KT888258_A_Moscow_1514A00504950T_2012,EPI577969_A_Perth_16_2009_NA_NA_NA_NA,12,0,6,1,4,3,3,3,0,0,2,1,1,0,0,0,0,0,0,1,0,0,0,6.Prth09,0.077574317,0.099879705,0.089765735,0.076980783,0.081360933,0.076832441
311,KT888259_A_Moscow_1514A00505149T_2012,EPI577969_A_Perth_16_2009_NA_NA_NA_NA,13,1,8,3,7,3,4,7,0,0,3,1,1,0,0,0,0,0,0,1,0,0,0,6.Prth09,0.099137652,0.099879705,0.106685936,0.141054963,0.147288168,0.121712456
312,KT888260_A_Moscow_1514A00505153N_2012,EPI577969_A_Perth_16_2009_NA_NA_NA_NA,13,1,8,3,7,3,4,7,0,0,3,1,1,0,0,0,0,0,0,1,0,0,0,6.Prth09,0.099137652,0.099879705,0.106685936,0.141054963,0.147288168,0.121712456
313,KT888261_A_Moscow_1514A00505162N_2012,EPI577969_A_Perth_16_2009_NA_NA_NA_NA,13,1,8,3,7,3,4,7,0,0,3,1,1,0,0,0,0,0,0,1,0,0,0,6.Prth09,0.099137652,0.099879705,0.106685936,0.141054963,0.147288168,0.121712456
314,KT888262_A_Mexico_City_1514A00904139N_CP2_2010,EPI577969_A_Perth_16_2009_NA_NA_NA_NA,10,0,3,1,4,2,2,6,0,0,2,0,0,0,0,0,0,0,0,1,0,0,0,6.Prth09,0.077574317,0.053106392,0.063008873,0.026886266,0.026387188,0.039512298
315,KT888267_A_Amman_1514A01004462T_2012,EPI577969_A_Perth_16_2009_NA_NA_NA_NA,13,2,8,1,4,3,4,3,0,0,4,0,0,0,0,0,0,0,0,1,0,0,0,6.Prth09,0.125876993,0.053106392,0.106685936,0.141054963,0.147288168,0.10528693
316,KT888268_A_Amman_1514A01004465T_2011,EPI577969_A_Perth_16_2009_NA_NA_NA_NA,13,2,8,1,4,3,3,3,0,0,4,0,0,0,0,0,0,0,0,1,0,0,0,6.Prth09,0.125876993,0.053106392,0.106685936,0.141054963,0.147288168,0.10528693
317,KT888272_A_Kabul_1514A01305430N_2013,EPI417234_A_Victoria_361_2011_NA_NA_NA_NA,3,0,0,1,1,1,0,0,0,0,1,1,0,0,0,0,0,0,0,1,0,0,0,7.Vic11,0.062127059,0.051208406,0.028870022,0.016269622,0.007098718,0.002163878
318,KT888275_A_Hong_Kong_1514A01704826T_2011,EPI577969_A_Perth_16_2009_NA_NA_NA_NA,14,0,7,1,5,4,3,2,0,1,2,0,1,0,0,0,0,0,0,1,1,0,1,6.Prth09,0.066977759,0.053106392,0.126352752,0.132403049,0.137154541,0.127757643
319,KT888276_A_Taipei_1514A02605215N_2013,EPI417234_A_Victoria_361_2011_NA_NA_NA_NA,3,1,1,1,1,1,0,0,0,0,1,1,0,0,0,0,0,0,0,1,0,0,0,7.Vic11,0.062127059,0.051208406,0.028870022,0.020800356,0.008849505,0.003233552
320,KT888277_A_Taipei_1514A02605215T_2013,EPI417234_A_Victoria_361_2011_NA_NA_NA_NA,3,1,1,1,1,1,1,0,0,0,1,1,0,0,0,0,0,0,0,1,0,0,0,7.Vic11,0.062127059,0.051208406,0.028870022,0.020800356,0.008849505,0.003233552
321,KT888279_A_Prague_1514A06404885N_2012,EPI577969_A_Perth_16_2009_NA_NA_NA_NA,13,0,6,1,6,4,3,2,0,0,2,0,1,0,0,0,0,0,0,1,0,0,0,6.Prth09,0.077574317,0.053106392,0.106685936,0.090534277,0.095680168,0.14484681
322,KT888280_A_Pristina_1514A06505401N_2013,EPI417234_A_Victoria_361_2011_NA_NA_NA_NA,4,0,1,1,1,1,3,1,0,0,2,1,0,0,0,0,0,0,0,1,0,0,0,7.Vic11,0.079767837,0.051208406,0.034750027,0.024727523,0.011920061,0.004156816
323,KT888281_A_Sarajevo_1514A06604486N_2012,EPI577969_A_Perth_16_2009_NA_NA_NA_NA,12,0,6,2,3,4,2,6,0,0,2,0,0,0,0,0,0,0,0,1,0,0,0,6.Prth09,0.077574317,0.053106392,0.089765735,0.076980783,0.080838787,0.061214699
324,KT888283_A_Budapest_1514A07804502N_2011,EPI577969_A_Perth_16_2009_NA_NA_NA_NA,10,0,7,1,5,4,4,3,0,0,2,1,1,0,0,0,0,0,0,1,0,0,0,6.Prth09,0.077574317,0.099879705,0.063008873,0.069931736,0.070537782,0.074746801
325,KT888284_A_Budapest_1514A07805419T_2013,EPI417234_A_Victoria_361_2011_NA_NA_NA_NA,3,0,1,0,1,1,0,0,0,0,1,1,0,0,0,0,0,0,0,1,0,0,0,7.Vic11,0.062127059,0.051208406,0.028870022,0.020800356,0.008849505,0.003233552
326,KT888285_A_Budapest_1514A07805832T_2013,EPI417234_A_Victoria_361_2011_NA_NA_NA_NA,3,0,1,0,1,1,0,0,0,0,1,1,0,0,0,0,0,0,0,1,0,0,0,7.Vic11,0.062127059,0.051208406,0.028870022,0.020800356,0.008849505,0.003233552
327,KT888944_A_Yokosuka_SE680_2012,EPI577969_A_Perth_16_2009_NA_NA_NA_NA,10,0,5,1,5,5,3,2,0,0,2,1,1,0,0,0,0,0,0,1,0,0,0,6.Prth09,0.077574317,0.099879705,0.063008873,0.043591961,0.049620014,0.085369862
328,KT888945_A_Yokosuka_SE863_2012,EPI577969_A_Perth_16_2009_NA_NA_NA_NA,11,0,8,1,4,3,5,2,0,0,2,1,1,0,0,0,0,0,0,1,0,0,0,6.Prth09,0.077574317,0.099879705,0.075302839,0.103355383,0.099470948,0.075423289
329,KT889082_A_Japan_17_2012,EPI577969_A_Perth_16_2009_NA_NA_NA_NA,10,0,5,1,5,3,3,2,0,0,2,1,1,0,0,0,0,0,0,1,0,0,0,6.Prth09,0.077574317,0.099879705,0.063008873,0.043591961,0.043384621,0.071857225
330,KT889083_A_Korea_18_2012,EPI577969_A_Perth_16_2009_NA_NA_NA_NA,13,1,8,2,7,6,3,3,0,0,2,0,1,0,0,0,0,0,0,1,1,1,0,6.Prth09,0.077574317,0.053106392,0.106685936,0.141054963,0.130882109,0.118589136
331,KT889087_A_Japan_22_2011,EPI577969_A_Perth_16_2009_NA_NA_NA_NA,13,2,6,2,6,6,2,6,0,0,2,0,0,0,0,0,0,0,0,1,0,1,1,6.Prth09,0.077574317,0.053106392,0.106685936,0.090534277,0.088055958,0.142423978
332,KT889091_A_Japan_26_2012,EPI577969_A_Perth_16_2009_NA_NA_NA_NA,13,1,7,4,6,3,5,3,0,0,3,1,1,0,0,0,0,0,0,1,0,0,0,6.Prth09,0.099137652,0.099879705,0.106685936,0.113362854,0.121506277,0.130302803
333,KT889099_A_Korea_37_2012,EPI577969_A_Perth_16_2009_NA_NA_NA_NA,14,0,6,1,6,4,3,2,0,0,2,0,1,0,0,0,0,0,0,1,1,1,0,6.Prth09,0.077574317,0.053106392,0.126352752,0.106199488,0.112911598,0.164262785
334,KT889102_A_Kyrgyzstan_40_2012,EPI577969_A_Perth_16_2009_NA_NA_NA_NA,14,0,6,1,5,4,3,2,0,0,2,0,1,0,0,0,0,0,0,1,1,1,0,6.Prth09,0.077574317,0.053106392,0.126352752,0.106199488,0.112911598,0.130623231
335,KT889103_A_Kyrgyzstan_41_2012,EPI577969_A_Perth_16_2009_NA_NA_NA_NA,14,0,6,1,5,4,4,2,0,0,2,0,1,0,0,0,0,0,0,1,1,1,1,6.Prth09,0.077574317,0.053106392,0.126352752,0.106199488,0.112911598,0.130623231
336,KT889104_A_Japan_42_2012,EPI577969_A_Perth_16_2009_NA_NA_NA_NA,10,0,5,1,5,4,6,2,0,0,2,1,1,0,0,0,0,0,0,1,0,0,0,6.Prth09,0.077574317,0.099879705,0.063008873,0.043591961,0.04640278,0.078347404
337,KT889105_A_Japan_43_2012,EPI577969_A_Perth_16_2009_NA_NA_NA_NA,10,0,5,1,5,4,3,2,0,0,2,1,1,0,0,0,0,0,0,1,0,0,0,6.Prth09,0.077574317,0.099879705,0.063008873,0.043591961,0.04640278,0.078347404
338,KT889107_A_Korea_45_2012,EPI577969_A_Perth_16_2009_NA_NA_NA_NA,11,1,6,1,6,3,3,2,0,0,2,1,1,0,0,0,0,0,0,1,0,0,0,6.Prth09,0.077574317,0.099879705,0.075302839,0.065310615,0.066140721,0.106009987
339,KT889108_A_Korea_47_2012,EPI577969_A_Perth_16_2009_NA_NA_NA_NA,13,1,8,2,5,5,3,3,0,0,2,0,1,0,0,0,0,0,0,1,1,1,0,6.Prth09,0.077574317,0.053106392,0.106685936,0.141054963,0.13617084,0.108610736
340,KU589864_A_New_Hampshire_40_2015,EPI417234_A_Victoria_361_2011_NA_NA_NA_NA,12,1,1,1,3,3,0,3,0,1,3,2,0,0,0,0,0,0,0,1,1,1,1,7.Vic11,0.08827541,0.096480399,0.142753224,0.094569428,0.116722323,0.141231411
341,KU590701_A_Ohio_28_2015,EPI417234_A_Victoria_361_2011_NA_NA_NA_NA,10,0,3,1,1,2,2,4,0,1,2,2,0,0,0,0,0,0,0,1,1,1,1,7.Vic11,0.068894026,0.096480399,0.101971542,0.107894183,0.109396736,0.044477357
342,KU591160_A_Hawaii_68_2015,EPI614441_A_Switzerland_9715293_2013_NA_NA_NA_NA,16,1,6,1,2,9,0,2,0,0,3,1,0,0,0,0,0,0,0,0,0,0,0,8.Swtz13,0.227666914,0.290115018,0.351407571,0.295838311,0.245308386,0.248810424
343,KU592163_A_Hawaii_74_2015,EPI614441_A_Switzerland_9715293_2013_NA_NA_NA_NA,15,0,6,1,2,7,0,3,0,0,3,1,0,0,0,0,0,0,0,0,0,0,0,8.Swtz13,0.227666914,0.290115018,0.309104837,0.26034804,0.295504614,0.284140826
344,KU592184_A_South_Dakota_39_2015,EPI614441_A_Switzerland_9715293_2013_NA_NA_NA_NA,15,0,6,1,2,7,0,3,0,0,3,1,0,0,0,0,0,0,0,0,0,0,0,8.Swtz13,0.227666914,0.290115018,0.309104837,0.26034804,0.295504614,0.284140826
345,KX412042_A_Iowa_45_2015,EPI614441_A_Switzerland_9715293_2013_NA_NA_NA_NA,18,2,4,1,2,8,1,3,0,0,3,1,0,0,0,0,0,0,0,0,0,0,0,8.Swtz13,0.227666914,0.290115018,0.442762455,0.266229518,0.206461593,0.17347096
346,KX413283_A_Georgia_40_2016,EPI614441_A_Switzerland_9715293_2013_NA_NA_NA_NA,2,1,9,2,4,6,0,1,1,0,0,0,0,0,0,0,0,0,0,1,0,0,0,8.Swtz13,0.116262039,0.171199061,0.035806763,0.069535202,0.186127119,0.249450069
347,KX414582_A_Washington_26_2016,EPI614441_A_Switzerland_9715293_2013_NA_NA_NA_NA,15,0,6,1,2,8,1,2,0,0,3,1,0,0,0,0,0,0,0,0,0,0,0,8.Swtz13,0.227666914,0.290115018,0.309104837,0.26034804,0.270529986,0.268400293
348,KX416117_A_Washington_47_2016,EPI614441_A_Switzerland_9715293_2013_NA_NA_NA_NA,16,0,7,2,3,7,1,2,0,0,3,1,0,0,0,0,0,0,0,0,0,0,0,8.Swtz13,0.227666914,0.290115018,0.351407571,0.350484957,0.359419635,0.396195787
349,KX416429_A_Hawaii_28_2016,EPI614441_A_Switzerland_9715293_2013_NA_NA_NA_NA,16,1,7,1,1,8,0,3,0,0,3,1,1,0,0,0,0,0,0,0,0,0,0,8.Swtz13,0.227666914,0.290115018,0.351407571,0.350484957,0.323062654,0.297832431
350,KX416829_A_Washington_55_2016,EPI614441_A_Switzerland_9715293_2013_NA_NA_NA_NA,4,1,7,2,3,6,2,2,1,0,0,0,0,0,0,0,0,0,0,1,0,0,1,8.Swtz13,0.116262039,0.171199061,0.051648927,0.060625782,0.153816573,0.219850109
351,KX417005_A_Texas_136_2016,EPI614441_A_Switzerland_9715293_2013_NA_NA_NA_NA,5,2,8,1,2,6,1,1,1,0,2,2,0,0,0,0,0,0,0,1,0,0,1,8.Swtz13,0.183852769,0.447074513,0.061872762,0.090032228,0.201756603,0.258738541
352,KX916993_A_California_12_2016,EPI614441_A_Switzerland_9715293_2013_NA_NA_NA_NA,15,1,8,1,2,8,1,5,0,0,4,1,0,0,0,0,0,0,0,0,0,0,0,8.Swtz13,0.278361236,0.290115018,0.309104837,0.367353566,0.366442074,0.398585523
353,KX918281_A_Kentucky_26_2016,EPI614441_A_Switzerland_9715293_2013_NA_NA_NA_NA,3,1,9,2,5,7,1,1,1,0,0,0,0,0,0,0,0,0,0,1,0,0,0,8.Swtz13,0.116262039,0.171199061,0.043036975,0.08189411,0.263748656,0.323085548
354,KY049985_A_Qinghai_178_2010,EPI577980_A_Brisbane_10_2007_NA_NA_NA_NA,8,1,8,1,3,5,5,4,1,0,2,2,0,0,0,0,0,0,0,1,0,1,1,5.Bris07,0.087295113,0.097396171,0.108442485,0.244595734,0.347044001,0.358274956
355,KY115915_A_Nebraska_24_2016,EPI614441_A_Switzerland_9715293_2013_NA_NA_NA_NA,20,0,6,1,2,8,0,2,0,0,4,1,0,0,0,0,0,0,0,1,0,0,1,8.Swtz13,0.278361236,0.290115018,0.538160988,0.460250778,0.301117561,0.279310207
356,KY116931_A_Alaska_232_2015,EPI417234_A_Victoria_361_2011_NA_NA_NA_NA,12,0,5,1,3,2,0,3,0,1,2,2,0,0,0,0,0,0,1,1,1,1,1,7.Vic11,0.068894026,0.096480399,0.142753224,0.221330538,0.244532863,0.254427179
357,KY487521_A_Columbia_P0079_2014,EPI417234_A_Victoria_361_2011_NA_NA_NA_NA,11,0,2,1,2,2,0,2,0,1,2,2,0,0,0,0,0,0,0,1,0,0,0,7.Vic11,0.068894026,0.096480399,0.120886897,0.101037002,0.113359379,0.072054933
358,KY487603_A_Taipei_0020_2016,EPI614441_A_Switzerland_9715293_2013_NA_NA_NA_NA,18,0,9,2,6,7,0,4,0,0,3,1,0,0,0,0,0,0,0,1,1,1,1,8.Swtz13,0.227666914,0.290115018,0.442762455,0.559121179,0.500985678,0.472305721
359,KY487612_A_Linkou_0081_2016,EPI614441_A_Switzerland_9715293_2013_NA_NA_NA_NA,14,0,8,2,1,8,2,4,0,0,4,2,0,0,0,0,0,0,0,0,0,0,0,8.Swtz13,0.278361236,0.447074513,0.269776386,0.327271355,0.359507659,0.382999473
360,KY509826_A_Chungbuk_107_2016,EPI614441_A_Switzerland_9715293_2013_NA_NA_NA_NA,2,3,9,3,2,0,1,5,1,0,1,0,0,0,0,0,0,0,0,0,0,0,0,8.Swtz13,0.146867162,0.171199061,0.035806763,0.069535202,0.022843878,0.038762379
361,KY509827_A_Gyeonggi_458_2016,EPI614441_A_Switzerland_9715293_2013_NA_NA_NA_NA,15,1,13,2,7,2,1,7,1,0,3,1,0,0,0,0,0,0,0,0,0,0,0,8.Swtz13,0.227666914,0.290115018,0.309104837,0.669925193,0.78623489,0.296432765
362,KY509828_A_Seoul_1595_2015,EPI417234_A_Victoria_361_2011_NA_NA_NA_NA,10,0,5,0,8,3,2,8,1,1,3,2,0,0,0,0,0,0,0,1,1,1,1,7.Vic11,0.08827541,0.096480399,0.101971542,0.166330492,0.170501206,0.613345718
363,KY615384_A_Keelung_0026_2016,EPI614441_A_Switzerland_9715293_2013_NA_NA_NA_NA,15,0,8,1,2,7,2,2,0,0,3,1,0,0,0,0,0,0,0,0,0,0,0,8.Swtz13,0.227666914,0.290115018,0.309104837,0.367353566,0.395470807,0.417602856
364,KY615536_A_Columbia_P0112_2014,EPI417234_A_Victoria_361_2011_NA_NA_NA_NA,9,0,1,1,2,3,0,4,0,1,2,2,0,0,0,0,0,0,0,1,0,0,0,7.Vic11,0.068894026,0.096480399,0.085727282,0.057868443,0.063300397,0.04075364
365,KY615571_A_Taipei_0011_2015,EPI614441_A_Switzerland_9715293_2013_NA_NA_NA_NA,16,0,4,2,3,7,0,5,1,0,3,1,0,0,0,0,0,0,0,0,0,0,0,8.Swtz13,0.227666914,0.290115018,0.351407571,0.202980633,0.223650109,0.271453516
366,KY681484_A_Saudi_Arabia_07_2014,EPI417234_A_Victoria_361_2011_NA_NA_NA_NA,8,1,3,0,2,5,1,0,0,1,3,2,0,0,0,0,0,0,0,1,0,1,0,7.Vic11,0.08827541,0.096480399,0.071863683,0.078250036,0.101750958,0.081237345
367,KY681500_A_Saudi_Arabia_28_2015,EPI417234_A_Victoria_361_2011_NA_NA_NA_NA,9,0,4,1,2,2,0,2,0,1,2,2,0,0,0,0,0,0,0,1,1,1,0,7.Vic11,0.068894026,0.096480399,0.085727282,0.115157132,0.105556123,0.083214655
368,LC032870_A_Kyoto_13K025_2014,EPI417234_A_Victoria_361_2011_NA_NA_NA_NA,6,1,4,0,3,2,1,0,1,0,2,1,0,0,0,0,0,0,0,1,0,0,0,7.Vic11,0.079767837,0.051208406,0.050148971,0.071093718,0.050993377,0.071115997
369,LC032886_A_Kyoto_13K054_2014,EPI417234_A_Victoria_361_2011_NA_NA_NA_NA,5,0,2,1,2,2,2,0,0,0,2,1,0,0,0,0,0,0,0,1,0,0,0,7.Vic11,0.079767837,0.051208406,0.041776104,0.037415104,0.025821228,0.020604269
370,LC032990_A_Hokkaido_13H009_2014,EPI417234_A_Victoria_361_2011_NA_NA_NA_NA,7,0,6,0,2,1,2,0,1,0,2,1,0,0,0,0,0,0,0,1,0,0,0,7.Vic11,0.079767837,0.051208406,0.060094706,0.130963103,0.082899509,0.080159449
371,LC033126_A_Niigata_13F024_2014,EPI417234_A_Victoria_361_2011_NA_NA_NA_NA,8,0,0,0,3,6,1,0,0,1,3,2,0,0,0,0,0,0,0,1,0,1,0,7.Vic11,0.08827541,0.096480399,0.071863683,0.03852264,0.063167161,0.096266883
372,LC033134_A_Niigata_13F335_2014,EPI417234_A_Victoria_361_2011_NA_NA_NA_NA,4,1,1,1,3,3,1,2,1,0,1,1,0,0,0,0,0,0,0,1,0,0,0,7.Vic11,0.062127059,0.051208406,0.034750027,0.024727523,0.021621966,0.036589288
373,LC033302_A_Nagasaki_13N004_2014,EPI417234_A_Victoria_361_2011_NA_NA_NA_NA,5,0,2,1,1,2,2,1,1,0,2,1,0,0,0,0,0,0,0,1,0,0,0,7.Vic11,0.079767837,0.051208406,0.041776104,0.037415104,0.025821228,0.010371427
374,LC033310_A_Nagasaki_13N007_2014,EPI417234_A_Victoria_361_2011_NA_NA_NA_NA,5,1,0,1,1,0,3,0,0,0,2,1,0,0,0,0,0,0,0,1,0,0,0,7.Vic11,0.079767837,0.051208406,0.041776104,0.023019584,0.009924687,0.002745026
375,LC033326_A_Nagasaki_13N046_2014,EPI417234_A_Victoria_361_2011_NA_NA_NA_NA,5,0,1,1,2,2,0,2,0,0,2,1,0,0,0,0,0,0,0,1,0,0,0,7.Vic11,0.079767837,0.051208406,0.041776104,0.029373908,0.02078316,0.015411142
376,MG984174_A_Shanghai_1_2016,EPI614441_A_Switzerland_9715293_2013_NA_NA_NA_NA,18,2,8,2,4,9,2,3,1,0,5,1,0,0,0,0,0,0,0,1,1,1,1,8.Swtz13,0.335440959,0.290115018,0.442762455,0.496827402,0.332520256,0.388999726
377,MK640845_A_China_38887_2012,EPI577969_A_Perth_16_2009_NA_NA_NA_NA,14,0,10,2,5,7,3,3,1,1,3,1,0,0,0,0,0,0,0,1,1,0,0,6.Prth09,0.085869772,0.099879705,0.126352752,0.244342668,0.193758106,0.106192736
378,MK640846_A_China_38888_2012,EPI577969_A_Perth_16_2009_NA_NA_NA_NA,14,0,7,1,5,5,4,3,0,1,3,0,0,0,0,0,0,0,0,1,1,1,0,6.Prth09,0.085869772,0.053106392,0.126352752,0.132403049,0.127465685,0.122902488
379,MK640847_A_China_39207_2012,EPI577969_A_Perth_16_2009_NA_NA_NA_NA,15,0,9,1,6,4,4,3,0,1,4,1,0,0,0,0,0,0,0,1,1,1,1,6.Prth09,0.109465352,0.099879705,0.149040142,0.23105962,0.229723993,0.13288628
380,MK640848_A_China_41303_2012,EPI417234_A_Victoria_361_2011_NA_NA_NA_NA,4,1,2,1,3,1,1,1,0,0,2,1,0,0,0,0,0,0,0,0,0,0,0,7.Vic11,0.079767837,0.051208406,0.034750027,0.031538086,0.014842181,0.024544589
381,MK640849_A_China_41304_2012,EPI417234_A_Victoria_361_2011_NA_NA_NA_NA,4,1,1,1,1,1,1,0,0,0,2,1,0,0,0,0,0,0,0,1,0,0,0,7.Vic11,0.079767837,0.051208406,0.034750027,0.024727523,0.011920061,0.004156816
382,MK640850_A_China_41678_2013,EPI417234_A_Victoria_361_2011_NA_NA_NA_NA,4,0,1,0,1,0,1,0,0,0,2,1,0,0,0,0,0,0,0,1,0,0,0,7.Vic11,0.079767837,0.051208406,0.034750027,0.024727523,0.008834491,0.003082262
383,MK640851_A_China_41691_2013,EPI417234_A_Victoria_361_2011_NA_NA_NA_NA,3,1,1,1,1,0,0,0,0,0,1,1,0,0,0,0,0,0,0,1,0,0,0,7.Vic11,0.062127059,0.051208406,0.028870022,0.020800356,0.006306221,0.002316115
384,MK640852_A_China_44381_2013,EPI417234_A_Victoria_361_2011_NA_NA_NA_NA,5,0,0,1,1,0,2,1,0,0,2,1,0,0,0,0,0,0,0,1,0,0,0,7.Vic11,0.079767837,0.051208406,0.041776104,0.023019584,0.009924687,0.002745026
385,MK640853_A_China_51045_2013,EPI417234_A_Victoria_361_2011_NA_NA_NA_NA,6,0,1,1,2,0,2,2,0,0,2,1,0,0,0,0,0,0,0,1,0,0,0,7.Vic11,0.079767837,0.051208406,0.050148971,0.034862155,0.017278394,0.012104146
386,MK640854_A_China_51323_2014,EPI417234_A_Victoria_361_2011_NA_NA_NA_NA,5,0,0,1,3,1,2,1,0,0,2,1,0,0,0,0,0,0,0,1,0,0,0,7.Vic11,0.079767837,0.051208406,0.041776104,0.023019584,0.012884157,0.021719254
387,MK640855_A_China_51340_2014,EPI417234_A_Victoria_361_2011_NA_NA_NA_NA,5,0,0,0,2,0,3,1,0,0,2,1,0,0,0,0,0,0,0,1,0,0,0,7.Vic11,0.079767837,0.051208406,0.041776104,0.023019584,0.009924687,0.006798268
388,MK640856_A_China_55254_2014,EPI417234_A_Victoria_361_2011_NA_NA_NA_NA,8,1,3,0,3,5,1,0,0,1,3,2,0,0,0,0,0,0,0,1,0,1,0,7.Vic11,0.08827541,0.096480399,0.071863683,0.078250036,0.101750958,0.137540312
389,MK640857_A_China_55312_2014,EPI417234_A_Victoria_361_2011_NA_NA_NA_NA,9,0,1,0,2,6,0,0,0,1,3,2,0,0,0,0,0,0,0,1,0,1,0,7.Vic11,0.08827541,0.096480399,0.085727282,0.057868443,0.085716412,0.05870131
390,MK640859_A_China_59100_2014,EPI417234_A_Victoria_361_2011_NA_NA_NA_NA,9,0,1,1,2,6,1,0,0,1,3,2,0,0,0,0,0,0,0,1,0,1,0,7.Vic11,0.08827541,0.096480399,0.085727282,0.057868443,0.085716412,0.05870131
391,MK640865_A_China_60938_2014,EPI417234_A_Victoria_361_2011_NA_NA_NA_NA,11,1,3,0,2,7,3,2,0,1,3,2,0,0,0,0,0,0,0,1,0,1,0,7.Vic11,0.08827541,0.096480399,0.120886897,0.126146552,0.157606619,0.12296654
392,MK640867_A_China_J7525_2014,EPI417234_A_Victoria_361_2011_NA_NA_NA_NA,10,0,1,0,2,5,0,1,0,1,3,2,0,0,0,0,0,0,0,1,0,1,0,7.Vic11,0.08827541,0.096480399,0.101971542,0.068305972,0.088660647,0.057953049
393,MK640868_A_China_J7506_2014,EPI417234_A_Victoria_361_2011_NA_NA_NA_NA,11,1,3,0,3,7,0,1,0,1,4,2,0,0,1,0,0,0,0,1,0,1,0,7.Vic11,0.112450704,0.096480399,0.120886897,0.126146552,0.157606619,0.201837152
394,MK640871_A_China_60701_2014,EPI417234_A_Victoria_361_2011_NA_NA_NA_NA,9,0,2,0,2,6,0,1,0,1,3,2,0,0,0,0,0,0,0,1,0,1,0,7.Vic11,0.08827541,0.096480399,0.085727282,0.073122453,0.104810234,0.077336213
395,MK640877_A_China_61248_2014,EPI417234_A_Victoria_361_2011_NA_NA_NA_NA,8,0,0,0,2,5,1,1,0,1,3,2,0,0,0,0,0,0,0,1,0,1,0,7.Vic11,0.08827541,0.096480399,0.071863683,0.03852264,0.054963427,0.035136695
396,MK640878_A_China_61391_2014,EPI417234_A_Victoria_361_2011_NA_NA_NA_NA,10,1,2,0,1,2,1,2,1,1,3,2,0,0,0,0,0,0,0,1,0,1,0,7.Vic11,0.08827541,0.096480399,0.101971542,0.086059974,0.089550953,0.030177094
397,MK640879_A_China_61007_2014,EPI417234_A_Victoria_361_2011_NA_NA_NA_NA,13,1,2,0,4,5,1,1,1,1,3,2,0,0,0,0,0,0,0,1,0,0,0,7.Vic11,0.08827541,0.096480399,0.167819746,0.138021107,0.158488098,0.319489922
398,MK640881_A_China_60736_2014,EPI417234_A_Victoria_361_2011_NA_NA_NA_NA,9,1,2,0,2,8,0,0,1,1,3,2,0,0,0,0,0,0,0,1,0,1,0,7.Vic11,0.08827541,0.096480399,0.085727282,0.073122453,0.127123546,0.097683469
399,MK640882_A_China_60786_2014,EPI417234_A_Victoria_361_2011_NA_NA_NA_NA,9,1,4,1,2,8,0,0,0,1,3,2,0,0,0,0,0,0,0,1,0,1,0,7.Vic11,0.08827541,0.096480399,0.085727282,0.115157132,0.185093803,0.163578281
400,MK640885_A_China_61309_2014,EPI417234_A_Victoria_361_2011_NA_NA_NA_NA,8,1,1,1,2,5,0,1,0,1,3,2,0,0,0,0,0,0,0,1,0,1,0,7.Vic11,0.08827541,0.096480399,0.071863683,0.048942044,0.067714204,0.046661771
401,MK640887_A_China_61520_2014,EPI417234_A_Victoria_361_2011_NA_NA_NA_NA,10,2,2,1,2,5,2,0,0,1,4,2,0,0,0,0,0,0,0,1,0,1,0,7.Vic11,0.112450704,0.096480399,0.101971542,0.086059974,0.108332603,0.076369687
402,MK640892_A_China_61481_2014,EPI417234_A_Victoria_361_2011_NA_NA_NA_NA,11,0,1,0,3,4,2,2,0,1,3,2,0,0,0,0,0,0,0,1,0,1,0,7.Vic11,0.08827541,0.096480399,0.120886897,0.080465296,0.098351143,0.126832532
403,MK640894_A_China_62885_2015,EPI417234_A_Victoria_361_2011_NA_NA_NA_NA,11,0,1,0,2,5,0,0,0,1,4,2,0,0,0,0,0,0,0,1,0,1,0,7.Vic11,0.112450704,0.096480399,0.120886897,0.080465296,0.101198609,0.064518424
404,MK640895_A_China_62889_2015,EPI417234_A_Victoria_361_2011_NA_NA_NA_NA,11,0,2,1,2,6,1,0,0,1,3,2,0,0,0,0,0,0,0,1,0,1,0,7.Vic11,0.08827541,0.096480399,0.120886897,0.101037002,0.126743828,0.089531259
405,MK640896_A_China_62895_2015,EPI417234_A_Victoria_361_2011_NA_NA_NA_NA,10,1,2,0,3,8,2,1,0,1,3,2,0,0,0,0,0,0,0,1,0,0,0,7.Vic11,0.08827541,0.096480399,0.101971542,0.086059974,0.13048879,0.180136676
406,MK640897_A_China_63513_2015,EPI417234_A_Victoria_361_2011_NA_NA_NA_NA,10,0,5,1,4,6,1,0,0,1,3,2,0,0,0,0,0,0,0,1,0,1,1,7.Vic11,0.08827541,0.096480399,0.101971542,0.166330492,0.202484788,0.318470101
407,MK640899_A_China_66886_2015,EPI417234_A_Victoria_361_2011_NA_NA_NA_NA,11,1,5,0,1,3,0,3,0,1,2,2,0,0,0,0,0,0,0,1,1,1,1,7.Vic11,0.068894026,0.096480399,0.120886897,0.192337152,0.204478309,0.120778126
408,MK640901_A_China_67013_2015,EPI417234_A_Victoria_361_2011_NA_NA_NA_NA,10,0,4,1,1,3,0,2,0,1,2,2,0,0,0,0,0,0,0,1,0,0,0,7.Vic11,0.068894026,0.096480399,0.101971542,0.134452991,0.141329472,0.071025834
409,MK640903_A_China_70219_2015,EPI614441_A_Switzerland_9715293_2013_NA_NA_NA_NA,16,0,7,2,1,7,0,3,1,0,3,1,0,0,0,0,0,0,0,0,0,0,0,8.Swtz13,0.227666914,0.290115018,0.351407571,0.350484957,0.359419635,0.322030805
410,MK640906_A_China_71516_2016,EPI614441_A_Switzerland_9715293_2013_NA_NA_NA_NA,16,0,8,2,3,7,0,3,0,0,3,1,0,0,0,0,0,0,0,1,1,1,1,8.Swtz13,0.227666914,0.290115018,0.351407571,0.409357644,0.412007701,0.442085649
411,MK729833_A_New_York_WC_LVD_10_001_2010,EPI577969_A_Perth_16_2009_NA_NA_NA_NA,8,0,3,2,5,4,4,1,0,0,1,0,1,0,0,0,0,0,0,1,0,0,0,6.Prth09,0.060386806,0.053106392,0.043843386,0.019024567,0.02110382,0.062293238
412,MK729873_A_New_York_WC_LVD_10_006_2010,EPI577969_A_Perth_16_2009_NA_NA_NA_NA,4,1,2,4,2,1,0,1,0,0,2,1,0,0,0,0,0,0,0,0,0,0,0,6.Prth09,0.077574317,0.099879705,0.020875205,0.007384466,0.003313122,0.001884614
413,MK730233_A_New_York_WC_LVD_12_051_2012,EPI417234_A_Victoria_361_2011_NA_NA_NA_NA,4,1,0,1,1,0,2,0,0,1,1,2,0,0,0,0,0,0,0,1,0,0,0,7.Vic11,0.053518154,0.096480399,0.034750027,0.019358284,0.007086653,0.002062531
414,MK730273_A_New_York_WC_LVD_12_057_2012,EPI417234_A_Victoria_361_2011_NA_NA_NA_NA,4,0,0,0,3,1,1,1,0,0,2,1,0,0,0,0,0,0,0,1,0,0,0,7.Vic11,0.079767837,0.051208406,0.034750027,0.019358284,0.009567659,0.016961664
415,MK730497_A_New_York_WC_LVD_12_086_2012,EPI417234_A_Victoria_361_2011_NA_NA_NA_NA,6,0,1,0,2,1,1,0,0,0,2,1,0,0,0,0,0,0,0,1,0,0,0,7.Vic11,0.079767837,0.051208406,0.050148971,0.034862155,0.021549601,0.015205784
416,MK817973_A_Maryland_178_5D_2013,EPI417234_A_Victoria_361_2011_NA_NA_NA_NA,5,1,2,1,2,0,2,0,0,0,2,1,0,0,0,0,0,0,0,1,0,0,0,7.Vic11,0.079767837,0.051208406,0.041776104,0.037415104,0.015392975,0.01221411
417,MK818117_A_Maryland_63_5D_2013,EPI417234_A_Victoria_361_2011_NA_NA_NA_NA,5,0,2,1,1,0,2,0,0,0,2,1,0,0,0,0,0,0,0,1,0,0,0,7.Vic11,0.079767837,0.051208406,0.041776104,0.037415104,0.015392975,0.006122085
418,MK969839_A_Maryland_127_17D_2013,EPI417234_A_Victoria_361_2011_NA_NA_NA_NA,4,1,2,0,2,1,3,1,0,0,2,1,0,0,0,0,0,0,0,1,0,0,0,7.Vic11,0.079767837,0.051208406,0.034750027,0.031538086,0.014842181,0.012379573
419,MK970023_A_Maryland_22_1_2012,EPI417234_A_Victoria_361_2011_NA_NA_NA_NA,6,0,2,1,1,1,1,0,0,0,2,1,0,0,0,0,0,0,0,1,0,0,0,7.Vic11,0.079767837,0.051208406,0.050148971,0.044337146,0.026768384,0.010232526
