compareStrain,vaccineStrain,vaccine_code,Year,Month,Day
EPI103320_A_Moscow_10_1999,EPI103320_A_Moscow_10_1999,Mos99,1999,10,1
CY003287_A_New_York_438_2000,EPI103320_A_Moscow_10_1999,Mos99,2000,1,18
CY114324_A_Netherlands_3_2000,EPI103320_A_Moscow_10_1999,Mos99,2000,1,6
CY114340_A_Netherlands_126_2001,EPI103320_A_Moscow_10_1999,Mos99,2001,3,21
CY002335_A_New_York_77_2001,EPI103320_A_Moscow_10_1999,Mos99,2001,12,26
CY000216_A_New_York_91_2002,EPI103320_A_Moscow_10_1999,Mos99,2002,1,17
CY112948_A_Netherlands_1_2002,EPI103320_A_Moscow_10_1999,Mos99,2002,1,7
CY000552_A_New_York_115_2002,EPI103320_A_Moscow_10_1999,Mos99,2002,2,7
CY013812_A_New_York_C4_2002,EPI103320_A_Moscow_10_1999,Mos99,2002,2,1
EPI358781_A_Fujian_411_2002,EPI103320_A_Moscow_10_1999,Mos99,2002,10,1
CY000872_A_New_York_193_2003,EPI103320_A_Moscow_10_1999,Mos99,2003,2,19
CY032968_A_Yucatan_844_2003,EPI103320_A_Moscow_10_1999,Mos99,2003,3,19
CY001559_A_New_York_215_2003,EPI103320_A_Moscow_10_1999,Mos99,2003,4,22
KJ855376_A_Mexico_DIF835_2003,EPI103320_A_Moscow_10_1999,Mos99,2003,7,4
CY088027_A_England_425_2003,EPI103320_A_Moscow_10_1999,Mos99,2003,10,29
CY000352_A_New_York_15_2003,EPI103320_A_Moscow_10_1999,Mos99,2003,11,12
CY000908_A_New_York_13_2003,EPI103320_A_Moscow_10_1999,Mos99,2003,11,12
CY002351_A_New_York_272_2003,EPI103320_A_Moscow_10_1999,Mos99,2003,11,28
CY088035_A_England_438_2003,EPI103320_A_Moscow_10_1999,Mos99,2003,11,12
CY088115_A_England_467_2003,EPI103320_A_Moscow_10_1999,Mos99,2003,11,6
CY088131_A_Scotland_78_2003,EPI103320_A_Moscow_10_1999,Mos99,2003,11,7
CY088139_A_Scotland_79_2003,EPI103320_A_Moscow_10_1999,Mos99,2003,11,8
CY088187_A_England_944_2003,EPI103320_A_Moscow_10_1999,Mos99,2003,11,17
CY088251_A_England_525_2003,EPI103320_A_Moscow_10_1999,Mos99,2003,11,27
CY088267_A_England_585_2003,EPI103320_A_Moscow_10_1999,Mos99,2003,11,25
CY088275_A_England_487_2003,EPI103320_A_Moscow_10_1999,Mos99,2003,11,24
CY088291_A_England_491_2003,EPI103320_A_Moscow_10_1999,Mos99,2003,11,24
CY088323_A_England_508_2003,EPI103320_A_Moscow_10_1999,Mos99,2003,11,27
CY088339_A_England_957_2003,EPI103320_A_Moscow_10_1999,Mos99,2003,11,28
CY088379_A_England_532_2003,EPI103320_A_Moscow_10_1999,Mos99,2003,11,27
CY090956_A_South_Carolina_NHRC0002_2003,EPI103320_A_Moscow_10_1999,Mos99,2003,11,13
CY107095_A_England_470_2003,EPI103320_A_Moscow_10_1999,Mos99,2003,11,5
CY107111_A_England_516_2003,EPI103320_A_Moscow_10_1999,Mos99,2003,11,20
CY107151_A_England_493_2003,EPI103320_A_Moscow_10_1999,Mos99,2003,11,23
CY107167_A_England_532_2003,EPI103320_A_Moscow_10_1999,Mos99,2003,11,27
CY000024_A_New_York_30_2003,EPI103320_A_Moscow_10_1999,Mos99,2003,12,2
CY000056_A_New_York_35_2003,EPI103320_A_Moscow_10_1999,Mos99,2003,12,4
CY000104_A_New_York_54_2003,EPI103320_A_Moscow_10_1999,Mos99,2003,12,10
CY000144_A_New_York_26_2003,EPI103320_A_Moscow_10_1999,Mos99,2003,12,2
CY000272_A_New_York_53_2003,EPI103320_A_Moscow_10_1999,Mos99,2003,12,11
CY000512_A_New_York_4_2003,EPI103320_A_Moscow_10_1999,Mos99,2003,12,8
CY001095_A_New_York_24_2003,EPI103320_A_Moscow_10_1999,Mos99,2003,12,1
CY001196_A_New_York_18_2003,EPI103320_A_Moscow_10_1999,Mos99,2003,12,1
CY001300_A_New_York_37_2003,EPI103320_A_Moscow_10_1999,Mos99,2003,12,4
CY088363_A_England_558_2003,EPI103320_A_Moscow_10_1999,Mos99,2003,12,5
CY088387_A_England_522_2003,EPI103320_A_Moscow_10_1999,Mos99,2003,12,12
CY088403_A_England_547_2003,EPI103320_A_Moscow_10_1999,Mos99,2003,12,18
CY091468_A_California_NHRC0006_2003,EPI103320_A_Moscow_10_1999,Mos99,2003,12,10
CY092216_A_Georgia_NHRC0001_2003,EPI103320_A_Moscow_10_1999,Mos99,2003,12,5
KJ855448_A_Mexico_DIF2662_2003,EPI103320_A_Moscow_10_1999,Mos99,2003,12,15
CY000040_A_New_York_33_2004,EPI103320_A_Moscow_10_1999,Mos99,2004,1,9
CY000768_A_New_York_10_2004,EPI103320_A_Moscow_10_1999,Mos99,2004,1,30
CY001036_A_New_York_6_2004,EPI103320_A_Moscow_10_1999,Mos99,2004,1,6
CY009267_A_New_York_499_2004,EPI103320_A_Moscow_10_1999,Mos99,2004,1,15
CY091124_A_Missouri_NHRC0002_2004,EPI103320_A_Moscow_10_1999,Mos99,2004,1,9
CY038574_A_Hong_Kong_HKU2_2004,EPI103320_A_Moscow_10_1999,Mos99,2004,2,13
CY039494_A_Hong_Kong_HKU1_2004,EPI103320_A_Moscow_10_1999,Mos99,2004,2,10
CY038950_A_Hong_Kong_HKU4_2004,EPI103320_A_Moscow_10_1999,Mos99,2004,3,1
CY038958_A_Hong_Kong_HKU6_2004,EPI103320_A_Moscow_10_1999,Mos99,2004,3,6
CY039166_A_Hong_Kong_HKU5_2004,EPI103320_A_Moscow_10_1999,Mos99,2004,3,4
CY038998_A_Hong_Kong_HKU15_2004,EPI103320_A_Moscow_10_1999,Mos99,2004,4,23
CY038990_A_Hong_Kong_HKU14_2004,EPI103320_A_Moscow_10_1999,Mos99,2004,4,16
CY038614_A_Hong_Kong_HKU19_2004,EPI103320_A_Moscow_10_1999,Mos99,2004,6,1
CY038622_A_Hong_Kong_HKU20_2004,EPI103320_A_Moscow_10_1999,Mos99,2004,6,15
CY039014_A_Hong_Kong_HKU21_2004,EPI103320_A_Moscow_10_1999,Mos99,2004,6,19
CY038638_A_Hong_Kong_HKU29_2004,EPI103320_A_Moscow_10_1999,Mos99,2004,7,21
CY038646_A_Hong_Kong_HKU31_2004,EPI103320_A_Moscow_10_1999,Mos99,2004,7,30
CY039030_A_Hong_Kong_HKU25_2004,EPI103320_A_Moscow_10_1999,Mos99,2004,7,7
CY039038_A_Hong_Kong_HKU30_2004,EPI103320_A_Moscow_10_1999,Mos99,2004,7,22
CY039174_A_Hong_Kong_HKU24_2004,EPI103320_A_Moscow_10_1999,Mos99,2004,7,5
CY043751_A_Hong_Kong_HKU28_2004,EPI103320_A_Moscow_10_1999,Mos99,2004,7,17
CY038654_A_Hong_Kong_HKU34_2004,EPI103320_A_Moscow_10_1999,Mos99,2004,8,18
CY039502_A_Hong_Kong_HKU32_2004,EPI103320_A_Moscow_10_1999,Mos99,2004,8,2
CY006386_A_New_York_467_2004,EPI103320_A_Moscow_10_1999,Mos99,2004,9,17
CY040321_A_Hong_Kong_HKU38_2004,EPI103320_A_Moscow_10_1999,Mos99,2004,9,23
EPI367109_A_California_7_2004,EPI103320_A_Moscow_10_1999,Mos99,2004,9,16
CY002719_A_New_York_319_2004,EPI358781_A_Fujian_411_2002,Fuj02,2004,11,8
CY003671_A_New_York_471_2004,EPI358781_A_Fujian_411_2002,Fuj02,2004,11,8
CY039054_A_Hong_Kong_HKU40_2004,EPI358781_A_Fujian_411_2002,Fuj02,2004,11,23
CY002199_A_New_York_366_2004,EPI358781_A_Fujian_411_2002,Fuj02,2004,12,20
CY002231_A_New_York_372_2004,EPI358781_A_Fujian_411_2002,Fuj02,2004,12,22
CY002255_A_New_York_381_2004,EPI358781_A_Fujian_411_2002,Fuj02,2004,12,28
CY002263_A_New_York_383_2004,EPI358781_A_Fujian_411_2002,Fuj02,2004,12,29
CY002447_A_New_York_365_2004,EPI358781_A_Fujian_411_2002,Fuj02,2004,12,16
CY002599_A_New_York_377_2004,EPI358781_A_Fujian_411_2002,Fuj02,2004,12,20
CY002791_A_New_York_232_2004,EPI358781_A_Fujian_411_2002,Fuj02,2004,12,9
CY003079_A_New_York_123_2004,EPI358781_A_Fujian_411_2002,Fuj02,2004,12,16
CY019156_A_New_York_900_2004,EPI358781_A_Fujian_411_2002,Fuj02,2004,12,22
CY019164_A_New_York_900_2004,EPI358781_A_Fujian_411_2002,Fuj02,2004,12,22
CY019180_A_New_York_905_2004,EPI358781_A_Fujian_411_2002,Fuj02,2004,12,27
CY019260_A_New_York_908_2004,EPI358781_A_Fujian_411_2002,Fuj02,2004,12,27
CY112996_A_Netherlands_132_2004,EPI358781_A_Fujian_411_2002,Fuj02,2004,12,4
CY002007_A_New_York_359_2005,EPI358781_A_Fujian_411_2002,Fuj02,2005,1,17
CY019300_A_New_York_913_2005,EPI358781_A_Fujian_411_2002,Fuj02,2005,1,10
CY019308_A_New_York_918_2005,EPI358781_A_Fujian_411_2002,Fuj02,2005,1,10
CY019324_A_New_York_918_2005,EPI358781_A_Fujian_411_2002,Fuj02,2005,1,10
CY020540_A_New_York_913_2005,EPI358781_A_Fujian_411_2002,Fuj02,2005,1,10
CY038686_A_Hong_Kong_HKU42_2005,EPI358781_A_Fujian_411_2002,Fuj02,2005,1,6
EPI502253_A_Wisconsin_67_2005,EPI358781_A_Fujian_411_2002,Fuj02,2005,1,1
CY002015_A_New_York_361_2005,EPI358781_A_Fujian_411_2002,Fuj02,2005,2,2
CY002463_A_New_York_373_2005,EPI358781_A_Fujian_411_2002,Fuj02,2005,2,22
CY003647_A_New_York_463_2005,EPI358781_A_Fujian_411_2002,Fuj02,2005,2,9
CY090996_A_South_Carolina_NHRC0001_2005,EPI358781_A_Fujian_411_2002,Fuj02,2005,2,11
CY091140_A_Texas_NHRC0001_2005,EPI358781_A_Fujian_411_2002,Fuj02,2005,2,16
CY091436_A_California_NHRC0002_2005,EPI358781_A_Fujian_411_2002,Fuj02,2005,2,7
CY002079_A_New_York_396_2005,EPI358781_A_Fujian_411_2002,Fuj02,2005,3,4
CY006091_A_New_York_465_2005,EPI358781_A_Fujian_411_2002,Fuj02,2005,3,8
CY039062_A_Hong_Kong_HKU45_2005,EPI358781_A_Fujian_411_2002,Fuj02,2005,3,7
CY039070_A_Hong_Kong_HKU47_2005,EPI358781_A_Fujian_411_2002,Fuj02,2005,3,19
CY040329_A_Hong_Kong_HKU52_2005,EPI358781_A_Fujian_411_2002,Fuj02,2005,4,16
CY091012_A_Illinois_NHRC0001_2005,EPI358781_A_Fujian_411_2002,Fuj02,2005,4,6
CY038702_A_Hong_Kong_HKU62_2005,EPI358781_A_Fujian_411_2002,Fuj02,2005,5,13
CY038710_A_Hong_Kong_HKU65_2005,EPI358781_A_Fujian_411_2002,Fuj02,2005,5,17
CY038718_A_Hong_Kong_HKU67_2005,EPI358781_A_Fujian_411_2002,Fuj02,2005,5,23
CY038734_A_Hong_Kong_HKU69_2005,EPI358781_A_Fujian_411_2002,Fuj02,2005,5,27
CY038742_A_Hong_Kong_HKU70_2005,EPI358781_A_Fujian_411_2002,Fuj02,2005,5,30
CY039214_A_Hong_Kong_HKU58_2005,EPI358781_A_Fujian_411_2002,Fuj02,2005,5,5
CY039230_A_Hong_Kong_HKU61_2005,EPI358781_A_Fujian_411_2002,Fuj02,2005,5,11
CY039238_A_Hong_Kong_HKU63_2005,EPI358781_A_Fujian_411_2002,Fuj02,2005,5,14
CY040345_A_Hong_Kong_HKU75_2005,EPI358781_A_Fujian_411_2002,Fuj02,2005,6,17
CY040353_A_Hong_Kong_HKU76_2005,EPI358781_A_Fujian_411_2002,Fuj02,2005,6,21
CY040361_A_Hong_Kong_HKU77_2005,EPI358781_A_Fujian_411_2002,Fuj02,2005,6,29
CY043767_A_Hong_Kong_HKU72_2005,EPI358781_A_Fujian_411_2002,Fuj02,2005,6,1
CY044404_A_Hong_Kong_HKU73_2005,EPI358781_A_Fujian_411_2002,Fuj02,2005,6,2
CY091316_A_Hong_Kong_NHRC0001_2005,EPI358781_A_Fujian_411_2002,Fuj02,2005,6,15
CY038758_A_Hong_Kong_HKU79_2005,EPI358781_A_Fujian_411_2002,Fuj02,2005,7,16
CY043775_A_Hong_Kong_HKU78_2005,EPI358781_A_Fujian_411_2002,Fuj02,2005,7,9
KJ855424_A_Mexico_QUE2270_2005,EPI358781_A_Fujian_411_2002,Fuj02,2005,8,11
CY100575_A_Mexico_InDRE2246_2005,EPI358781_A_Fujian_411_2002,Fuj02,2005,9,11
KJ855472_A_Mexico_TLA2227_2005,EPI358781_A_Fujian_411_2002,Fuj02,2005,9,11
CY172198_A_New_York_1001_2005,EPI367109_A_California_7_2004,Cal04,2005,11,10
CY091036_A_Illinois_NHRC0002_2005,EPI367109_A_California_7_2004,Cal04,2005,12,23
CY091532_A_California_NHRC0006_2005,EPI367109_A_California_7_2004,Cal04,2005,12,2
CY113004_A_Netherlands_548_2005,EPI367109_A_California_7_2004,Cal04,2005,12,26
CY172390_A_New_York_1028_2006,EPI367109_A_California_7_2004,Cal04,2006,2,20
CY019866_A_New_York_938_2006,EPI367109_A_California_7_2004,Cal04,2006,3,2
CY020372_A_New_York_938_2006,EPI367109_A_California_7_2004,Cal04,2006,3,2
CY114404_A_Netherlands_363_2006,EPI502253_A_Wisconsin_67_2005,Wis05,2006,12,24
CY039406_A_Taiwan_70002_2007,EPI502253_A_Wisconsin_67_2005,Wis05,2007,1,2
CY039414_A_Taiwan_70113_2007,EPI502253_A_Wisconsin_67_2005,Wis05,2007,1,15
CY025428_A_California_UR06_0347_2007,EPI502253_A_Wisconsin_67_2005,Wis05,2007,2,19
CY027570_A_Texas_UR06_0358_2007,EPI502253_A_Wisconsin_67_2005,Wis05,2007,2,20
CY040057_A_Taiwan_70307_2007,EPI502253_A_Wisconsin_67_2005,Wis05,2007,2,3
CY114412_A_Netherlands_69_2007,EPI502253_A_Wisconsin_67_2005,Wis05,2007,2,19
EPI577980_A_Brisbane_10_2007,EPI502253_A_Wisconsin_67_2005,Wis05,2007,2,6
CY040073_A_Taiwan_2361_2007,EPI502253_A_Wisconsin_67_2005,Wis05,2007,11,12
CY114420_A_Netherlands_348_2007,EPI502253_A_Wisconsin_67_2005,Wis05,2007,11,6
CY037310_A_Qatar_AF02_2008,EPI502253_A_Wisconsin_67_2005,Wis05,2008,1,29
CY040105_A_Taiwan_70120_2008,EPI502253_A_Wisconsin_67_2005,Wis05,2008,1,15
CY037326_A_Korea_AF05_2008,EPI502253_A_Wisconsin_67_2005,Wis05,2008,2,19
CY044603_A_Boston_40_2008,EPI502253_A_Wisconsin_67_2005,Wis05,2008,2,15
CY173286_A_New_York_1155_2008,EPI502253_A_Wisconsin_67_2005,Wis05,2008,3,27
CY044827_A_Boston_88_2008,EPI502253_A_Wisconsin_67_2005,Wis05,2008,4,16
CY113020_A_Netherlands_377_2008,EPI502253_A_Wisconsin_67_2005,Wis05,2008,9,27
CY147666_A_Mexico_24013_2008,EPI577980_A_Brisbane_10_2007,Bris07,2008,12,1
CY093316_A_Kyrgyzstan_WRAIR1256P_2008,EPI577980_A_Brisbane_10_2007,Bris07,2008,12,1
CY089756_A_Boston_75_2009,EPI577980_A_Brisbane_10_2007,Bris07,2009,1,16
CY093237_A_South_Korea_WRAIR1171P_2009,EPI577980_A_Brisbane_10_2007,Bris07,2009,1,1
CY093348_A_Kuwait_WRAIR1561P_2009,EPI577980_A_Brisbane_10_2007,Bris07,2009,1,1
CY113028_A_Netherlands_69_2009,EPI577980_A_Brisbane_10_2007,Bris07,2009,1,12
CY069426_A_Japan_WRAIR1140P_2009,EPI577980_A_Brisbane_10_2007,Bris07,2009,2,9
CY089740_A_Boston_40_2009,EPI577980_A_Brisbane_10_2007,Bris07,2009,2,27
CY050611_A_New_York_3018_2009,EPI577980_A_Brisbane_10_2007,Bris07,2009,4,27
CY050731_A_New_York_3143_2009,EPI577980_A_Brisbane_10_2007,Bris07,2009,4,30
CY064830_A_California_VRDL138_2009,EPI577980_A_Brisbane_10_2007,Bris07,2009,4,29
CY068104_A_California_VRDL368_2009,EPI577980_A_Brisbane_10_2007,Bris07,2009,4,27
CY068208_A_California_VRDL170_2009,EPI577980_A_Brisbane_10_2007,Bris07,2009,4,28
CY068232_A_California_VRDL188_2009,EPI577980_A_Brisbane_10_2007,Bris07,2009,4,29
CY068296_A_California_VRDL247_2009,EPI577980_A_Brisbane_10_2007,Bris07,2009,4,29
CY068360_A_California_VRDL263_2009,EPI577980_A_Brisbane_10_2007,Bris07,2009,4,30
CY068416_A_California_VRDL277_2009,EPI577980_A_Brisbane_10_2007,Bris07,2009,4,30
CY068640_A_California_VRDL394_2009,EPI577980_A_Brisbane_10_2007,Bris07,2009,4,28
CY068781_A_California_VRDL205_2009,EPI577980_A_Brisbane_10_2007,Bris07,2009,4,29
CY069322_A_Korea_WRAIR1038P_2009,EPI577980_A_Brisbane_10_2007,Bris07,2009,4,9
EPI577969_A_Perth_16_2009,EPI577980_A_Brisbane_10_2007,Bris07,2009,4,7
CY050795_A_New_York_3491_2009,EPI577980_A_Brisbane_10_2007,Bris07,2009,5,11
CY050827_A_New_York_3738_2009,EPI577980_A_Brisbane_10_2007,Bris07,2009,5,20
CY067976_A_California_VRDL339_2009,EPI577980_A_Brisbane_10_2007,Bris07,2009,5,4
CY068336_A_California_VRDL260_2009,EPI577980_A_Brisbane_10_2007,Bris07,2009,5,1
CY068480_A_California_VRDL309_2009,EPI577980_A_Brisbane_10_2007,Bris07,2009,5,2
CY077432_A_California_VRDL356_2009,EPI577980_A_Brisbane_10_2007,Bris07,2009,6,2
CY084416_A_New_York_3918_2009,EPI577980_A_Brisbane_10_2007,Bris07,2009,6,5
CY113044_A_Netherlands_761_2009,EPI577980_A_Brisbane_10_2007,Bris07,2009,6,25
CY106599_A_Hong_Kong_H090_671_V10_2009,EPI577980_A_Brisbane_10_2007,Bris07,2009,7,6
CY106647_A_Hong_Kong_H090_689_V22_2009,EPI577980_A_Brisbane_10_2007,Bris07,2009,7,12
CY106655_A_Hong_Kong_H090_692_V10_2009,EPI577980_A_Brisbane_10_2007,Bris07,2009,7,10
CY106703_A_Hong_Kong_H090_714_V10_2009,EPI577980_A_Brisbane_10_2007,Bris07,2009,7,15
CY106735_A_Hong_Kong_H090_720_V31_2009,EPI577980_A_Brisbane_10_2007,Bris07,2009,7,24
CY106743_A_Hong_Kong_H090_724_V10_2009,EPI577980_A_Brisbane_10_2007,Bris07,2009,7,20
CY106751_A_Hong_Kong_H090_724_V20_2009,EPI577980_A_Brisbane_10_2007,Bris07,2009,7,22
CY106791_A_Hong_Kong_H090_733_V10_2009,EPI577980_A_Brisbane_10_2007,Bris07,2009,7,22
CY106847_A_Hong_Kong_H090_739_V22_2009,EPI577980_A_Brisbane_10_2007,Bris07,2009,7,27
CY106863_A_Hong_Kong_H090_739_V33_2009,EPI577980_A_Brisbane_10_2007,Bris07,2009,7,29
CY106871_A_Hong_Kong_H090_741_V10_2009,EPI577980_A_Brisbane_10_2007,Bris07,2009,7,24
CY106879_A_Hong_Kong_H090_747_V10_2009,EPI577980_A_Brisbane_10_2007,Bris07,2009,7,28
CY115527_A_Hong_Kong_H090_689_V20_2009,EPI577980_A_Brisbane_10_2007,Bris07,2009,7,12
CY115647_A_Hong_Kong_H090_726_V10_2009,EPI577980_A_Brisbane_10_2007,Bris07,2009,7,20
CY115687_A_Hong_Kong_H090_734_V32_2009,EPI577980_A_Brisbane_10_2007,Bris07,2009,7,27
CY115727_A_Hong_Kong_H090_739_V23_2009,EPI577980_A_Brisbane_10_2007,Bris07,2009,7,27
CY115735_A_Hong_Kong_H090_739_V33_2009,EPI577980_A_Brisbane_10_2007,Bris07,2009,7,29
KY049985_A_Qinghai_178_2010,EPI577980_A_Brisbane_10_2007,Bris07,2010,3,15
CY072221_A_New_York_20343_2010,EPI577980_A_Brisbane_10_2007,Bris07,2010,6,16
HQ664917_A_Nanjing_1655_2010,EPI577980_A_Brisbane_10_2007,Bris07,2010,9,10
HQ664922_A_Nanjing_1654_2010,EPI577980_A_Brisbane_10_2007,Bris07,2010,9,10
HQ664929_A_Nanjing_1663_2010,EPI577980_A_Brisbane_10_2007,Bris07,2010,9,10
CY093221_A_District_of_Columbia_WRAIR0300_2010,EPI577969_A_Perth_16_2009,Prth09,2010,11,17
MK729833_A_New_York_WC_LVD_10_001_2010,EPI577969_A_Perth_16_2009,Prth09,2010,11,4
CY093540_A_Mexico_City_WRAIR3579T_2010,EPI577969_A_Perth_16_2009,Prth09,2010,12,9
CY114516_A_Netherlands_034_2010,EPI577969_A_Perth_16_2009,Prth09,2010,12,23
KC882441_A_Iowa_19_2010,EPI577969_A_Perth_16_2009,Prth09,2010,12,30
KC882476_A_Texas_24_2010,EPI577969_A_Perth_16_2009,Prth09,2010,12,31
KT888262_A_Mexico_City_1514A00904139N_CP2_2010,EPI577969_A_Perth_16_2009,Prth09,2010,12,29
MK729873_A_New_York_WC_LVD_10_006_2010,EPI577969_A_Perth_16_2009,Prth09,2010,12,16
CY091580_A_Illinois_NHRC0002_2011,EPI577969_A_Perth_16_2009,Prth09,2011,1,19
CY091588_A_California_NHRC0001_2011,EPI577969_A_Perth_16_2009,Prth09,2011,1,14
CY092272_A_California_NHRC0003_2011,EPI577969_A_Perth_16_2009,Prth09,2011,1,28
CY092288_A_California_NHRC0002_2011,EPI577969_A_Perth_16_2009,Prth09,2011,1,16
CY111165_A_Boston_DOA05_2011,EPI577969_A_Perth_16_2009,Prth09,2011,1,11
CY114428_A_Netherlands_063_2011,EPI577969_A_Perth_16_2009,Prth09,2011,1,5
CY167515_A_Tennessee_F2018A_2011,EPI577969_A_Perth_16_2009,Prth09,2011,1,24
KC882565_A_New_Jersey_01_2011,EPI577969_A_Perth_16_2009,Prth09,2011,1,11
CY111309_A_Boston_DOA48_2011,EPI577969_A_Perth_16_2009,Prth09,2011,2,16
CY111317_A_Boston_DOA51_2011,EPI577969_A_Perth_16_2009,Prth09,2011,2,18
CY134520_A_Boston_DOA38_2011,EPI577969_A_Perth_16_2009,Prth09,2011,2,12
CY134568_A_Boston_DOA47_2011,EPI577969_A_Perth_16_2009,Prth09,2011,2,14
CY167571_A_Tennessee_F2031A_2011,EPI577969_A_Perth_16_2009,Prth09,2011,2,7
KC882641_A_Texas_06_2011,EPI577969_A_Perth_16_2009,Prth09,2011,2,5
KR137644_A_Bethesda_NIH12_2011,EPI577969_A_Perth_16_2009,Prth09,2011,2,15
CY111421_A_Boston_DOA78_2011,EPI577969_A_Perth_16_2009,Prth09,2011,3,14
EPI417234_A_Victoria_361_2011,EPI577969_A_Perth_16_2009,Prth09,2011,10,24
KT888275_A_Hong_Kong_1514A01704826T_2011,EPI577969_A_Perth_16_2009,Prth09,2011,11,15
KT888268_A_Amman_1514A01004465T_2011,EPI577969_A_Perth_16_2009,Prth09,2011,12,5
KT888283_A_Budapest_1514A07804502N_2011,EPI577969_A_Perth_16_2009,Prth09,2011,12,12
KT889087_A_Japan_22_2011,EPI577969_A_Perth_16_2009,Prth09,2011,12,20
KT888257_A_Moscow_1514A00504942N_2012,EPI577969_A_Perth_16_2009,Prth09,2012,1,19
KT888258_A_Moscow_1514A00504950T_2012,EPI577969_A_Perth_16_2009,Prth09,2012,1,11
KT888267_A_Amman_1514A01004462T_2012,EPI577969_A_Perth_16_2009,Prth09,2012,1,11
KT888281_A_Sarajevo_1514A06604486N_2012,EPI577969_A_Perth_16_2009,Prth09,2012,1,11
KT888944_A_Yokosuka_SE680_2012,EPI577969_A_Perth_16_2009,Prth09,2012,1,24
KT889082_A_Japan_17_2012,EPI577969_A_Perth_16_2009,Prth09,2012,1,31
KT889083_A_Korea_18_2012,EPI577969_A_Perth_16_2009,Prth09,2012,1,24
KT889099_A_Korea_37_2012,EPI577969_A_Perth_16_2009,Prth09,2012,1,19
KT889102_A_Kyrgyzstan_40_2012,EPI577969_A_Perth_16_2009,Prth09,2012,1,12
KT889103_A_Kyrgyzstan_41_2012,EPI577969_A_Perth_16_2009,Prth09,2012,1,12
KT889104_A_Japan_42_2012,EPI577969_A_Perth_16_2009,Prth09,2012,1,31
KT889107_A_Korea_45_2012,EPI577969_A_Perth_16_2009,Prth09,2012,1,13
KT889108_A_Korea_47_2012,EPI577969_A_Perth_16_2009,Prth09,2012,1,20
KT888945_A_Yokosuka_SE863_2012,EPI577969_A_Perth_16_2009,Prth09,2012,2,3
KT889105_A_Japan_43_2012,EPI577969_A_Perth_16_2009,Prth09,2012,2,5
KC892843_A_Nevada_12_2012,EPI577969_A_Perth_16_2009,Prth09,2012,3,30
KT888260_A_Moscow_1514A00505153N_2012,EPI577969_A_Perth_16_2009,Prth09,2012,3,23
KT889091_A_Japan_26_2012,EPI577969_A_Perth_16_2009,Prth09,2012,3,5
EPI556813_A_Texas_50_2012,EPI577969_A_Perth_16_2009,Prth09,2012,4,15
KT888259_A_Moscow_1514A00505149T_2012,EPI577969_A_Perth_16_2009,Prth09,2012,4,12
KT888261_A_Moscow_1514A00505162N_2012,EPI577969_A_Perth_16_2009,Prth09,2012,4,13
KT888279_A_Prague_1514A06404885N_2012,EPI577969_A_Perth_16_2009,Prth09,2012,4,12
MK640845_A_China_38887_2012,EPI577969_A_Perth_16_2009,Prth09,2012,8,29
MK640846_A_China_38888_2012,EPI577969_A_Perth_16_2009,Prth09,2012,8,29
MK640847_A_China_39207_2012,EPI577969_A_Perth_16_2009,Prth09,2012,9,26
MK730233_A_New_York_WC_LVD_12_051_2012,EPI417234_A_Victoria_361_2011,Vic11,2012,10,5
CY134779_A_Texas_JMM_8_2012,EPI417234_A_Victoria_361_2011,Vic11,2012,11,20
CY135131_A_Texas_JMM_54_2012,EPI417234_A_Victoria_361_2011,Vic11,2012,12,6
CY148427_A_Boston_DOA2_112_2012,EPI417234_A_Victoria_361_2011,Vic11,2012,12,4
CY148547_A_Boston_DOA2_128_2012,EPI417234_A_Victoria_361_2011,Vic11,2012,12,18
CY167934_A_Boston_YGA_00008_2012,EPI417234_A_Victoria_361_2011,Vic11,2012,12,19
CY168846_A_Boston_YGA_01045_2012,EPI417234_A_Victoria_361_2011,Vic11,2012,12,25
CY168878_A_Boston_YGA_01049_2012,EPI417234_A_Victoria_361_2011,Vic11,2012,12,26
CY170126_A_Boston_YGA_02003_2012,EPI417234_A_Victoria_361_2011,Vic11,2012,12,17
CY171246_A_Chicago_YGA_04053_2012,EPI417234_A_Victoria_361_2011,Vic11,2012,12,18
CY171270_A_Chicago_YGA_04056_2012,EPI417234_A_Victoria_361_2011,Vic11,2012,12,18
CY171342_A_Chicago_YGA_04090_2012,EPI417234_A_Victoria_361_2011,Vic11,2012,12,26
CY171406_A_Chicago_YGA_04102_2012,EPI417234_A_Victoria_361_2011,Vic11,2012,12,27
CY182800_A_Houston_JMM_74_2012,EPI417234_A_Victoria_361_2011,Vic11,2012,12,15
CY182848_A_Houston_JMM_80_2012,EPI417234_A_Victoria_361_2011,Vic11,2012,12,18
CY182880_A_Houston_JMM_85_2012,EPI417234_A_Victoria_361_2011,Vic11,2012,12,19
CY182960_A_Houston_JMM_96_2012,EPI417234_A_Victoria_361_2011,Vic11,2012,12,29
MK640848_A_China_41303_2012,EPI417234_A_Victoria_361_2011,Vic11,2012,12,24
MK640849_A_China_41304_2012,EPI417234_A_Victoria_361_2011,Vic11,2012,12,24
MK730273_A_New_York_WC_LVD_12_057_2012,EPI417234_A_Victoria_361_2011,Vic11,2012,12,7
MK730497_A_New_York_WC_LVD_12_086_2012,EPI417234_A_Victoria_361_2011,Vic11,2012,12,17
MK970023_A_Maryland_22_1_2012,EPI417234_A_Victoria_361_2011,Vic11,2012,12,12
CY148707_A_Boston_DOA2_149_2013,EPI417234_A_Victoria_361_2011,Vic11,2013,1,9
CY148787_A_Boston_DOA2_161_2013,EPI417234_A_Victoria_361_2011,Vic11,2013,1,2
CY148923_A_Boston_DOA2_180_2013,EPI417234_A_Victoria_361_2011,Vic11,2013,1,13
CY149131_A_Boston_DOA2_218_2013,EPI417234_A_Victoria_361_2011,Vic11,2013,1,15
CY149323_A_Boston_DOA2_245_2013,EPI417234_A_Victoria_361_2011,Vic11,2013,1,25
CY168094_A_Boston_YGA_00035_2013,EPI417234_A_Victoria_361_2011,Vic11,2013,1,10
CY168238_A_Boston_YGA_00054_2013,EPI417234_A_Victoria_361_2011,Vic11,2013,1,24
CY169366_A_Boston_YGA_01115_2013,EPI417234_A_Victoria_361_2011,Vic11,2013,1,1
CY169798_A_Boston_YGA_01173_2013,EPI417234_A_Victoria_361_2011,Vic11,2013,1,17
CY169878_A_Boston_YGA_01186_2013,EPI417234_A_Victoria_361_2011,Vic11,2013,1,21
CY170350_A_Boston_YGA_02039_2013,EPI417234_A_Victoria_361_2011,Vic11,2013,1,19
CY170574_A_Santa_Clara_YGA_03016_2013,EPI417234_A_Victoria_361_2011,Vic11,2013,1,17
CY170998_A_Santa_Clara_YGA_03074_2013,EPI417234_A_Victoria_361_2011,Vic11,2013,1,8
CY171638_A_Chicago_YGA_04135_2013,EPI417234_A_Victoria_361_2011,Vic11,2013,1,3
CY171734_A_Chicago_YGA_04198_2013,EPI417234_A_Victoria_361_2011,Vic11,2013,1,23
CY183136_A_Houston_JMM_120_2013,EPI417234_A_Victoria_361_2011,Vic11,2013,1,8
KT888272_A_Kabul_1514A01305430N_2013,EPI417234_A_Victoria_361_2011,Vic11,2013,1,7
MK640850_A_China_41678_2013,EPI417234_A_Victoria_361_2011,Vic11,2013,1,5
MK640851_A_China_41691_2013,EPI417234_A_Victoria_361_2011,Vic11,2013,1,5
MK818117_A_Maryland_63_5D_2013,EPI417234_A_Victoria_361_2011,Vic11,2013,1,11
KT888280_A_Pristina_1514A06505401N_2013,EPI417234_A_Victoria_361_2011,Vic11,2013,2,6
KT888284_A_Budapest_1514A07805419T_2013,EPI417234_A_Victoria_361_2011,Vic11,2013,2,5
KT888285_A_Budapest_1514A07805832T_2013,EPI417234_A_Victoria_361_2011,Vic11,2013,2,6
MK817973_A_Maryland_178_5D_2013,EPI417234_A_Victoria_361_2011,Vic11,2013,2,7
MK969839_A_Maryland_127_17D_2013,EPI417234_A_Victoria_361_2011,Vic11,2013,2,4
KF034876_A_Suzhou_1275_2013,EPI417234_A_Victoria_361_2011,Vic11,2013,4,4
MK640852_A_China_44381_2013,EPI417234_A_Victoria_361_2011,Vic11,2013,4,9
KT888276_A_Taipei_1514A02605215N_2013,EPI417234_A_Victoria_361_2011,Vic11,2013,5,7
KT888277_A_Taipei_1514A02605215T_2013,EPI417234_A_Victoria_361_2011,Vic11,2013,5,7
EPI614441_A_Switzerland_9715293_2013,EPI417234_A_Victoria_361_2011,Vic11,2013,12,6
MK640853_A_China_51045_2013,EPI417234_A_Victoria_361_2011,Vic11,2013,12,29
LC032990_A_Hokkaido_13H009_2014,EPI417234_A_Victoria_361_2011,Vic11,2014,1,14
LC033126_A_Niigata_13F024_2014,EPI417234_A_Victoria_361_2011,Vic11,2014,1,31
LC033326_A_Nagasaki_13N046_2014,EPI417234_A_Victoria_361_2011,Vic11,2014,1,30
LC033310_A_Nagasaki_13N007_2014,EPI417234_A_Victoria_361_2011,Vic11,2014,1,13
LC033302_A_Nagasaki_13N004_2014,EPI417234_A_Victoria_361_2011,Vic11,2014,1,2
MK640854_A_China_51323_2014,EPI417234_A_Victoria_361_2011,Vic11,2014,1,6
MK640855_A_China_51340_2014,EPI417234_A_Victoria_361_2011,Vic11,2014,1,6
LC032870_A_Kyoto_13K025_2014,EPI417234_A_Victoria_361_2011,Vic11,2014,2,5
LC032886_A_Kyoto_13K054_2014,EPI417234_A_Victoria_361_2011,Vic11,2014,2,13
LC033134_A_Niigata_13F335_2014,EPI417234_A_Victoria_361_2011,Vic11,2014,3,3
MK640856_A_China_55254_2014,EPI417234_A_Victoria_361_2011,Vic11,2014,5,8
MK640857_A_China_55312_2014,EPI417234_A_Victoria_361_2011,Vic11,2014,5,13
KR057629_A_Hawaii_39_2014,EPI417234_A_Victoria_361_2011,Vic11,2014,8,13
KR057691_A_California_18_2014,EPI417234_A_Victoria_361_2011,Vic11,2014,8,8
KT837113_A_California_19_2014,EPI417234_A_Victoria_361_2011,Vic11,2014,9,4
KT837844_A_Colorado_15_2014,EPI417234_A_Victoria_361_2011,Vic11,2014,10,4
KT837873_A_Mississippi_05_2014,EPI417234_A_Victoria_361_2011,Vic11,2014,10,14
KT838103_A_Maryland_28_2014,EPI417234_A_Victoria_361_2011,Vic11,2014,10,14
KT838296_A_Minnesota_28_2014,EPI417234_A_Victoria_361_2011,Vic11,2014,10,18
KT838328_A_Louisiana_11_2014,EPI417234_A_Victoria_361_2011,Vic11,2014,10,21
KY681484_A_Saudi_Arabia_07_2014,EPI417234_A_Victoria_361_2011,Vic11,2014,10,4
CY207882_A_New_York_WC_LVD_14_097_2014,EPI417234_A_Victoria_361_2011,Vic11,2014,11,10
KT838891_A_Georgia_04_2014,EPI417234_A_Victoria_361_2011,Vic11,2014,11,20
KT838993_A_Missouri_11_2014,EPI417234_A_Victoria_361_2011,Vic11,2014,11,18
KT839062_A_Texas_62_2014,EPI417234_A_Victoria_361_2011,Vic11,2014,11,3
KT839395_A_Pennsylvania_49_2014,EPI417234_A_Victoria_361_2011,Vic11,2014,11,28
MK640859_A_China_59100_2014,EPI417234_A_Victoria_361_2011,Vic11,2014,11,14
CY207362_A_New_York_WC_LVD_14_073_2014,EPI417234_A_Victoria_361_2011,Vic11,2014,12,3
CY207634_A_New_York_WC_LVD_14_094_2014,EPI417234_A_Victoria_361_2011,Vic11,2014,12,26
KT839657_A_Alabama_10_2014,EPI417234_A_Victoria_361_2011,Vic11,2014,12,4
KT840076_A_Tennessee_15_2014,EPI417234_A_Victoria_361_2011,Vic11,2014,12,9
KT840285_A_Virginia_37_2014,EPI417234_A_Victoria_361_2011,Vic11,2014,12,5
KT840798_A_Massachusetts_23_2014,EPI417234_A_Victoria_361_2011,Vic11,2014,12,14
KT840865_A_Washington_60_2014,EPI417234_A_Victoria_361_2011,Vic11,2014,12,23
KT841078_A_California_43_2014,EPI417234_A_Victoria_361_2011,Vic11,2014,12,23
KY487521_A_Columbia_P0079_2014,EPI417234_A_Victoria_361_2011,Vic11,2014,12,25
KY615536_A_Columbia_P0112_2014,EPI417234_A_Victoria_361_2011,Vic11,2014,12,27
MK640865_A_China_60938_2014,EPI417234_A_Victoria_361_2011,Vic11,2014,12,9
MK640867_A_China_J7525_2014,EPI417234_A_Victoria_361_2011,Vic11,2014,12,9
MK640868_A_China_J7506_2014,EPI417234_A_Victoria_361_2011,Vic11,2014,12,9
MK640871_A_China_60701_2014,EPI417234_A_Victoria_361_2011,Vic11,2014,12,11
MK640877_A_China_61248_2014,EPI417234_A_Victoria_361_2011,Vic11,2014,12,16
MK640878_A_China_61391_2014,EPI417234_A_Victoria_361_2011,Vic11,2014,12,18
MK640879_A_China_61007_2014,EPI417234_A_Victoria_361_2011,Vic11,2014,12,18
MK640881_A_China_60736_2014,EPI417234_A_Victoria_361_2011,Vic11,2014,12,18
MK640882_A_China_60786_2014,EPI417234_A_Victoria_361_2011,Vic11,2014,12,18
MK640885_A_China_61309_2014,EPI417234_A_Victoria_361_2011,Vic11,2014,12,18
MK640887_A_China_61520_2014,EPI417234_A_Victoria_361_2011,Vic11,2014,12,19
MK640892_A_China_61481_2014,EPI417234_A_Victoria_361_2011,Vic11,2014,12,23
KT835748_A_Maryland_02_2015,EPI417234_A_Victoria_361_2011,Vic11,2015,1,24
KT835964_A_California_20_2015,EPI417234_A_Victoria_361_2011,Vic11,2015,1,20
KT836015_A_North_Carolina_25_2015,EPI417234_A_Victoria_361_2011,Vic11,2015,1,25
KT836198_A_North_Carolina_03_2015,EPI417234_A_Victoria_361_2011,Vic11,2015,1,20
KT836316_A_West_Virginia_07_2015,EPI417234_A_Victoria_361_2011,Vic11,2015,1,25
KT836426_A_Iowa_12_2015,EPI417234_A_Victoria_361_2011,Vic11,2015,1,30
KT841228_A_North_Carolina_06_2015,EPI417234_A_Victoria_361_2011,Vic11,2015,1,7
KT841571_A_Rhode_Island_05_2015,EPI417234_A_Victoria_361_2011,Vic11,2015,1,7
KT841585_A_South_Dakota_01_2015,EPI417234_A_Victoria_361_2011,Vic11,2015,1,5
KT841691_A_Kentucky_01_2015,EPI417234_A_Victoria_361_2011,Vic11,2015,1,1
KT841712_A_Wisconsin_02_2015,EPI417234_A_Victoria_361_2011,Vic11,2015,1,6
MK640894_A_China_62885_2015,EPI417234_A_Victoria_361_2011,Vic11,2015,1,27
MK640895_A_China_62889_2015,EPI417234_A_Victoria_361_2011,Vic11,2015,1,27
MK640896_A_China_62895_2015,EPI417234_A_Victoria_361_2011,Vic11,2015,1,27
KT842043_A_Indiana_13_2015,EPI417234_A_Victoria_361_2011,Vic11,2015,2,17
KT842079_A_Pennsylvania_05_2015,EPI417234_A_Victoria_361_2011,Vic11,2015,2,6
KT842218_A_Delaware_18_2015,EPI417234_A_Victoria_361_2011,Vic11,2015,2,23
MK640897_A_China_63513_2015,EPI417234_A_Victoria_361_2011,Vic11,2015,2,17
KT842837_A_South_Dakota_35_2015,EPI417234_A_Victoria_361_2011,Vic11,2015,3,14
KT842864_A_North_Dakota_06_2015,EPI417234_A_Victoria_361_2011,Vic11,2015,3,8
KT844048_A_Washington_36_2015,EPI417234_A_Victoria_361_2011,Vic11,2015,5,10
KT843646_A_Alaska_26_2015,EPI417234_A_Victoria_361_2011,Vic11,2015,6,14
KT844075_A_Alaska_69_2015,EPI417234_A_Victoria_361_2011,Vic11,2015,6,26
KT843589_A_Iowa_34_2015,EPI417234_A_Victoria_361_2011,Vic11,2015,7,30
KT844012_A_Iowa_28_2015,EPI417234_A_Victoria_361_2011,Vic11,2015,7,30
MK640899_A_China_66886_2015,EPI417234_A_Victoria_361_2011,Vic11,2015,7,22
KT843896_A_Ohio_26_2015,EPI417234_A_Victoria_361_2011,Vic11,2015,8,17
MK640901_A_China_67013_2015,EPI417234_A_Victoria_361_2011,Vic11,2015,8,24
KU589864_A_New_Hampshire_40_2015,EPI417234_A_Victoria_361_2011,Vic11,2015,9,14
KU590701_A_Ohio_28_2015,EPI417234_A_Victoria_361_2011,Vic11,2015,9,17
KY116931_A_Alaska_232_2015,EPI417234_A_Victoria_361_2011,Vic11,2015,9,9
KY509828_A_Seoul_1595_2015,EPI417234_A_Victoria_361_2011,Vic11,2015,9,14
KY681500_A_Saudi_Arabia_28_2015,EPI417234_A_Victoria_361_2011,Vic11,2015,9,25
EPI686117_A_Hong_Kong_15611_2015,EPI614441_A_Switzerland_9715293_2013,Swtz13,2015,10,19
KU591160_A_Hawaii_68_2015,EPI614441_A_Switzerland_9715293_2013,Swtz13,2015,10,5
KU592163_A_Hawaii_74_2015,EPI614441_A_Switzerland_9715293_2013,Swtz13,2015,10,9
KU592184_A_South_Dakota_39_2015,EPI614441_A_Switzerland_9715293_2013,Swtz13,2015,10,13
KX412042_A_Iowa_45_2015,EPI614441_A_Switzerland_9715293_2013,Swtz13,2015,10,22
KY615571_A_Taipei_0011_2015,EPI614441_A_Switzerland_9715293_2013,Swtz13,2015,12,24
MK640903_A_China_70219_2015,EPI614441_A_Switzerland_9715293_2013,Swtz13,2015,12,25
KX414582_A_Washington_26_2016,EPI614441_A_Switzerland_9715293_2013,Swtz13,2016,1,19
KX916993_A_California_12_2016,EPI614441_A_Switzerland_9715293_2013,Swtz13,2016,1,12
KY487603_A_Taipei_0020_2016,EPI614441_A_Switzerland_9715293_2013,Swtz13,2016,1,5
KY487612_A_Linkou_0081_2016,EPI614441_A_Switzerland_9715293_2013,Swtz13,2016,1,26
KY509826_A_Chungbuk_107_2016,EPI614441_A_Switzerland_9715293_2013,Swtz13,2016,1,18
KY615384_A_Keelung_0026_2016,EPI614441_A_Switzerland_9715293_2013,Swtz13,2016,1,15
MK640906_A_China_71516_2016,EPI614441_A_Switzerland_9715293_2013,Swtz13,2016,1,25
KX416429_A_Hawaii_28_2016,EPI614441_A_Switzerland_9715293_2013,Swtz13,2016,2,29
KY509827_A_Gyeonggi_458_2016,EPI614441_A_Switzerland_9715293_2013,Swtz13,2016,2,22
KX413283_A_Georgia_40_2016,EPI614441_A_Switzerland_9715293_2013,Swtz13,2016,3,6
KX416117_A_Washington_47_2016,EPI614441_A_Switzerland_9715293_2013,Swtz13,2016,3,14
KX416829_A_Washington_55_2016,EPI614441_A_Switzerland_9715293_2013,Swtz13,2016,4,12
KX417005_A_Texas_136_2016,EPI614441_A_Switzerland_9715293_2013,Swtz13,2016,4,22
KX918281_A_Kentucky_26_2016,EPI614441_A_Switzerland_9715293_2013,Swtz13,2016,4,25
CY264049_A_Arizona_67_2016,EPI614441_A_Switzerland_9715293_2013,Swtz13,2016,5,4
CY208845_A_Texas_182_2016,EPI614441_A_Switzerland_9715293_2013,Swtz13,2016,8,31
KY115915_A_Nebraska_24_2016,EPI614441_A_Switzerland_9715293_2013,Swtz13,2016,9,19
MG984174_A_Shanghai_1_2016,EPI614441_A_Switzerland_9715293_2013,Swtz13,2016,9,14
CY211583_A_California_129_2016,EPI686117_A_Hong_Kong_15611_2015,HK15,2016,10,5
CY213847_A_Minnesota_76_2016,EPI686117_A_Hong_Kong_15611_2015,HK15,2016,10,25
CY210604_A_Idaho_41_2016,EPI686117_A_Hong_Kong_15611_2015,HK15,2016,11,22
KY949700_A_Keelung_0082_2016,EPI686117_A_Hong_Kong_15611_2015,HK15,2016,11,30
CY212887_A_California_184_2016,EPI686117_A_Hong_Kong_15611_2015,HK15,2016,12,13
CY214479_A_Maryland_31_2016,EPI686117_A_Hong_Kong_15611_2015,HK15,2016,12,19
CY214879_A_California_214_2016,EPI686117_A_Hong_Kong_15611_2015,HK15,2016,12,31
KY950051_A_Linkou_0186_2016,EPI686117_A_Hong_Kong_15611_2015,HK15,2016,12,26
MN304051_A_Basel_USB003343_1_2016,EPI686117_A_Hong_Kong_15611_2015,HK15,2016,12,27
MN304056_A_Basel_USB003348_1_2016,EPI686117_A_Hong_Kong_15611_2015,HK15,2016,12,30
MN304664_A_Basel_USB001538_1_2016,EPI686117_A_Hong_Kong_15611_2015,HK15,2016,12,27
MN304668_A_Basel_USB002128_1_2016,EPI686117_A_Hong_Kong_15611_2015,HK15,2016,12,27
MN304672_A_Basel_USB002199_1_2016,EPI686117_A_Hong_Kong_15611_2015,HK15,2016,12,27
MN304679_A_Basel_USB002138_1_2016,EPI686117_A_Hong_Kong_15611_2015,HK15,2016,12,28
MN304682_A_Basel_USB001546_1_2016,EPI686117_A_Hong_Kong_15611_2015,HK15,2016,12,29
MN304690_A_Basel_USB002178_1_2016,EPI686117_A_Hong_Kong_15611_2015,HK15,2016,12,29
MN304704_A_Basel_USB001552_1_2016,EPI686117_A_Hong_Kong_15611_2015,HK15,2016,12,31
MN304711_A_Basel_USB001562_1_2016,EPI686117_A_Hong_Kong_15611_2015,HK15,2016,12,31
CY212895_A_California_187_2016,EPI686117_A_Hong_Kong_15611_2015,HK15,2016,12,14
CY212631_A_Nevada_55_2016,EPI686117_A_Hong_Kong_15611_2015,HK15,2016,12,8
CY214207_A_Hawaii_103_2016,EPI686117_A_Hong_Kong_15611_2015,HK15,2016,12,7
KY949675_A_Linkou_0175_2016,EPI686117_A_Hong_Kong_15611_2015,HK15,2016,12,12
KY949682_A_Linkou_0191_2016,EPI686117_A_Hong_Kong_15611_2015,HK15,2016,12,30
KY949699_A_Linkou_0187_2016,EPI686117_A_Hong_Kong_15611_2015,HK15,2016,12,27
KY949766_A_Taipei_0088_2016,EPI686117_A_Hong_Kong_15611_2015,HK15,2016,12,6
KY949786_A_Keelung_0097_2016,EPI686117_A_Hong_Kong_15611_2015,HK15,2016,12,20
KY949826_A_Taipei_0092_2016,EPI686117_A_Hong_Kong_15611_2015,HK15,2016,12,19
KY949862_A_Keelung_0089_2016,EPI686117_A_Hong_Kong_15611_2015,HK15,2016,12,8
KY949934_A_Keelung_0099_2016,EPI686117_A_Hong_Kong_15611_2015,HK15,2016,12,21
KY949967_A_Linkou_0169_2016,EPI686117_A_Hong_Kong_15611_2015,HK15,2016,12,2
KY950096_A_Linkou_0181_2016,EPI686117_A_Hong_Kong_15611_2015,HK15,2016,12,21
KY950133_A_Keelung_0095_2016,EPI686117_A_Hong_Kong_15611_2015,HK15,2016,12,14
KY950211_A_Linkou_0185_2016,EPI686117_A_Hong_Kong_15611_2015,HK15,2016,12,24
MF736980_A_Vologda_CRIE_172_2016,EPI686117_A_Hong_Kong_15611_2015,HK15,2016,12,17
MG856322_A_Karachay_Cherkess_CRIE_296_2016,EPI686117_A_Hong_Kong_15611_2015,HK15,2016,12,11
MG984518_A_Shanghai_7_2016,EPI686117_A_Hong_Kong_15611_2015,HK15,2016,12,30
MK640910_A_China_80241_2016,EPI686117_A_Hong_Kong_15611_2015,HK15,2016,12,6
MN304604_A_Basel_USB002047_1_2016,EPI686117_A_Hong_Kong_15611_2015,HK15,2016,12,10
MN304638_A_Basel_USB002088_1_2016,EPI686117_A_Hong_Kong_15611_2015,HK15,2016,12,24
MN304643_A_Basel_USB002097_1_2016,EPI686117_A_Hong_Kong_15611_2015,HK15,2016,12,25
MN304651_A_Basel_USB002098_1_2016,EPI686117_A_Hong_Kong_15611_2015,HK15,2016,12,25
MN304652_A_Basel_USB001532_1_2016,EPI686117_A_Hong_Kong_15611_2015,HK15,2016,12,26
MN304663_A_Basel_USB001539_1_2016,EPI686117_A_Hong_Kong_15611_2015,HK15,2016,12,27
MN304667_A_Basel_USB001537_1_2016,EPI686117_A_Hong_Kong_15611_2015,HK15,2016,12,27
MN304687_A_Basel_USB002180_1_2016,EPI686117_A_Hong_Kong_15611_2015,HK15,2016,12,29
CY214567_A_West_Virginia_01_2017,EPI686117_A_Hong_Kong_15611_2015,HK15,2017,1,3
CY218123_A_Wisconsin_08_2017,EPI686117_A_Hong_Kong_15611_2015,HK15,2017,1,13
CY220132_A_Texas_32_2017,EPI686117_A_Hong_Kong_15611_2015,HK15,2017,1,31
CY220180_A_New_Jersey_07_2017,EPI686117_A_Hong_Kong_15611_2015,HK15,2017,1,30
CY223691_A_Maryland_10_2017,EPI686117_A_Hong_Kong_15611_2015,HK15,2017,1,31
CY224883_A_Arizona_06_2017,EPI686117_A_Hong_Kong_15611_2015,HK15,2017,1,31
CY242099_A_Florida_29_2017,EPI686117_A_Hong_Kong_15611_2015,HK15,2017,1,7
MF783012_A_Rochester_U029_2017,EPI686117_A_Hong_Kong_15611_2015,HK15,2017,1,20
MG984182_A_Shanghai_10_2017,EPI686117_A_Hong_Kong_15611_2015,HK15,2017,1,10
MG984190_A_Shanghai_11_2017,EPI686117_A_Hong_Kong_15611_2015,HK15,2017,1,11
MG984198_A_Shanghai_12_2017,EPI686117_A_Hong_Kong_15611_2015,HK15,2017,1,13
MG984222_A_Shanghai_15_2017,EPI686117_A_Hong_Kong_15611_2015,HK15,2017,1,22
MG984230_A_Shanghai_16_2017,EPI686117_A_Hong_Kong_15611_2015,HK15,2017,1,25
MG984238_A_Shanghai_17_2017,EPI686117_A_Hong_Kong_15611_2015,HK15,2017,1,25
MG984246_A_Shanghai_18_2017,EPI686117_A_Hong_Kong_15611_2015,HK15,2017,1,26
MG984254_A_Shanghai_19_2017,EPI686117_A_Hong_Kong_15611_2015,HK15,2017,1,31
MH637557_A_Keelung_0113_2017,EPI686117_A_Hong_Kong_15611_2015,HK15,2017,1,16
MH637752_A_Linkou_0206_2017,EPI686117_A_Hong_Kong_15611_2015,HK15,2017,1,17
MK640913_A_China_81105_2017,EPI686117_A_Hong_Kong_15611_2015,HK15,2017,1,4
MK640914_A_China_81129_2017,EPI686117_A_Hong_Kong_15611_2015,HK15,2017,1,5
MN304081_A_Basel_USB003378_1_2017,EPI686117_A_Hong_Kong_15611_2015,HK15,2017,1,13
MN304158_A_Basel_USB001568_1_2017,EPI686117_A_Hong_Kong_15611_2015,HK15,2017,1,2
MN304160_A_Basel_USB002230_1_2017,EPI686117_A_Hong_Kong_15611_2015,HK15,2017,1,2
MN304174_A_Basel_USB001581_1_2017,EPI686117_A_Hong_Kong_15611_2015,HK15,2017,1,3
MN304184_A_Basel_USB001592_1_2017,EPI686117_A_Hong_Kong_15611_2015,HK15,2017,1,4
MN304199_A_Basel_USB001639_1_2017,EPI686117_A_Hong_Kong_15611_2015,HK15,2017,1,4
MN304202_A_Basel_USB002304_1_2017,EPI686117_A_Hong_Kong_15611_2015,HK15,2017,1,4
MN304206_A_Basel_USB001584_1_2017,EPI686117_A_Hong_Kong_15611_2015,HK15,2017,1,4
MN304230_A_Basel_USB002323_1_2017,EPI686117_A_Hong_Kong_15611_2015,HK15,2017,1,6
MN304260_A_Basel_USB002443_1_2017,EPI686117_A_Hong_Kong_15611_2015,HK15,2017,1,7
MN304284_A_Basel_USB002561_1_2017,EPI686117_A_Hong_Kong_15611_2015,HK15,2017,1,9
MN304303_A_Basel_USB002594_1_2017,EPI686117_A_Hong_Kong_15611_2015,HK15,2017,1,10
MN304347_A_Basel_USB002671_1_2017,EPI686117_A_Hong_Kong_15611_2015,HK15,2017,1,13
MN304376_A_Basel_USB002722_1_2017,EPI686117_A_Hong_Kong_15611_2015,HK15,2017,1,17
MN304409_A_Basel_USB002775_1_2017,EPI686117_A_Hong_Kong_15611_2015,HK15,2017,1,22
MN304423_A_Basel_USB002825_1_2017,EPI686117_A_Hong_Kong_15611_2015,HK15,2017,1,23
MN304459_A_Basel_USB002891_1_2017,EPI686117_A_Hong_Kong_15611_2015,HK15,2017,1,29
CY220548_A_Alabama_06_2017,EPI686117_A_Hong_Kong_15611_2015,HK15,2017,2,7
CY221923_A_Texas_47_2017,EPI686117_A_Hong_Kong_15611_2015,HK15,2017,2,13
CY223218_A_New_Mexico_11_2017,EPI686117_A_Hong_Kong_15611_2015,HK15,2017,2,28
CY223707_A_Ohio_05_2017,EPI686117_A_Hong_Kong_15611_2015,HK15,2017,2,7
CY223731_A_Florida_10_2017,EPI686117_A_Hong_Kong_15611_2015,HK15,2017,2,8
CY223739_A_Florida_11_2017,EPI686117_A_Hong_Kong_15611_2015,HK15,2017,2,13
CY225075_A_Georgia_06_2017,EPI686117_A_Hong_Kong_15611_2015,HK15,2017,2,15
CY228314_A_South_Dakota_11_2017,EPI686117_A_Hong_Kong_15611_2015,HK15,2017,2,13
CY230042_A_Michigan_30_2017,EPI686117_A_Hong_Kong_15611_2015,HK15,2017,2,27
CY230282_A_Tennessee_21_2017,EPI686117_A_Hong_Kong_15611_2015,HK15,2017,2,20
CY230551_A_West_Virginia_09_2017,EPI686117_A_Hong_Kong_15611_2015,HK15,2017,2,13
CY230855_A_Oregon_14_2017,EPI686117_A_Hong_Kong_15611_2015,HK15,2017,2,28
MF736996_A_Karachay_Cherkess_CRIE_301_2017,EPI686117_A_Hong_Kong_15611_2015,HK15,2017,2,28
MG984270_A_Shanghai_20_2017,EPI686117_A_Hong_Kong_15611_2015,HK15,2017,2,3
MG984278_A_Shanghai_21_2017,EPI686117_A_Hong_Kong_15611_2015,HK15,2017,2,6
MH637648_A_Taipei_0122_2017,EPI686117_A_Hong_Kong_15611_2015,HK15,2017,2,2
MH637679_A_Taipei_0123_2017,EPI686117_A_Hong_Kong_15611_2015,HK15,2017,2,3
MK640915_A_China_81891_2017,EPI686117_A_Hong_Kong_15611_2015,HK15,2017,2,1
MN304116_A_Basel_USB003451_1_2017,EPI686117_A_Hong_Kong_15611_2015,HK15,2017,2,2
MN304117_A_Basel_USB003452_1_2017,EPI686117_A_Hong_Kong_15611_2015,HK15,2017,2,2
MN304125_A_Basel_USB003503_1_2017,EPI686117_A_Hong_Kong_15611_2015,HK15,2017,2,5
MN304128_A_Basel_USB003507_1_2017,EPI686117_A_Hong_Kong_15611_2015,HK15,2017,2,6
MN304483_A_Basel_USB002922_1_2017,EPI686117_A_Hong_Kong_15611_2015,HK15,2017,2,1
MN304521_A_Basel_USB002995_1_2017,EPI686117_A_Hong_Kong_15611_2015,HK15,2017,2,5
MN304543_A_Basel_USB003034_1_2017,EPI686117_A_Hong_Kong_15611_2015,HK15,2017,2,7
MN304587_A_Basel_USB003307_1_2017,EPI686117_A_Hong_Kong_15611_2015,HK15,2017,2,25
CY227443_A_Vermont_08_2017,EPI686117_A_Hong_Kong_15611_2015,HK15,2017,3,2
CY227899_A_Delaware_19_2017,EPI686117_A_Hong_Kong_15611_2015,HK15,2017,3,21
CY228698_A_Wisconsin_39_2017,EPI686117_A_Hong_Kong_15611_2015,HK15,2017,3,19
CY228730_A_Arkansas_18_2017,EPI686117_A_Hong_Kong_15611_2015,HK15,2017,3,19
CY230438_A_Delaware_19_2017,EPI686117_A_Hong_Kong_15611_2015,HK15,2017,3,21
MH637456_A_Linkou_0266_2017,EPI686117_A_Hong_Kong_15611_2015,HK15,2017,3,16
CY232473_A_Florida_34_2017,EPI686117_A_Hong_Kong_15611_2015,HK15,2017,4,9
CY232567_A_North_Carolina_27_2017,EPI686117_A_Hong_Kong_15611_2015,HK15,2017,4,5
CY235613_A_Washington_40_2017,EPI686117_A_Hong_Kong_15611_2015,HK15,2017,4,17
CY235685_A_Nevada_12_2017,EPI686117_A_Hong_Kong_15611_2015,HK15,2017,4,25
MH637707_A_Keelung_0161_2017,EPI686117_A_Hong_Kong_15611_2015,HK15,2017,4,7
MG984286_A_Shanghai_29_2017,EPI686117_A_Hong_Kong_15611_2015,HK15,2017,5,16
CY243548_A_Alaska_30_2017,EPI686117_A_Hong_Kong_15611_2015,HK15,2017,6,18
MG984302_A_Shanghai_30_2017,EPI686117_A_Hong_Kong_15611_2015,HK15,2017,6,23
MG984310_A_Shanghai_31_2017,EPI686117_A_Hong_Kong_15611_2015,HK15,2017,6,23
MH637576_A_Linkou_0302_2017,EPI686117_A_Hong_Kong_15611_2015,HK15,2017,6,20
CY242347_A_Florida_50_2017,EPI686117_A_Hong_Kong_15611_2015,HK15,2017,7,26
CY243675_A_Alaska_46_2017,EPI686117_A_Hong_Kong_15611_2015,HK15,2017,7,31
CY244478_A_California_60_2017,EPI686117_A_Hong_Kong_15611_2015,HK15,2017,7,1
MG198917_A_Guangdong_SKLRD01_2017,EPI686117_A_Hong_Kong_15611_2015,HK15,2017,7,15
MG984318_A_Shanghai_32_2017,EPI686117_A_Hong_Kong_15611_2015,HK15,2017,7,19
MG984326_A_Shanghai_33_2017,EPI686117_A_Hong_Kong_15611_2015,HK15,2017,7,25
MG984342_A_Shanghai_35_2017,EPI686117_A_Hong_Kong_15611_2015,HK15,2017,7,31
MH637447_A_Linkou_0335_2017,EPI686117_A_Hong_Kong_15611_2015,HK15,2017,7,18
MK159064_A_Jeonbuk_736_2017,EPI686117_A_Hong_Kong_15611_2015,HK15,2017,7,17
CY245203_A_Arizona_50_2017,EPI686117_A_Hong_Kong_15611_2015,HK15,2017,8,22
CY245459_A_Hawaii_45_2017,EPI686117_A_Hong_Kong_15611_2015,HK15,2017,8,22
MG984350_A_Shanghai_36_2017,EPI686117_A_Hong_Kong_15611_2015,HK15,2017,8,9
MG984358_A_Shanghai_37_2017,EPI686117_A_Hong_Kong_15611_2015,HK15,2017,8,9
MG984366_A_Shanghai_38_2017,EPI686117_A_Hong_Kong_15611_2015,HK15,2017,8,11
MG984390_A_Shanghai_40_2017,EPI686117_A_Hong_Kong_15611_2015,HK15,2017,8,19
MG984398_A_Shanghai_41_2017,EPI686117_A_Hong_Kong_15611_2015,HK15,2017,8,19
MG984414_A_Shanghai_43_2017,EPI686117_A_Hong_Kong_15611_2015,HK15,2017,8,21
MG984430_A_Shanghai_45_2017,EPI686117_A_Hong_Kong_15611_2015,HK15,2017,8,23
MG984438_A_Shanghai_46_2017,EPI686117_A_Hong_Kong_15611_2015,HK15,2017,8,29
MG984446_A_Shanghai_47_2017,EPI686117_A_Hong_Kong_15611_2015,HK15,2017,8,29
MG984462_A_Shanghai_49_2017,EPI686117_A_Hong_Kong_15611_2015,HK15,2017,9,5
MG984478_A_Shanghai_50_2017,EPI686117_A_Hong_Kong_15611_2015,HK15,2017,9,6
MG984486_A_Shanghai_51_2017,EPI686117_A_Hong_Kong_15611_2015,HK15,2017,9,8
MG984502_A_Shanghai_53_2017,EPI686117_A_Hong_Kong_15611_2015,HK15,2017,9,13
MK159072_A_Gyeongbuk_745_2017,EPI686117_A_Hong_Kong_15611_2015,HK15,2017,9,4
CY250520_A_Arkansas_24_2017,EPI686117_A_Hong_Kong_15611_2015,HK15,2017,10,12
CY257914_A_Florida_73_2017,EPI686117_A_Hong_Kong_15611_2015,HK15,2017,10,15
CY257994_A_Massachusetts_16_2017,EPI686117_A_Hong_Kong_15611_2015,HK15,2017,10,12
CY258177_A_New_York_36_2017,EPI686117_A_Hong_Kong_15611_2015,HK15,2017,10,21
CY258305_A_Louisiana_57_2017,EPI686117_A_Hong_Kong_15611_2015,HK15,2017,10,28
CY260353_A_California_86_2017,EPI686117_A_Hong_Kong_15611_2015,HK15,2017,10,3
CY266079_A_Florida_87_2017,EPI686117_A_Hong_Kong_15611_2015,HK15,2017,10,25
CY264374_A_New_Hampshire_27_2017,EPI686117_A_Hong_Kong_15611_2015,HK15,2017,11,21
CY264986_A_Pennsylvania_274_2017,EPI686117_A_Hong_Kong_15611_2015,HK15,2017,12,15
MG974447_A_Kansas_14_2017,EPI686117_A_Hong_Kong_15611_2015,HK15,2017,12,14
MH637483_A_Baltimore_P0247_2018,EPI686117_A_Hong_Kong_15611_2015,HK15,2018,1,14
MH637511_A_Baltimore_P0243_2018,EPI686117_A_Hong_Kong_15611_2015,HK15,2018,1,11
MH637528_A_Baltimore_P0241_2018,EPI686117_A_Hong_Kong_15611_2015,HK15,2018,1,10
MH637565_A_Baltimore_P0255_2018,EPI686117_A_Hong_Kong_15611_2015,HK15,2018,1,20
MH637603_A_Baltimore_P0238_2018,EPI686117_A_Hong_Kong_15611_2015,HK15,2018,1,8
MH637673_A_Baltimore_P0237_2018,EPI686117_A_Hong_Kong_15611_2015,HK15,2018,1,7
MH637726_A_Baltimore_P0239_2018,EPI686117_A_Hong_Kong_15611_2015,HK15,2018,1,8
MH637747_A_Baltimore_P0232_2018,EPI686117_A_Hong_Kong_15611_2015,HK15,2018,1,2
MH637768_A_Baltimore_P0242_2018,EPI686117_A_Hong_Kong_15611_2015,HK15,2018,1,11
MH637783_A_Baltimore_P0244_2018,EPI686117_A_Hong_Kong_15611_2015,HK15,2018,1,11
MH637488_A_Baltimore_P0279_2018,EPI686117_A_Hong_Kong_15611_2015,HK15,2018,2,2
MH637596_A_Baltimore_P0304_2018,EPI686117_A_Hong_Kong_15611_2015,HK15,2018,2,13
MH637687_A_Baltimore_P0286_2018,EPI686117_A_Hong_Kong_15611_2015,HK15,2018,2,5
MH637730_A_Baltimore_P0283_2018,EPI686117_A_Hong_Kong_15611_2015,HK15,2018,2,4
MH637808_A_Baltimore_P0298_2018,EPI686117_A_Hong_Kong_15611_2015,HK15,2018,2,10
MH701747_A_New_Jersey_93924_2018,EPI686117_A_Hong_Kong_15611_2015,HK15,2018,2,20
MH701755_A_New_Jersey_93934_2018,EPI686117_A_Hong_Kong_15611_2015,HK15,2018,2,21
MN154312_A_Washington_9752_2019,EPI686117_A_Hong_Kong_15611_2015,HK15,2019,3,15
MN170167_A_Washington_9147_2019,EPI686117_A_Hong_Kong_15611_2015,HK15,2019,3,10
MN170183_A_Washington_9149_2019,EPI686117_A_Hong_Kong_15611_2015,HK15,2019,3,11
MN170191_A_Washington_9150_2019,EPI686117_A_Hong_Kong_15611_2015,HK15,2019,3,11
MN170207_A_Washington_9153_2019,EPI686117_A_Hong_Kong_15611_2015,HK15,2019,3,14
MN170223_A_Washington_9155_2019,EPI686117_A_Hong_Kong_15611_2015,HK15,2019,3,14
