ID,StrainName,vaccine_code,PB2_Nonsyn,PB1_Nonsyn,PA_Nonsyn,HA_Nonsyn,NP_Nonsyn,NA_Nonsyn,M_Nonsyn,NS_Nonsyn
1,CY003287_A_New_York_438_2000,Mos99,1,1,1,3,2,0,2,4
2,CY114324_A_Netherlands_3_2000,Mos99,2,1,1,4,1,0,1,0
3,CY114340_A_Netherlands_126_2001,Mos99,3,2,3,4,4,6,3,5
4,CY002335_A_New_York_77_2001,Mos99,2,3,6,5,5,9,1,4
5,CY000216_A_New_York_91_2002,Mos99,2,3,6,5,5,9,1,4
6,CY112948_A_Netherlands_1_2002,Mos99,4,4,7,6,6,6,1,5
7,CY000552_A_New_York_115_2002,Mos99,2,3,6,6,5,9,1,4
8,CY013812_A_New_York_C4_2002,Mos99,3,3,7,6,5,10,1,5
9,EPI358781_A_Fujian_411_2002,Mos99,3,2,3,17,2,8,1,4
10,CY000872_A_New_York_193_2003,Mos99,3,5,4,11,4,8,4,7
11,CY032968_A_Yucatan_844_2003,Mos99,2,2,2,12,2,8,1,0
12,CY001559_A_New_York_215_2003,Mos99,4,3,8,8,5,9,3,7
13,KJ855376_A_Mexico_DIF835_2003,Mos99,3,3,3,14,2,8,2,0
14,CY088027_A_England_425_2003,Mos99,7,3,9,16,6,9,4,6
15,CY000352_A_New_York_15_2003,Mos99,4,3,9,17,6,9,3,6
16,CY000908_A_New_York_13_2003,Mos99,5,3,6,14,6,9,3,5
17,CY002351_A_New_York_272_2003,Mos99,3,3,6,16,6,9,3,5
18,CY088035_A_England_438_2003,Mos99,3,3,7,16,6,8,1,5
19,CY088115_A_England_467_2003,Mos99,4,3,7,18,5,9,4,6
20,CY088131_A_Scotland_78_2003,Mos99,3,4,9,15,6,9,4,6
21,CY088139_A_Scotland_79_2003,Mos99,2,4,7,15,6,9,1,5
22,CY088187_A_England_944_2003,Mos99,4,3,9,16,6,9,4,6
23,CY088251_A_England_525_2003,Mos99,5,3,9,15,5,9,4,5
24,CY088267_A_England_585_2003,Mos99,5,3,7,16,5,9,3,6
25,CY088275_A_England_487_2003,Mos99,4,3,8,16,5,9,4,6
26,CY088291_A_England_491_2003,Mos99,4,3,7,16,5,9,4,6
27,CY088323_A_England_508_2003,Mos99,3,5,7,17,5,10,3,6
28,CY088339_A_England_957_2003,Mos99,4,3,8,15,6,9,4,6
29,CY088379_A_England_532_2003,Mos99,4,3,7,15,5,10,4,6
30,CY090956_A_South_Carolina_NHRC0002_2003,Mos99,3,4,7,15,6,10,3,6
31,CY107095_A_England_470_2003,Mos99,4,3,9,15,5,9,4,5
32,CY107111_A_England_516_2003,Mos99,2,3,11,17,7,9,1,5
33,CY107151_A_England_493_2003,Mos99,5,3,8,17,6,9,4,5
34,CY107167_A_England_532_2003,Mos99,4,3,6,15,5,9,4,6
35,CY000024_A_New_York_30_2003,Mos99,6,4,8,15,5,10,4,5
36,CY000056_A_New_York_35_2003,Mos99,3,4,6,17,6,10,3,5
37,CY000104_A_New_York_54_2003,Mos99,3,3,6,14,6,9,3,5
38,CY000144_A_New_York_26_2003,Mos99,3,4,7,17,6,9,4,5
39,CY000272_A_New_York_53_2003,Mos99,3,4,9,17,6,9,3,6
40,CY000512_A_New_York_4_2003,Mos99,5,3,9,15,6,10,4,7
41,CY001095_A_New_York_24_2003,Mos99,4,4,8,17,6,10,3,6
42,CY001196_A_New_York_18_2003,Mos99,3,4,6,16,6,10,3,5
43,CY001300_A_New_York_37_2003,Mos99,3,3,6,15,6,9,3,5
44,CY088363_A_England_558_2003,Mos99,6,3,7,19,4,10,1,0
45,CY088387_A_England_522_2003,Mos99,4,3,9,15,5,10,4,5
46,CY088403_A_England_547_2003,Mos99,2,3,7,16,7,9,1,5
47,CY091468_A_California_NHRC0006_2003,Mos99,3,4,6,17,5,9,3,6
48,CY092216_A_Georgia_NHRC0001_2003,Mos99,3,3,8,15,6,10,3,5
49,KJ855448_A_Mexico_DIF2662_2003,Mos99,3,3,8,16,6,10,3,6
50,CY000040_A_New_York_33_2004,Mos99,3,3,6,15,6,9,3,5
51,CY000768_A_New_York_10_2004,Mos99,4,5,7,18,5,8,5,5
52,CY001036_A_New_York_6_2004,Mos99,4,4,7,14,5,8,4,5
53,CY009267_A_New_York_499_2004,Mos99,3,3,7,14,5,9,4,5
54,CY091124_A_Missouri_NHRC0002_2004,Mos99,4,3,9,18,5,10,3,6
55,CY038574_A_Hong_Kong_HKU2_2004,Mos99,4,3,8,15,5,11,3,5
56,CY039494_A_Hong_Kong_HKU1_2004,Mos99,4,2,1,17,4,11,1,2
57,CY038950_A_Hong_Kong_HKU4_2004,Mos99,3,4,4,21,3,10,2,4
58,CY038958_A_Hong_Kong_HKU6_2004,Mos99,3,3,1,17,4,11,2,0
59,CY039166_A_Hong_Kong_HKU5_2004,Mos99,3,3,6,16,5,8,4,7
60,CY038998_A_Hong_Kong_HKU15_2004,Mos99,2,3,1,17,4,12,1,0
61,CY038990_A_Hong_Kong_HKU14_2004,Mos99,2,3,1,17,4,12,2,1
62,CY038614_A_Hong_Kong_HKU19_2004,Mos99,5,4,6,19,2,11,2,0
63,CY038622_A_Hong_Kong_HKU20_2004,Mos99,4,4,5,19,3,12,2,0
64,CY039014_A_Hong_Kong_HKU21_2004,Mos99,4,4,5,19,2,13,4,0
65,CY038638_A_Hong_Kong_HKU29_2004,Mos99,4,4,5,19,2,12,3,2
66,CY038646_A_Hong_Kong_HKU31_2004,Mos99,4,4,6,20,3,12,2,1
67,CY039030_A_Hong_Kong_HKU25_2004,Mos99,4,4,5,21,3,12,2,0
68,CY039038_A_Hong_Kong_HKU30_2004,Mos99,4,4,5,21,2,12,2,0
69,CY039174_A_Hong_Kong_HKU24_2004,Mos99,2,4,2,16,4,11,3,1
70,CY043751_A_Hong_Kong_HKU28_2004,Mos99,4,4,5,19,2,12,3,2
71,CY038654_A_Hong_Kong_HKU34_2004,Mos99,4,4,5,21,3,12,2,1
72,CY039502_A_Hong_Kong_HKU32_2004,Mos99,4,8,5,20,4,13,3,0
73,CY006386_A_New_York_467_2004,Mos99,4,4,3,19,6,13,3,0
74,CY040321_A_Hong_Kong_HKU38_2004,Mos99,4,5,5,20,3,12,2,3
75,EPI367109_A_California_7_2004,Mos99,2,2,4,22,7,12,1,0
76,CY002719_A_New_York_319_2004,Fuj02,1,2,4,4,3,4,3,3
77,CY003671_A_New_York_471_2004,Fuj02,4,3,2,2,4,5,5,2
78,CY039054_A_Hong_Kong_HKU40_2004,Fuj02,1,2,2,4,1,4,1,3
79,CY002199_A_New_York_366_2004,Fuj02,0,2,3,3,3,7,3,2
80,CY002231_A_New_York_372_2004,Fuj02,0,2,4,3,3,7,3,3
81,CY002255_A_New_York_381_2004,Fuj02,0,1,1,3,3,7,4,4
82,CY002263_A_New_York_383_2004,Fuj02,1,1,2,3,5,4,2,4
83,CY002447_A_New_York_365_2004,Fuj02,2,3,2,4,3,4,4,1
84,CY002599_A_New_York_377_2004,Fuj02,1,1,1,4,3,7,6,4
85,CY002791_A_New_York_232_2004,Fuj02,0,1,1,3,3,7,3,4
86,CY003079_A_New_York_123_2004,Fuj02,1,2,1,4,3,7,3,4
87,CY019156_A_New_York_900_2004,Fuj02,0,2,4,3,3,7,3,3
88,CY019164_A_New_York_900_2004,Fuj02,0,2,4,3,3,7,3,3
89,CY019180_A_New_York_905_2004,Fuj02,0,1,1,3,3,7,3,4
90,CY019260_A_New_York_908_2004,Fuj02,0,1,1,3,3,7,3,4
91,CY112996_A_Netherlands_132_2004,Fuj02,0,3,2,5,3,5,2,4
92,CY002007_A_New_York_359_2005,Fuj02,0,1,3,2,3,5,2,4
93,CY019300_A_New_York_913_2005,Fuj02,0,1,3,3,3,7,3,4
94,CY019308_A_New_York_918_2005,Fuj02,0,1,1,3,3,7,3,4
95,CY019324_A_New_York_918_2005,Fuj02,0,1,1,3,3,7,3,4
96,CY020540_A_New_York_913_2005,Fuj02,0,1,3,3,3,7,3,4
97,CY038686_A_Hong_Kong_HKU42_2005,Fuj02,1,3,2,4,1,4,2,2
98,EPI502253_A_Wisconsin_67_2005,Fuj02,1,4,4,9,1,6,1,4
99,CY002015_A_New_York_361_2005,Fuj02,0,1,1,4,3,7,3,4
100,CY002463_A_New_York_373_2005,Fuj02,1,2,0,2,3,7,2,4
101,CY003647_A_New_York_463_2005,Fuj02,1,2,3,5,3,5,3,3
102,CY090996_A_South_Carolina_NHRC0001_2005,Fuj02,1,2,3,4,5,4,3,2
103,CY091140_A_Texas_NHRC0001_2005,Fuj02,0,3,2,5,3,6,4,1
104,CY091436_A_California_NHRC0002_2005,Fuj02,0,1,3,6,3,4,2,3
105,CY002079_A_New_York_396_2005,Fuj02,0,1,2,2,3,4,6,1
106,CY006091_A_New_York_465_2005,Fuj02,2,1,1,4,3,7,3,4
107,CY039062_A_Hong_Kong_HKU45_2005,Fuj02,1,0,0,2,3,6,2,2
108,CY039070_A_Hong_Kong_HKU47_2005,Fuj02,1,2,3,6,1,5,1,4
109,CY040329_A_Hong_Kong_HKU52_2005,Fuj02,1,1,3,6,1,5,1,4
110,CY091012_A_Illinois_NHRC0001_2005,Fuj02,1,1,3,4,4,6,3,4
111,CY038702_A_Hong_Kong_HKU62_2005,Fuj02,1,1,3,7,1,5,1,4
112,CY038710_A_Hong_Kong_HKU65_2005,Fuj02,0,3,3,5,1,6,1,4
113,CY038718_A_Hong_Kong_HKU67_2005,Fuj02,1,4,3,5,1,5,1,4
114,CY038734_A_Hong_Kong_HKU69_2005,Fuj02,0,1,4,5,1,5,1,4
115,CY038742_A_Hong_Kong_HKU70_2005,Fuj02,0,2,4,6,1,6,1,2
116,CY039214_A_Hong_Kong_HKU58_2005,Fuj02,1,2,4,5,1,5,1,4
117,CY039230_A_Hong_Kong_HKU61_2005,Fuj02,0,1,3,5,1,6,1,4
118,CY039238_A_Hong_Kong_HKU63_2005,Fuj02,0,2,4,6,1,5,2,3
119,CY040345_A_Hong_Kong_HKU75_2005,Fuj02,0,2,3,6,1,5,1,0
120,CY040353_A_Hong_Kong_HKU76_2005,Fuj02,0,3,3,6,1,6,2,2
121,CY040361_A_Hong_Kong_HKU77_2005,Fuj02,1,1,3,5,4,6,1,3
122,CY043767_A_Hong_Kong_HKU72_2005,Fuj02,0,1,3,6,1,6,1,4
123,CY044404_A_Hong_Kong_HKU73_2005,Fuj02,2,1,3,6,2,6,1,4
124,CY091316_A_Hong_Kong_NHRC0001_2005,Fuj02,0,1,3,6,1,5,1,3
125,CY038758_A_Hong_Kong_HKU79_2005,Fuj02,1,1,3,5,1,6,1,4
126,CY043775_A_Hong_Kong_HKU78_2005,Fuj02,1,1,3,6,1,7,1,4
127,KJ855424_A_Mexico_QUE2270_2005,Fuj02,0,2,4,8,1,8,2,2
128,CY100575_A_Mexico_InDRE2246_2005,Fuj02,0,2,3,5,1,6,1,3
129,KJ855472_A_Mexico_TLA2227_2005,Fuj02,0,3,6,8,1,6,1,2
130,CY172198_A_New_York_1001_2005,Cal04,4,1,10,2,6,2,4,1
131,CY091036_A_Illinois_NHRC0002_2005,Cal04,4,1,8,2,7,1,3,1
132,CY091532_A_California_NHRC0006_2005,Cal04,0,0,2,4,0,3,5,2
133,CY113004_A_Netherlands_548_2005,Cal04,2,1,9,2,5,3,4,1
134,CY172390_A_New_York_1028_2006,Cal04,2,1,1,4,1,6,3,0
135,CY019866_A_New_York_938_2006,Cal04,0,2,8,4,5,4,3,1
136,CY020372_A_New_York_938_2006,Cal04,0,2,8,4,5,4,3,1
137,CY114404_A_Netherlands_363_2006,Wis05,4,1,0,6,5,5,6,4
138,CY039406_A_Taiwan_70002_2007,Wis05,0,1,0,2,1,5,0,2
139,CY039414_A_Taiwan_70113_2007,Wis05,2,1,1,2,2,4,0,0
140,CY025428_A_California_UR06_0347_2007,Wis05,3,1,1,2,6,6,0,1
141,CY027570_A_Texas_UR06_0358_2007,Wis05,3,1,0,1,5,8,0,1
142,CY040057_A_Taiwan_70307_2007,Wis05,1,1,1,1,1,5,0,1
143,CY114412_A_Netherlands_69_2007,Wis05,4,1,1,2,5,8,0,2
144,EPI577980_A_Brisbane_10_2007,Wis05,3,0,0,2,5,7,0,1
145,CY040073_A_Taiwan_2361_2007,Wis05,4,1,0,2,7,7,1,2
146,CY114420_A_Netherlands_348_2007,Wis05,3,1,0,0,5,7,0,1
147,CY037310_A_Qatar_AF02_2008,Wis05,4,1,3,3,5,9,1,3
148,CY040105_A_Taiwan_70120_2008,Wis05,5,0,0,1,5,6,0,1
149,CY037326_A_Korea_AF05_2008,Wis05,3,0,0,5,5,8,1,1
150,CY044603_A_Boston_40_2008,Wis05,3,1,1,5,5,8,0,1
151,CY173286_A_New_York_1155_2008,Wis05,5,1,0,3,5,8,1,3
152,CY044827_A_Boston_88_2008,Wis05,4,1,0,3,5,8,1,1
153,CY113020_A_Netherlands_377_2008,Wis05,5,2,1,5,6,7,1,4
154,CY147666_A_Mexico_24013_2008,Bris07,2,1,1,3,1,2,0,0
155,CY093316_A_Kyrgyzstan_WRAIR1256P_2008,Bris07,3,2,1,2,1,1,3,0
156,CY089756_A_Boston_75_2009,Bris07,3,3,1,0,1,4,1,2
157,CY093237_A_South_Korea_WRAIR1171P_2009,Bris07,2,2,1,3,2,3,2,0
158,CY093348_A_Kuwait_WRAIR1561P_2009,Bris07,1,2,3,0,0,2,1,0
159,CY113028_A_Netherlands_69_2009,Bris07,3,2,0,1,1,5,1,2
160,CY069426_A_Japan_WRAIR1140P_2009,Bris07,1,3,1,1,0,1,1,1
161,CY089740_A_Boston_40_2009,Bris07,2,4,3,0,0,4,1,0
162,CY050611_A_New_York_3018_2009,Bris07,1,1,2,6,1,1,2,3
163,CY050731_A_New_York_3143_2009,Bris07,1,1,1,5,1,2,1,4
164,CY064830_A_California_VRDL138_2009,Bris07,5,2,1,2,1,5,3,3
165,CY068104_A_California_VRDL368_2009,Bris07,2,2,0,0,1,2,2,0
166,CY068208_A_California_VRDL170_2009,Bris07,3,3,0,0,1,4,3,1
167,CY068232_A_California_VRDL188_2009,Bris07,1,3,2,0,1,5,1,0
168,CY068296_A_California_VRDL247_2009,Bris07,2,3,1,0,0,4,1,1
169,CY068360_A_California_VRDL263_2009,Bris07,1,1,1,6,1,2,1,2
170,CY068416_A_California_VRDL277_2009,Bris07,3,1,1,5,1,1,1,2
171,CY068640_A_California_VRDL394_2009,Bris07,1,2,2,0,0,5,1,0
172,CY068781_A_California_VRDL205_2009,Bris07,1,2,1,1,0,5,1,0
173,CY069322_A_Korea_WRAIR1038P_2009,Bris07,1,2,2,6,1,2,1,2
174,EPI577969_A_Perth_16_2009,Bris07,2,1,3,6,1,1,1,3
175,CY050795_A_New_York_3491_2009,Bris07,1,1,2,5,1,1,1,3
176,CY050827_A_New_York_3738_2009,Bris07,1,1,1,6,2,1,1,3
177,CY067976_A_California_VRDL339_2009,Bris07,3,1,1,6,1,2,1,2
178,CY068336_A_California_VRDL260_2009,Bris07,1,1,1,6,1,2,1,2
179,CY068480_A_California_VRDL309_2009,Bris07,3,2,0,0,1,4,1,3
180,CY077432_A_California_VRDL356_2009,Bris07,2,3,1,5,2,1,2,3
181,CY084416_A_New_York_3918_2009,Bris07,1,3,3,7,1,1,1,3
182,CY113044_A_Netherlands_761_2009,Bris07,3,3,0,2,0,5,2,1
183,CY106599_A_Hong_Kong_H090_671_V10_2009,Bris07,3,4,1,3,0,4,1,5
184,CY106647_A_Hong_Kong_H090_689_V22_2009,Bris07,2,1,2,5,1,2,1,2
185,CY106655_A_Hong_Kong_H090_692_V10_2009,Bris07,1,1,1,5,1,3,1,2
186,CY106703_A_Hong_Kong_H090_714_V10_2009,Bris07,1,1,2,6,1,2,1,2
187,CY106735_A_Hong_Kong_H090_720_V31_2009,Bris07,3,4,1,3,0,4,1,5
188,CY106743_A_Hong_Kong_H090_724_V10_2009,Bris07,1,2,1,7,2,1,3,2
189,CY106751_A_Hong_Kong_H090_724_V20_2009,Bris07,1,2,1,7,2,1,3,2
190,CY106791_A_Hong_Kong_H090_733_V10_2009,Bris07,3,3,2,6,1,3,2,3
191,CY106847_A_Hong_Kong_H090_739_V22_2009,Bris07,2,1,1,9,2,4,1,3
192,CY106863_A_Hong_Kong_H090_739_V33_2009,Bris07,2,1,1,9,2,4,1,3
193,CY106871_A_Hong_Kong_H090_741_V10_2009,Bris07,1,1,1,7,1,2,1,2
194,CY106879_A_Hong_Kong_H090_747_V10_2009,Bris07,1,1,1,8,2,2,1,2
195,CY115527_A_Hong_Kong_H090_689_V20_2009,Bris07,1,1,2,5,1,2,1,2
196,CY115647_A_Hong_Kong_H090_726_V10_2009,Bris07,1,1,1,5,3,2,1,2
197,CY115687_A_Hong_Kong_H090_734_V32_2009,Bris07,1,1,2,5,1,2,1,2
198,CY115727_A_Hong_Kong_H090_739_V23_2009,Bris07,2,1,1,9,2,4,1,3
199,CY115735_A_Hong_Kong_H090_739_V33_2009,Bris07,2,1,1,9,2,4,1,3
200,KY049985_A_Qinghai_178_2010,Bris07,4,5,5,8,1,8,1,3
201,CY072221_A_New_York_20343_2010,Bris07,3,5,2,9,0,4,2,4
202,HQ664917_A_Nanjing_1655_2010,Bris07,6,4,4,12,2,7,1,3
203,HQ664922_A_Nanjing_1654_2010,Bris07,6,8,3,8,3,11,3,4
204,HQ664929_A_Nanjing_1663_2010,Bris07,6,8,5,12,1,6,5,3
205,CY093221_A_District_of_Columbia_WRAIR0300_2010,Prth09,2,5,4,10,4,5,0,4
206,MK729833_A_New_York_WC_LVD_10_001_2010,Prth09,1,4,4,8,2,3,0,5
207,CY093540_A_Mexico_City_WRAIR3579T_2010,Prth09,6,3,2,10,2,4,0,3
208,CY114516_A_Netherlands_034_2010,Prth09,3,4,4,13,1,8,2,4
209,KC882441_A_Iowa_19_2010,Prth09,6,2,2,10,1,4,0,3
210,KC882476_A_Texas_24_2010,Prth09,8,2,2,10,1,5,0,6
211,KT888262_A_Mexico_City_1514A00904139N_CP2_2010,Prth09,6,2,2,10,1,3,0,4
212,MK729873_A_New_York_WC_LVD_10_006_2010,Prth09,1,0,1,4,4,2,1,2
213,CY091580_A_Illinois_NHRC0002_2011,Prth09,7,2,4,10,1,3,0,3
214,CY091588_A_California_NHRC0001_2011,Prth09,6,3,2,11,1,4,0,3
215,CY092272_A_California_NHRC0003_2011,Prth09,6,2,2,11,1,3,0,3
216,CY092288_A_California_NHRC0002_2011,Prth09,6,2,2,10,1,3,0,3
217,CY111165_A_Boston_DOA05_2011,Prth09,7,2,2,9,1,4,1,4
218,CY114428_A_Netherlands_063_2011,Prth09,2,4,5,2,2,7,1,4
219,CY167515_A_Tennessee_F2018A_2011,Prth09,6,4,3,11,1,3,1,3
220,KC882565_A_New_Jersey_01_2011,Prth09,1,4,4,10,1,5,1,5
221,CY111309_A_Boston_DOA48_2011,Prth09,2,4,6,11,1,4,1,5
222,CY111317_A_Boston_DOA51_2011,Prth09,1,4,5,11,1,6,1,5
223,CY134520_A_Boston_DOA38_2011,Prth09,7,3,4,10,1,4,0,4
224,CY134568_A_Boston_DOA47_2011,Prth09,6,2,3,10,1,4,0,3
225,CY167571_A_Tennessee_F2031A_2011,Prth09,7,2,3,10,2,4,2,3
226,KC882641_A_Texas_06_2011,Prth09,6,2,2,11,1,7,2,3
227,KR137644_A_Bethesda_NIH12_2011,Prth09,3,6,4,10,5,7,1,6
228,CY111421_A_Boston_DOA78_2011,Prth09,8,2,2,9,1,5,1,4
229,EPI417234_A_Victoria_361_2011,Prth09,2,3,5,11,2,8,0,5
230,KT888275_A_Hong_Kong_1514A01704826T_2011,Prth09,2,3,4,14,1,7,0,5
231,KT888268_A_Amman_1514A01004465T_2011,Prth09,3,3,3,13,1,8,2,4
232,KT888283_A_Budapest_1514A07804502N_2011,Prth09,3,4,4,10,1,7,0,5
233,KT889087_A_Japan_22_2011,Prth09,6,2,6,13,2,6,2,6
234,KT888257_A_Moscow_1514A00504942N_2012,Prth09,3,4,3,10,5,9,0,6
235,KT888258_A_Moscow_1514A00504950T_2012,Prth09,3,3,3,12,1,6,0,4
236,KT888267_A_Amman_1514A01004462T_2012,Prth09,3,4,3,13,1,8,2,4
237,KT888281_A_Sarajevo_1514A06604486N_2012,Prth09,6,2,4,12,2,6,0,3
238,KT888944_A_Yokosuka_SE680_2012,Prth09,2,3,5,10,1,5,0,5
239,KT889082_A_Japan_17_2012,Prth09,2,3,3,10,1,5,0,5
240,KT889083_A_Korea_18_2012,Prth09,3,3,6,13,2,8,1,7
241,KT889099_A_Korea_37_2012,Prth09,2,3,4,14,1,6,0,6
242,KT889102_A_Kyrgyzstan_40_2012,Prth09,2,3,4,14,1,6,0,5
243,KT889103_A_Kyrgyzstan_41_2012,Prth09,2,4,4,14,1,6,0,5
244,KT889104_A_Japan_42_2012,Prth09,2,6,4,10,1,5,0,5
245,KT889107_A_Korea_45_2012,Prth09,2,3,3,11,1,6,1,6
246,KT889108_A_Korea_47_2012,Prth09,3,3,5,13,2,8,1,5
247,KT888945_A_Yokosuka_SE863_2012,Prth09,2,5,3,11,1,8,0,4
248,KT889105_A_Japan_43_2012,Prth09,2,3,4,10,1,5,0,5
249,KC892843_A_Nevada_12_2012,Prth09,6,3,3,13,2,5,1,4
250,KT888260_A_Moscow_1514A00505153N_2012,Prth09,7,4,3,13,3,8,1,7
251,KT889091_A_Japan_26_2012,Prth09,3,5,3,13,4,7,1,6
252,EPI556813_A_Texas_50_2012,Prth09,2,3,4,14,1,7,0,7
253,KT888259_A_Moscow_1514A00505149T_2012,Prth09,7,4,3,13,3,8,1,7
254,KT888261_A_Moscow_1514A00505162N_2012,Prth09,7,4,3,13,3,8,1,7
255,KT888279_A_Prague_1514A06404885N_2012,Prth09,2,3,4,13,1,6,0,6
256,MK640845_A_China_38887_2012,Prth09,3,3,7,14,2,10,0,5
257,MK640846_A_China_38888_2012,Prth09,3,4,5,14,1,7,0,5
258,MK640847_A_China_39207_2012,Prth09,3,4,4,15,1,9,0,6
259,MK730233_A_New_York_WC_LVD_12_051_2012,Vic11,0,2,0,4,1,0,1,1
260,CY134779_A_Texas_JMM_8_2012,Vic11,10,4,1,13,1,4,1,4
261,CY135131_A_Texas_JMM_54_2012,Vic11,0,1,0,2,0,1,0,1
262,CY148427_A_Boston_DOA2_112_2012,Vic11,3,0,0,3,1,1,1,0
263,CY148547_A_Boston_DOA2_128_2012,Vic11,4,0,1,4,1,2,0,0
264,CY167934_A_Boston_YGA_00008_2012,Vic11,0,1,0,5,1,2,0,1
265,CY168846_A_Boston_YGA_01045_2012,Vic11,12,4,1,10,1,4,1,4
266,CY168878_A_Boston_YGA_01049_2012,Vic11,0,1,0,3,0,1,0,1
267,CY170126_A_Boston_YGA_02003_2012,Vic11,1,3,1,4,1,2,0,1
268,CY171246_A_Chicago_YGA_04053_2012,Vic11,0,1,0,2,1,1,0,1
269,CY171270_A_Chicago_YGA_04056_2012,Vic11,0,0,2,3,1,2,0,1
270,CY171342_A_Chicago_YGA_04090_2012,Vic11,0,1,1,3,1,1,1,1
271,CY171406_A_Chicago_YGA_04102_2012,Vic11,2,1,0,2,1,1,0,1
272,CY182800_A_Houston_JMM_74_2012,Vic11,1,1,0,2,1,2,0,1
273,CY182848_A_Houston_JMM_80_2012,Vic11,0,1,0,2,1,1,0,1
274,CY182880_A_Houston_JMM_85_2012,Vic11,0,1,0,2,1,0,0,1
275,CY182960_A_Houston_JMM_96_2012,Vic11,0,1,1,2,0,2,1,1
276,MK640848_A_China_41303_2012,Vic11,1,1,1,4,1,2,1,3
277,MK640849_A_China_41304_2012,Vic11,0,1,1,4,1,1,1,1
278,MK730273_A_New_York_WC_LVD_12_057_2012,Vic11,1,1,1,4,0,0,0,3
279,MK730497_A_New_York_WC_LVD_12_086_2012,Vic11,0,1,1,6,0,1,0,2
280,MK970023_A_Maryland_22_1_2012,Vic11,0,1,1,6,1,2,0,1
281,CY148707_A_Boston_DOA2_149_2013,Vic11,2,1,1,4,0,1,0,3
282,CY148787_A_Boston_DOA2_161_2013,Vic11,2,2,0,3,1,2,0,2
283,CY148923_A_Boston_DOA2_180_2013,Vic11,0,3,1,4,0,2,1,2
284,CY149131_A_Boston_DOA2_218_2013,Vic11,0,1,0,5,1,2,0,1
285,CY149323_A_Boston_DOA2_245_2013,Vic11,0,4,1,4,0,2,1,2
286,CY168094_A_Boston_YGA_00035_2013,Vic11,1,2,0,4,0,1,1,2
287,CY168238_A_Boston_YGA_00054_2013,Vic11,1,1,1,5,0,1,0,4
288,CY169366_A_Boston_YGA_01115_2013,Vic11,1,2,1,5,1,1,0,1
289,CY169798_A_Boston_YGA_01173_2013,Vic11,0,1,0,5,1,2,0,1
290,CY169878_A_Boston_YGA_01186_2013,Vic11,1,1,2,3,1,2,0,1
291,CY170350_A_Boston_YGA_02039_2013,Vic11,0,0,1,3,1,1,1,2
292,CY170574_A_Santa_Clara_YGA_03016_2013,Vic11,0,1,0,3,1,2,0,1
293,CY170998_A_Santa_Clara_YGA_03074_2013,Vic11,0,2,1,2,1,2,0,1
294,CY171638_A_Chicago_YGA_04135_2013,Vic11,1,1,1,3,1,1,0,1
295,CY171734_A_Chicago_YGA_04198_2013,Vic11,11,5,1,10,1,4,2,6
296,CY183136_A_Houston_JMM_120_2013,Vic11,1,0,1,5,1,1,0,2
297,KT888272_A_Kabul_1514A01305430N_2013,Vic11,0,0,1,3,1,0,0,1
298,MK640850_A_China_41678_2013,Vic11,0,1,0,4,0,1,0,1
299,MK640851_A_China_41691_2013,Vic11,0,0,0,3,1,1,1,1
300,MK818117_A_Maryland_63_5D_2013,Vic11,0,2,0,5,1,2,0,1
301,KT888280_A_Pristina_1514A06505401N_2013,Vic11,1,3,1,4,1,1,0,1
302,KT888284_A_Budapest_1514A07805419T_2013,Vic11,0,0,1,3,0,1,0,1
303,KT888285_A_Budapest_1514A07805832T_2013,Vic11,0,0,1,3,0,1,0,1
304,MK817973_A_Maryland_178_5D_2013,Vic11,0,2,0,5,1,2,1,2
305,MK969839_A_Maryland_127_17D_2013,Vic11,1,3,1,4,0,2,1,2
306,KF034876_A_Suzhou_1275_2013,Vic11,0,1,3,4,1,2,0,1
307,MK640852_A_China_44381_2013,Vic11,1,2,0,5,1,0,0,1
308,KT888276_A_Taipei_1514A02605215N_2013,Vic11,0,0,1,3,1,1,1,1
309,KT888277_A_Taipei_1514A02605215T_2013,Vic11,0,1,1,3,1,1,1,1
310,EPI614441_A_Switzerland_9715293_2013,Vic11,0,0,7,8,0,0,0,2
311,MK640853_A_China_51045_2013,Vic11,2,2,0,6,1,1,0,2
312,LC032990_A_Hokkaido_13H009_2014,Vic11,0,2,1,7,0,6,0,2
313,LC033126_A_Niigata_13F024_2014,Vic11,0,1,6,8,0,0,0,3
314,LC033326_A_Nagasaki_13N046_2014,Vic11,2,0,2,5,1,1,0,2
315,LC033310_A_Nagasaki_13N007_2014,Vic11,0,3,0,5,1,0,1,1
316,LC033302_A_Nagasaki_13N004_2014,Vic11,1,2,2,5,1,2,0,1
317,MK640854_A_China_51323_2014,Vic11,1,2,1,5,1,0,0,3
318,MK640855_A_China_51340_2014,Vic11,1,3,0,5,0,0,0,2
319,LC032870_A_Kyoto_13K025_2014,Vic11,0,1,2,6,0,4,1,3
320,LC032886_A_Kyoto_13K054_2014,Vic11,0,2,2,5,1,2,0,2
321,LC033134_A_Niigata_13F335_2014,Vic11,2,1,3,4,1,1,1,3
322,MK640856_A_China_55254_2014,Vic11,0,1,5,8,0,3,1,3
323,MK640857_A_China_55312_2014,Vic11,0,0,6,9,0,1,0,2
324,KR057629_A_Hawaii_39_2014,Vic11,1,3,2,8,0,6,1,2
325,KR057691_A_California_18_2014,Vic11,1,3,2,12,1,1,0,2
326,KT837113_A_California_19_2014,Vic11,0,0,3,10,0,1,0,2
327,KT837844_A_Colorado_15_2014,Vic11,2,0,2,9,0,1,0,3
328,KT837873_A_Mississippi_05_2014,Vic11,3,0,4,10,1,2,0,1
329,KT838103_A_Maryland_28_2014,Vic11,4,0,2,9,0,2,0,4
330,KT838296_A_Minnesota_28_2014,Vic11,2,0,2,9,1,4,0,2
331,KT838328_A_Louisiana_11_2014,Vic11,3,1,2,11,1,3,0,2
332,KY681484_A_Saudi_Arabia_07_2014,Vic11,0,1,5,8,0,3,1,2
333,CY207882_A_New_York_WC_LVD_14_097_2014,Vic11,2,0,3,9,1,2,0,1
334,KT838891_A_Georgia_04_2014,Vic11,2,0,2,10,1,1,0,2
335,KT838993_A_Missouri_11_2014,Vic11,2,1,1,13,2,3,0,5
336,KT839062_A_Texas_62_2014,Vic11,2,0,2,11,0,1,1,1
337,KT839395_A_Pennsylvania_49_2014,Vic11,1,0,2,11,0,2,1,3
338,MK640859_A_China_59100_2014,Vic11,0,1,6,9,1,1,0,2
339,CY207362_A_New_York_WC_LVD_14_073_2014,Vic11,2,0,2,10,1,3,0,1
340,CY207634_A_New_York_WC_LVD_14_094_2014,Vic11,1,0,6,9,1,4,0,4
341,KT839657_A_Alabama_10_2014,Vic11,2,1,4,10,1,2,2,1
342,KT840076_A_Tennessee_15_2014,Vic11,2,0,2,10,0,2,0,1
343,KT840285_A_Virginia_37_2014,Vic11,3,1,2,9,1,2,0,1
344,KT840798_A_Massachusetts_23_2014,Vic11,2,0,2,9,1,3,0,1
345,KT840865_A_Washington_60_2014,Vic11,2,3,1,12,1,7,1,2
346,KT841078_A_California_43_2014,Vic11,2,0,2,9,1,3,1,2
347,KY487521_A_Columbia_P0079_2014,Vic11,2,0,2,11,1,2,0,2
348,KY615536_A_Columbia_P0112_2014,Vic11,4,0,3,9,1,1,0,2
349,MK640865_A_China_60938_2014,Vic11,2,3,7,11,0,3,1,2
350,MK640867_A_China_J7525_2014,Vic11,1,0,5,10,0,1,0,2
351,MK640868_A_China_J7506_2014,Vic11,1,0,7,11,0,3,1,3
352,MK640871_A_China_60701_2014,Vic11,1,0,6,9,0,2,0,2
353,MK640877_A_China_61248_2014,Vic11,1,1,5,8,0,0,0,2
354,MK640878_A_China_61391_2014,Vic11,2,1,2,10,0,2,1,1
355,MK640879_A_China_61007_2014,Vic11,1,1,5,13,0,2,1,4
356,MK640881_A_China_60736_2014,Vic11,0,0,8,9,0,2,1,2
357,MK640882_A_China_60786_2014,Vic11,0,0,8,9,1,4,1,2
358,MK640885_A_China_61309_2014,Vic11,1,0,5,8,1,1,1,2
359,MK640887_A_China_61520_2014,Vic11,0,2,5,10,1,2,2,2
360,MK640892_A_China_61481_2014,Vic11,2,2,4,11,0,1,0,3
361,KT835748_A_Maryland_02_2015,Vic11,2,0,3,11,0,1,0,1
362,KT835964_A_California_20_2015,Vic11,2,1,2,11,1,3,2,4
363,KT836015_A_North_Carolina_25_2015,Vic11,4,0,2,9,1,1,0,1
364,KT836198_A_North_Carolina_03_2015,Vic11,2,0,2,10,0,2,0,2
365,KT836316_A_West_Virginia_07_2015,Vic11,2,0,2,10,0,1,0,2
366,KT836426_A_Iowa_12_2015,Vic11,2,1,4,10,1,2,1,1
367,KT841228_A_North_Carolina_06_2015,Vic11,2,1,1,11,1,4,0,2
368,KT841571_A_Rhode_Island_05_2015,Vic11,2,0,2,9,1,4,0,1
369,KT841585_A_South_Dakota_01_2015,Vic11,2,0,2,9,0,2,0,2
370,KT841691_A_Kentucky_01_2015,Vic11,2,0,2,11,0,1,0,3
371,KT841712_A_Wisconsin_02_2015,Vic11,2,0,3,9,1,3,0,2
372,MK640894_A_China_62885_2015,Vic11,0,0,5,11,0,1,0,2
373,MK640895_A_China_62889_2015,Vic11,0,1,6,11,1,2,0,2
374,MK640896_A_China_62895_2015,Vic11,1,2,8,10,0,2,1,3
375,KT842043_A_Indiana_13_2015,Vic11,2,1,4,11,1,1,0,5
376,KT842079_A_Pennsylvania_05_2015,Vic11,4,0,3,9,1,3,1,2
377,KT842218_A_Delaware_18_2015,Vic11,2,0,2,9,1,2,0,3
378,MK640897_A_China_63513_2015,Vic11,0,1,6,10,1,5,0,4
379,KT842837_A_South_Dakota_35_2015,Vic11,2,1,2,9,1,5,0,3
380,KT842864_A_North_Dakota_06_2015,Vic11,2,0,2,11,0,2,0,1
381,KT844048_A_Washington_36_2015,Vic11,3,0,2,14,1,2,1,1
382,KT843646_A_Alaska_26_2015,Vic11,2,0,3,10,1,3,0,2
383,KT844075_A_Alaska_69_2015,Vic11,2,1,2,9,0,3,0,1
384,KT843589_A_Iowa_34_2015,Vic11,2,1,2,9,0,3,0,1
385,KT844012_A_Iowa_28_2015,Vic11,2,1,2,9,1,3,0,1
386,MK640899_A_China_66886_2015,Vic11,3,0,3,11,0,5,1,1
387,KT843896_A_Ohio_26_2015,Vic11,2,1,2,10,1,3,0,2
388,MK640901_A_China_67013_2015,Vic11,2,0,3,10,1,4,0,1
389,KU589864_A_New_Hampshire_40_2015,Vic11,3,0,3,12,1,1,1,3
390,KU590701_A_Ohio_28_2015,Vic11,4,2,2,10,1,3,0,1
391,KY116931_A_Alaska_232_2015,Vic11,3,0,2,12,1,5,0,3
392,KY509828_A_Seoul_1595_2015,Vic11,8,2,3,10,0,5,0,8
393,KY681500_A_Saudi_Arabia_28_2015,Vic11,2,0,2,9,1,4,0,2
394,EPI686117_A_Hong_Kong_15611_2015,Swtz13,3,0,7,16,2,7,0,3
395,KU591160_A_Hawaii_68_2015,Swtz13,2,0,9,16,1,6,1,2
396,KU592163_A_Hawaii_74_2015,Swtz13,3,0,7,15,1,6,0,2
397,KU592184_A_South_Dakota_39_2015,Swtz13,3,0,7,15,1,6,0,2
398,KX412042_A_Iowa_45_2015,Swtz13,3,1,8,18,1,4,2,2
399,KY615571_A_Taipei_0011_2015,Swtz13,5,0,7,16,2,4,0,3
400,MK640903_A_China_70219_2015,Swtz13,3,0,7,16,2,7,0,1
401,KX414582_A_Washington_26_2016,Swtz13,2,1,8,15,1,6,0,2
402,KX916993_A_California_12_2016,Swtz13,5,1,8,15,1,8,1,2
403,KY487603_A_Taipei_0020_2016,Swtz13,4,0,7,18,2,9,0,6
404,KY487612_A_Linkou_0081_2016,Swtz13,4,2,8,14,2,8,0,1
405,KY509826_A_Chungbuk_107_2016,Swtz13,5,1,0,2,3,9,3,2
406,KY615384_A_Keelung_0026_2016,Swtz13,2,2,7,15,1,8,0,2
407,MK640906_A_China_71516_2016,Swtz13,3,0,7,16,2,8,0,3
408,KX416429_A_Hawaii_28_2016,Swtz13,3,0,8,16,1,7,1,1
409,KY509827_A_Gyeonggi_458_2016,Swtz13,7,1,2,15,2,13,1,7
410,KX413283_A_Georgia_40_2016,Swtz13,1,0,6,2,2,9,1,4
411,KX416117_A_Washington_47_2016,Swtz13,2,1,7,16,2,7,0,3
412,KX416829_A_Washington_55_2016,Swtz13,2,2,6,4,2,7,1,3
413,KX417005_A_Texas_136_2016,Swtz13,1,1,6,5,1,8,2,2
414,KX918281_A_Kentucky_26_2016,Swtz13,1,1,7,3,2,9,1,5
415,CY264049_A_Arizona_67_2016,Swtz13,3,1,7,19,2,7,0,3
416,CY208845_A_Texas_182_2016,Swtz13,2,0,10,19,1,6,0,2
417,KY115915_A_Nebraska_24_2016,Swtz13,2,0,8,20,1,6,0,2
418,MG984174_A_Shanghai_1_2016,Swtz13,3,2,9,18,2,8,2,4
419,CY211583_A_California_129_2016,HK15,0,0,3,3,1,2,0,0
420,CY213847_A_Minnesota_76_2016,HK15,1,0,1,10,1,3,0,3
421,CY210604_A_Idaho_41_2016,HK15,0,0,1,3,0,1,0,0
422,KY949700_A_Keelung_0082_2016,HK15,0,0,0,1,0,2,0,0
423,CY212887_A_California_184_2016,HK15,0,1,0,3,0,2,0,0
424,CY214479_A_Maryland_31_2016,HK15,1,1,0,0,0,2,0,1
425,CY214879_A_California_214_2016,HK15,0,2,1,2,1,1,1,0
426,KY950051_A_Linkou_0186_2016,HK15,4,1,0,3,1,3,0,3
427,MN304051_A_Basel_USB003343_1_2016,HK15,0,2,0,3,0,2,0,0
428,MN304056_A_Basel_USB003348_1_2016,HK15,0,0,0,1,0,3,0,2
429,MN304664_A_Basel_USB001538_1_2016,HK15,1,1,2,3,0,3,0,2
430,MN304668_A_Basel_USB002128_1_2016,HK15,2,1,2,3,0,1,0,1
431,MN304672_A_Basel_USB002199_1_2016,HK15,1,1,2,3,1,3,0,1
432,MN304679_A_Basel_USB002138_1_2016,HK15,0,0,0,1,1,3,0,2
433,MN304682_A_Basel_USB001546_1_2016,HK15,0,2,0,3,0,1,0,0
434,MN304690_A_Basel_USB002178_1_2016,HK15,0,3,0,3,0,2,0,0
435,MN304704_A_Basel_USB001552_1_2016,HK15,0,2,2,2,0,5,1,0
436,MN304711_A_Basel_USB001562_1_2016,HK15,0,3,0,3,0,2,0,0
437,CY212895_A_California_187_2016,HK15,5,1,7,20,2,12,1,7
438,CY212631_A_Nevada_55_2016,HK15,0,0,2,8,0,1,1,1
439,CY214207_A_Hawaii_103_2016,HK15,2,0,1,10,1,3,0,3
440,KY949675_A_Linkou_0175_2016,HK15,4,0,1,8,3,7,0,5
441,KY949682_A_Linkou_0191_2016,HK15,4,0,1,8,3,7,0,4
442,KY949699_A_Linkou_0187_2016,HK15,0,0,1,7,0,1,1,0
443,KY949766_A_Taipei_0088_2016,HK15,0,0,0,2,0,3,0,0
444,KY949786_A_Keelung_0097_2016,HK15,1,1,0,1,0,2,0,0
445,KY949826_A_Taipei_0092_2016,HK15,0,2,1,2,0,2,0,0
446,KY949862_A_Keelung_0089_2016,HK15,1,2,2,6,2,4,0,4
447,KY949934_A_Keelung_0099_2016,HK15,0,1,0,1,0,2,0,0
448,KY949967_A_Linkou_0169_2016,HK15,1,0,0,1,0,2,0,1
449,KY950096_A_Linkou_0181_2016,HK15,3,1,1,7,3,7,0,4
450,KY950133_A_Keelung_0095_2016,HK15,0,1,0,1,0,2,0,0
451,KY950211_A_Linkou_0185_2016,HK15,3,1,0,9,2,7,0,4
452,MF736980_A_Vologda_CRIE_172_2016,HK15,4,2,0,6,2,4,0,4
453,MG856322_A_Karachay_Cherkess_CRIE_296_2016,HK15,3,0,0,8,3,8,0,4
454,MG984518_A_Shanghai_7_2016,HK15,0,2,1,8,0,3,1,1
455,MK640910_A_China_80241_2016,HK15,0,2,2,6,2,3,0,2
456,MN304604_A_Basel_USB002047_1_2016,HK15,0,2,0,1,0,2,0,0
457,MN304638_A_Basel_USB002088_1_2016,HK15,0,0,1,7,0,2,1,0
458,MN304643_A_Basel_USB002097_1_2016,HK15,5,1,0,6,3,6,0,5
459,MN304651_A_Basel_USB002098_1_2016,HK15,0,0,1,8,0,2,1,0
460,MN304652_A_Basel_USB001532_1_2016,HK15,5,1,0,6,3,7,0,4
461,MN304663_A_Basel_USB001539_1_2016,HK15,2,1,1,7,0,2,1,0
462,MN304667_A_Basel_USB001537_1_2016,HK15,0,0,1,7,0,2,1,0
463,MN304687_A_Basel_USB002180_1_2016,HK15,5,1,0,6,3,6,0,4
464,CY214567_A_West_Virginia_01_2017,HK15,2,0,1,1,0,3,2,0
465,CY218123_A_Wisconsin_08_2017,HK15,1,0,1,5,0,2,0,1
466,CY220132_A_Texas_32_2017,HK15,0,0,1,7,1,3,2,0
467,CY220180_A_New_Jersey_07_2017,HK15,0,1,1,2,0,2,1,1
468,CY223691_A_Maryland_10_2017,HK15,0,0,0,3,0,3,1,1
469,CY224883_A_Arizona_06_2017,HK15,0,2,0,4,1,3,0,0
470,CY242099_A_Florida_29_2017,HK15,1,1,2,8,0,1,2,0
471,MF783012_A_Rochester_U029_2017,HK15,2,2,0,6,2,3,1,3
472,MG984182_A_Shanghai_10_2017,HK15,0,1,1,1,0,3,1,1
473,MG984190_A_Shanghai_11_2017,HK15,0,1,1,7,0,3,2,0
474,MG984198_A_Shanghai_12_2017,HK15,0,1,1,7,0,3,1,0
475,MG984222_A_Shanghai_15_2017,HK15,0,2,2,8,0,4,1,1
476,MG984230_A_Shanghai_16_2017,HK15,0,1,1,9,0,6,0,1
477,MG984238_A_Shanghai_17_2017,HK15,0,1,2,8,0,5,0,2
478,MG984246_A_Shanghai_18_2017,HK15,0,0,1,8,1,3,0,2
479,MG984254_A_Shanghai_19_2017,HK15,0,0,1,7,1,4,1,1
480,MH637557_A_Keelung_0113_2017,HK15,0,0,0,1,1,3,0,0
481,MH637752_A_Linkou_0206_2017,HK15,2,4,0,4,0,2,1,1
482,MK640913_A_China_81105_2017,HK15,0,0,2,7,0,2,1,0
483,MK640914_A_China_81129_2017,HK15,1,1,2,8,0,3,1,0
484,MN304081_A_Basel_USB003378_1_2017,HK15,0,0,0,1,1,3,0,2
485,MN304158_A_Basel_USB001568_1_2017,HK15,5,1,0,6,3,7,0,4
486,MN304160_A_Basel_USB002230_1_2017,HK15,0,2,1,1,0,2,0,0
487,MN304174_A_Basel_USB001581_1_2017,HK15,0,0,1,7,1,1,1,1
488,MN304184_A_Basel_USB001592_1_2017,HK15,4,1,0,6,3,6,0,4
489,MN304199_A_Basel_USB001639_1_2017,HK15,1,1,0,0,0,1,0,1
490,MN304202_A_Basel_USB002304_1_2017,HK15,4,2,0,6,3,7,0,4
491,MN304206_A_Basel_USB001584_1_2017,HK15,0,2,0,3,0,2,0,0
492,MN304230_A_Basel_USB002323_1_2017,HK15,1,1,1,5,2,3,0,0
493,MN304260_A_Basel_USB002443_1_2017,HK15,1,0,2,7,1,1,1,1
494,MN304284_A_Basel_USB002561_1_2017,HK15,5,1,0,6,3,6,0,4
495,MN304303_A_Basel_USB002594_1_2017,HK15,0,0,1,3,0,2,0,1
496,MN304347_A_Basel_USB002671_1_2017,HK15,4,1,0,6,3,7,0,4
497,MN304376_A_Basel_USB002722_1_2017,HK15,0,0,1,3,0,2,0,1
498,MN304409_A_Basel_USB002775_1_2017,HK15,0,0,1,7,0,2,1,0
499,MN304423_A_Basel_USB002825_1_2017,HK15,3,0,0,4,3,2,0,3
500,MN304459_A_Basel_USB002891_1_2017,HK15,0,1,1,7,0,2,1,1
501,CY220548_A_Alabama_06_2017,HK15,0,1,2,7,0,1,2,1
502,CY221923_A_Texas_47_2017,HK15,0,0,1,2,1,2,0,2
503,CY223218_A_New_Mexico_11_2017,HK15,0,0,1,8,0,1,1,1
504,CY223707_A_Ohio_05_2017,HK15,4,0,2,8,3,8,0,4
505,CY223731_A_Florida_10_2017,HK15,2,0,0,5,2,4,0,3
506,CY223739_A_Florida_11_2017,HK15,3,0,0,8,2,8,1,4
507,CY225075_A_Georgia_06_2017,HK15,3,2,0,3,2,2,1,5
508,CY228314_A_South_Dakota_11_2017,HK15,3,0,1,6,3,7,0,4
509,CY230042_A_Michigan_30_2017,HK15,2,0,0,3,1,2,1,2
510,CY230282_A_Tennessee_21_2017,HK15,2,0,0,5,2,1,0,3
511,CY230551_A_West_Virginia_09_2017,HK15,0,1,2,8,0,4,2,0
512,CY230855_A_Oregon_14_2017,HK15,0,0,1,3,0,1,2,2
513,MF736996_A_Karachay_Cherkess_CRIE_301_2017,HK15,4,1,0,8,2,7,1,4
514,MG984270_A_Shanghai_20_2017,HK15,0,1,1,8,0,3,1,2
515,MG984278_A_Shanghai_21_2017,HK15,0,2,2,10,0,3,1,2
516,MH637648_A_Taipei_0122_2017,HK15,0,0,1,7,0,1,1,0
517,MH637679_A_Taipei_0123_2017,HK15,3,1,1,8,3,7,1,5
518,MK640915_A_China_81891_2017,HK15,0,3,1,7,2,4,0,2
519,MN304116_A_Basel_USB003451_1_2017,HK15,1,0,0,3,0,2,0,2
520,MN304117_A_Basel_USB003452_1_2017,HK15,0,0,1,7,0,1,1,0
521,MN304125_A_Basel_USB003503_1_2017,HK15,0,2,1,3,0,3,0,2
522,MN304128_A_Basel_USB003507_1_2017,HK15,2,2,0,6,2,1,0,3
523,MN304483_A_Basel_USB002922_1_2017,HK15,5,2,0,6,3,7,0,6
524,MN304521_A_Basel_USB002995_1_2017,HK15,0,2,0,3,0,2,1,1
525,MN304543_A_Basel_USB003034_1_2017,HK15,2,2,0,6,2,1,0,3
526,MN304587_A_Basel_USB003307_1_2017,HK15,0,1,0,4,0,2,1,1
527,CY227443_A_Vermont_08_2017,HK15,1,1,1,4,1,4,0,2
528,CY227899_A_Delaware_19_2017,HK15,3,4,0,23,1,11,2,4
529,CY228698_A_Wisconsin_39_2017,HK15,2,0,0,7,2,1,0,3
530,CY228730_A_Arkansas_18_2017,HK15,1,0,0,22,0,4,2,2
531,CY230438_A_Delaware_19_2017,HK15,3,4,0,23,1,11,2,4
532,MH637456_A_Linkou_0266_2017,HK15,3,0,3,5,1,5,1,0
533,CY232473_A_Florida_34_2017,HK15,0,0,1,22,0,13,0,1
534,CY232567_A_North_Carolina_27_2017,HK15,5,3,0,4,1,4,2,5
535,CY235613_A_Washington_40_2017,HK15,2,0,1,6,2,1,0,3
536,CY235685_A_Nevada_12_2017,HK15,1,1,0,5,2,3,0,1
537,MH637707_A_Keelung_0161_2017,HK15,4,2,1,5,1,4,0,0
538,MG984286_A_Shanghai_29_2017,HK15,3,0,1,6,1,5,0,2
539,CY243548_A_Alaska_30_2017,HK15,0,0,1,7,2,3,0,0
540,MG984302_A_Shanghai_30_2017,HK15,3,0,0,7,1,4,0,4
541,MG984310_A_Shanghai_31_2017,HK15,3,0,0,5,1,4,1,2
542,MH637576_A_Linkou_0302_2017,HK15,4,0,0,9,2,7,0,6
543,CY242347_A_Florida_50_2017,HK15,0,0,2,9,0,2,1,3
544,CY243675_A_Alaska_46_2017,HK15,0,0,0,7,2,3,0,1
545,CY244478_A_California_60_2017,HK15,3,0,0,6,2,5,0,5
546,MG198917_A_Guangdong_SKLRD01_2017,HK15,2,0,1,5,4,5,0,1
547,MG984318_A_Shanghai_32_2017,HK15,3,0,1,8,1,6,0,2
548,MG984326_A_Shanghai_33_2017,HK15,3,1,1,6,1,5,0,2
549,MG984342_A_Shanghai_35_2017,HK15,3,1,0,8,1,6,0,2
550,MH637447_A_Linkou_0335_2017,HK15,5,0,1,7,1,4,0,0
551,MK159064_A_Jeonbuk_736_2017,HK15,1,1,2,8,0,4,2,0
552,CY245203_A_Arizona_50_2017,HK15,0,0,0,7,2,3,1,0
553,CY245459_A_Hawaii_45_2017,HK15,1,2,0,8,1,3,0,1
554,MG984350_A_Shanghai_36_2017,HK15,3,0,2,5,1,4,0,1
555,MG984358_A_Shanghai_37_2017,HK15,3,1,1,6,1,4,0,1
556,MG984366_A_Shanghai_38_2017,HK15,3,0,1,7,1,7,0,1
557,MG984390_A_Shanghai_40_2017,HK15,3,0,1,5,1,6,0,1
558,MG984398_A_Shanghai_41_2017,HK15,3,1,1,7,1,5,0,0
559,MG984414_A_Shanghai_43_2017,HK15,3,0,0,6,1,5,0,0
560,MG984430_A_Shanghai_45_2017,HK15,3,1,2,6,1,4,0,3
561,MG984438_A_Shanghai_46_2017,HK15,4,1,1,9,1,6,0,0
562,MG984446_A_Shanghai_47_2017,HK15,3,0,0,6,1,6,0,0
563,MG984462_A_Shanghai_49_2017,HK15,3,0,1,6,1,7,1,2
564,MG984478_A_Shanghai_50_2017,HK15,3,0,2,7,1,4,1,0
565,MG984486_A_Shanghai_51_2017,HK15,3,1,1,5,1,5,1,0
566,MG984502_A_Shanghai_53_2017,HK15,3,0,1,8,1,5,1,1
567,MK159072_A_Gyeongbuk_745_2017,HK15,1,2,3,8,1,2,1,2
568,CY250520_A_Arkansas_24_2017,HK15,0,0,1,7,1,4,0,0
569,CY257914_A_Florida_73_2017,HK15,1,0,1,9,2,4,1,0
570,CY257994_A_Massachusetts_16_2017,HK15,0,0,0,7,0,2,0,1
571,CY258177_A_New_York_36_2017,HK15,3,1,1,7,1,4,0,1
572,CY258305_A_Louisiana_57_2017,HK15,0,0,1,9,1,3,0,0
573,CY260353_A_California_86_2017,HK15,2,0,0,5,1,3,0,0
574,CY266079_A_Florida_87_2017,HK15,0,0,0,8,1,3,0,0
575,CY264374_A_New_Hampshire_27_2017,HK15,1,0,0,7,1,3,0,0
576,CY264986_A_Pennsylvania_274_2017,HK15,2,0,0,9,1,3,0,0
577,MG974447_A_Kansas_14_2017,HK15,1,0,0,23,0,6,2,5
578,MH637483_A_Baltimore_P0247_2018,HK15,2,0,0,8,1,3,0,0
579,MH637511_A_Baltimore_P0243_2018,HK15,1,1,1,23,0,6,2,5
580,MH637528_A_Baltimore_P0241_2018,HK15,0,1,0,24,0,6,2,6
581,MH637565_A_Baltimore_P0255_2018,HK15,1,0,0,7,1,3,0,0
582,MH637603_A_Baltimore_P0238_2018,HK15,0,0,0,8,1,4,1,0
583,MH637673_A_Baltimore_P0237_2018,HK15,1,0,0,7,1,4,0,2
584,MH637726_A_Baltimore_P0239_2018,HK15,1,2,1,8,1,3,0,0
585,MH637747_A_Baltimore_P0232_2018,HK15,2,0,1,9,1,6,0,0
586,MH637768_A_Baltimore_P0242_2018,HK15,1,1,0,7,1,4,1,2
587,MH637783_A_Baltimore_P0244_2018,HK15,1,0,0,7,1,3,0,0
588,MH637488_A_Baltimore_P0279_2018,HK15,2,0,0,23,0,6,2,5
589,MH637596_A_Baltimore_P0304_2018,HK15,1,0,0,8,1,3,0,2
590,MH637687_A_Baltimore_P0286_2018,HK15,1,2,1,11,1,3,0,0
591,MH637730_A_Baltimore_P0283_2018,HK15,1,1,1,23,0,7,2,5
592,MH637808_A_Baltimore_P0298_2018,HK15,1,0,0,8,1,3,0,0
593,MH701747_A_New_Jersey_93924_2018,HK15,1,2,0,7,2,3,1,0
594,MH701755_A_New_Jersey_93934_2018,HK15,1,2,0,7,2,3,1,0
595,MN154312_A_Washington_9752_2019,HK15,0,1,1,26,0,9,3,6
596,MN170167_A_Washington_9147_2019,HK15,0,1,1,26,0,9,2,6
597,MN170183_A_Washington_9149_2019,HK15,0,1,1,26,0,9,2,6
598,MN170191_A_Washington_9150_2019,HK15,0,1,1,26,0,9,2,6
599,MN170207_A_Washington_9153_2019,HK15,0,1,1,26,0,9,2,6
600,MN170223_A_Washington_9155_2019,HK15,0,1,1,26,0,9,2,6
