ID,StrainName,vaccine_code,HA_RBD,HA_15A,HA_Koel,All_Reassort,HA_Reassort_Sum,HA_PB2_Reassort,HA_PB1_Reassort,HA_PA_Reassort,HA_NP_Reassort,HA_NA_Reassort,HA_M_Reassort,HA_NS_Reassort
1,CY003287_A_New_York_438_2000,Mos99,3,1,2,0,0,0,0,0,0,0,0,0
2,CY114324_A_Netherlands_3_2000,Mos99,3,1,2,0,0,0,0,0,0,0,0,0
3,CY114340_A_Netherlands_126_2001,Mos99,3,2,2,0,0,0,0,0,0,0,0,0
4,CY002335_A_New_York_77_2001,Mos99,3,3,2,0,0,0,0,0,0,0,0,0
5,CY000216_A_New_York_91_2002,Mos99,3,3,2,0,0,0,0,0,0,0,0,0
6,CY112948_A_Netherlands_1_2002,Mos99,3,3,2,0,0,0,0,0,0,0,0,0
7,CY000552_A_New_York_115_2002,Mos99,3,4,2,0,0,0,0,0,0,0,0,0
8,CY013812_A_New_York_C4_2002,Mos99,3,3,2,0,0,0,0,0,0,0,0,0
9,EPI358781_A_Fujian_411_2002,Mos99,5,7,5,0,0,0,0,0,0,0,0,0
10,CY000872_A_New_York_193_2003,Mos99,4,4,1,0,0,0,0,0,0,0,0,0
11,CY032968_A_Yucatan_844_2003,Mos99,4,5,3,1,1,0,1,0,0,0,0,0
12,CY001559_A_New_York_215_2003,Mos99,3,4,2,0,0,0,0,0,0,0,0,0
13,KJ855376_A_Mexico_DIF835_2003,Mos99,4,6,4,0,0,0,0,0,0,0,0,0
14,CY088027_A_England_425_2003,Mos99,4,6,4,1,0,0,0,0,0,0,0,0
15,CY000352_A_New_York_15_2003,Mos99,4,7,4,0,0,0,0,0,0,0,0,0
16,CY000908_A_New_York_13_2003,Mos99,4,6,4,1,0,0,0,0,0,0,0,0
17,CY002351_A_New_York_272_2003,Mos99,4,6,4,1,0,0,0,0,0,0,0,0
18,CY088035_A_England_438_2003,Mos99,4,8,5,1,4,1,0,1,0,1,0,1
19,CY088115_A_England_467_2003,Mos99,4,8,5,1,2,0,0,1,0,1,0,0
20,CY088131_A_Scotland_78_2003,Mos99,4,6,4,1,2,0,1,0,0,0,1,0
21,CY088139_A_Scotland_79_2003,Mos99,4,8,5,1,4,1,0,1,0,1,0,1
22,CY088187_A_England_944_2003,Mos99,5,6,4,1,0,0,0,0,0,0,0,0
23,CY088251_A_England_525_2003,Mos99,4,6,4,1,0,0,0,0,0,0,0,0
24,CY088267_A_England_585_2003,Mos99,4,7,4,1,2,0,0,1,0,1,0,0
25,CY088275_A_England_487_2003,Mos99,5,6,4,1,2,0,0,1,0,1,0,0
26,CY088291_A_England_491_2003,Mos99,5,6,4,1,2,0,0,1,0,1,0,0
27,CY088323_A_England_508_2003,Mos99,4,6,4,1,2,0,0,1,0,1,0,0
28,CY088339_A_England_957_2003,Mos99,4,6,4,1,0,0,0,0,0,0,0,0
29,CY088379_A_England_532_2003,Mos99,4,6,4,1,2,0,0,1,0,1,0,0
30,CY090956_A_South_Carolina_NHRC0002_2003,Mos99,4,6,4,1,0,0,0,0,0,0,0,0
31,CY107095_A_England_470_2003,Mos99,4,6,4,1,1,0,0,0,0,1,0,0
32,CY107111_A_England_516_2003,Mos99,5,8,5,1,4,1,0,1,0,1,0,1
33,CY107151_A_England_493_2003,Mos99,4,6,4,1,2,0,0,1,0,1,0,0
34,CY107167_A_England_532_2003,Mos99,4,6,4,1,2,0,0,1,0,1,0,0
35,CY000024_A_New_York_30_2003,Mos99,4,6,4,1,2,0,0,1,0,1,0,0
36,CY000056_A_New_York_35_2003,Mos99,4,6,4,1,0,0,0,0,0,0,0,0
37,CY000104_A_New_York_54_2003,Mos99,4,6,4,1,0,0,0,0,0,0,0,0
38,CY000144_A_New_York_26_2003,Mos99,4,6,4,0,0,0,0,0,0,0,0,0
39,CY000272_A_New_York_53_2003,Mos99,4,7,4,0,0,0,0,0,0,0,0,0
40,CY000512_A_New_York_4_2003,Mos99,4,6,4,1,2,0,0,1,0,1,0,0
41,CY001095_A_New_York_24_2003,Mos99,4,7,4,0,0,0,0,0,0,0,0,0
42,CY001196_A_New_York_18_2003,Mos99,4,7,5,1,0,0,0,0,0,0,0,0
43,CY001300_A_New_York_37_2003,Mos99,4,6,4,1,0,0,0,0,0,0,0,0
44,CY088363_A_England_558_2003,Mos99,4,8,5,1,2,0,0,1,0,1,0,0
45,CY088387_A_England_522_2003,Mos99,4,6,4,1,0,0,0,0,0,0,0,0
46,CY088403_A_England_547_2003,Mos99,4,8,5,1,4,1,0,1,0,1,0,1
47,CY091468_A_California_NHRC0006_2003,Mos99,4,7,4,1,1,0,0,1,0,0,0,0
48,CY092216_A_Georgia_NHRC0001_2003,Mos99,4,6,4,0,0,0,0,0,0,0,0,0
49,KJ855448_A_Mexico_DIF2662_2003,Mos99,4,6,4,0,0,0,0,0,0,0,0,0
50,CY000040_A_New_York_33_2004,Mos99,4,6,4,1,0,0,0,0,0,0,0,0
51,CY000768_A_New_York_10_2004,Mos99,5,6,4,0,0,0,0,0,0,0,0,0
52,CY001036_A_New_York_6_2004,Mos99,4,6,4,0,0,0,0,0,0,0,0,0
53,CY009267_A_New_York_499_2004,Mos99,4,6,4,0,0,0,0,0,0,0,0,0
54,CY091124_A_Missouri_NHRC0002_2004,Mos99,4,7,4,0,0,0,0,0,0,0,0,0
55,CY038574_A_Hong_Kong_HKU2_2004,Mos99,4,6,4,0,0,0,0,0,0,0,0,0
56,CY039494_A_Hong_Kong_HKU1_2004,Mos99,4,8,5,0,0,0,0,0,0,0,0,0
57,CY038950_A_Hong_Kong_HKU4_2004,Mos99,4,9,5,0,0,0,0,0,0,0,0,0
58,CY038958_A_Hong_Kong_HKU6_2004,Mos99,4,8,5,0,0,0,0,0,0,0,0,0
59,CY039166_A_Hong_Kong_HKU5_2004,Mos99,4,8,5,0,0,0,0,0,0,0,0,0
60,CY038998_A_Hong_Kong_HKU15_2004,Mos99,4,8,5,0,0,0,0,0,0,0,0,0
61,CY038990_A_Hong_Kong_HKU14_2004,Mos99,4,8,5,0,0,0,0,0,0,0,0,0
62,CY038614_A_Hong_Kong_HKU19_2004,Mos99,5,9,6,1,0,0,0,0,0,0,0,0
63,CY038622_A_Hong_Kong_HKU20_2004,Mos99,5,8,6,0,1,0,0,0,0,1,0,0
64,CY039014_A_Hong_Kong_HKU21_2004,Mos99,5,8,6,1,0,0,0,0,0,0,0,0
65,CY038638_A_Hong_Kong_HKU29_2004,Mos99,5,8,6,0,0,0,0,0,0,0,0,0
66,CY038646_A_Hong_Kong_HKU31_2004,Mos99,5,8,6,0,1,0,0,0,0,1,0,0
67,CY039030_A_Hong_Kong_HKU25_2004,Mos99,5,8,6,1,1,0,0,0,0,1,0,0
68,CY039038_A_Hong_Kong_HKU30_2004,Mos99,5,8,6,1,0,0,0,0,0,0,0,0
69,CY039174_A_Hong_Kong_HKU24_2004,Mos99,4,6,5,0,0,0,0,0,0,0,0,0
70,CY043751_A_Hong_Kong_HKU28_2004,Mos99,5,7,6,0,0,0,0,0,0,0,0,0
71,CY038654_A_Hong_Kong_HKU34_2004,Mos99,5,7,6,0,1,0,0,0,0,1,0,0
72,CY039502_A_Hong_Kong_HKU32_2004,Mos99,5,8,6,1,1,0,0,0,0,1,0,0
73,CY006386_A_New_York_467_2004,Mos99,5,8,6,1,0,0,0,0,0,0,0,0
74,CY040321_A_Hong_Kong_HKU38_2004,Mos99,5,7,6,0,1,0,0,0,0,1,0,0
75,EPI367109_A_California_7_2004,Mos99,5,9,6,1,0,0,0,0,0,0,0,0
76,CY002719_A_New_York_319_2004,Fuj02,3,3,4,0,0,0,0,0,0,0,0,0
77,CY003671_A_New_York_471_2004,Fuj02,3,3,4,0,0,0,0,0,0,0,0,0
78,CY039054_A_Hong_Kong_HKU40_2004,Fuj02,2,2,4,0,1,0,0,0,0,1,0,0
79,CY002199_A_New_York_366_2004,Fuj02,3,3,4,1,1,0,0,0,0,1,0,0
80,CY002231_A_New_York_372_2004,Fuj02,3,3,4,1,1,0,0,0,0,1,0,0
81,CY002255_A_New_York_381_2004,Fuj02,3,3,4,1,0,0,0,0,0,0,0,0
82,CY002263_A_New_York_383_2004,Fuj02,3,4,4,0,0,0,0,0,0,0,0,0
83,CY002447_A_New_York_365_2004,Fuj02,3,3,4,0,0,0,0,0,0,0,0,0
84,CY002599_A_New_York_377_2004,Fuj02,3,3,4,0,0,0,0,0,0,0,0,0
85,CY002791_A_New_York_232_2004,Fuj02,3,3,4,0,0,0,0,0,0,0,0,0
86,CY003079_A_New_York_123_2004,Fuj02,3,3,4,0,0,0,0,0,0,0,0,0
87,CY019156_A_New_York_900_2004,Fuj02,3,3,4,0,1,0,0,0,0,1,0,0
88,CY019164_A_New_York_900_2004,Fuj02,3,3,4,1,1,0,0,0,0,1,0,0
89,CY019180_A_New_York_905_2004,Fuj02,3,3,4,1,0,0,0,0,0,0,0,0
90,CY019260_A_New_York_908_2004,Fuj02,3,3,4,0,0,0,0,0,0,0,0,0
91,CY112996_A_Netherlands_132_2004,Fuj02,3,3,4,0,0,0,0,0,0,0,0,0
92,CY002007_A_New_York_359_2005,Fuj02,3,3,4,0,0,0,0,0,0,0,0,0
93,CY019300_A_New_York_913_2005,Fuj02,3,3,4,0,0,0,0,0,0,0,0,0
94,CY019308_A_New_York_918_2005,Fuj02,3,3,4,0,0,0,0,0,0,0,0,0
95,CY019324_A_New_York_918_2005,Fuj02,3,3,4,0,0,0,0,0,0,0,0,0
96,CY020540_A_New_York_913_2005,Fuj02,3,3,4,0,0,0,0,0,0,0,0,0
97,CY038686_A_Hong_Kong_HKU42_2005,Fuj02,2,2,4,1,1,0,0,0,0,1,0,0
98,EPI502253_A_Wisconsin_67_2005,Fuj02,3,6,4,0,0,0,0,0,0,0,0,0
99,CY002015_A_New_York_361_2005,Fuj02,3,3,4,0,0,0,0,0,0,0,0,0
100,CY002463_A_New_York_373_2005,Fuj02,2,4,4,1,1,0,0,0,0,1,0,0
101,CY003647_A_New_York_463_2005,Fuj02,3,3,4,0,0,0,0,0,0,0,0,0
102,CY090996_A_South_Carolina_NHRC0001_2005,Fuj02,3,3,4,0,0,0,0,0,0,0,0,0
103,CY091140_A_Texas_NHRC0001_2005,Fuj02,3,3,4,0,0,0,0,0,0,0,0,0
104,CY091436_A_California_NHRC0002_2005,Fuj02,3,3,4,0,0,0,0,0,0,0,0,0
105,CY002079_A_New_York_396_2005,Fuj02,3,3,4,0,0,0,0,0,0,0,0,0
106,CY006091_A_New_York_465_2005,Fuj02,3,3,4,0,0,0,0,0,0,0,0,0
107,CY039062_A_Hong_Kong_HKU45_2005,Fuj02,2,4,4,0,0,0,0,0,0,0,0,0
108,CY039070_A_Hong_Kong_HKU47_2005,Fuj02,3,3,4,0,0,0,0,0,0,0,0,0
109,CY040329_A_Hong_Kong_HKU52_2005,Fuj02,3,3,4,0,0,0,0,0,0,0,0,0
110,CY091012_A_Illinois_NHRC0001_2005,Fuj02,3,3,4,0,0,0,0,0,0,0,0,0
111,CY038702_A_Hong_Kong_HKU62_2005,Fuj02,3,3,4,0,0,0,0,0,0,0,0,0
112,CY038710_A_Hong_Kong_HKU65_2005,Fuj02,3,3,4,0,0,0,0,0,0,0,0,0
113,CY038718_A_Hong_Kong_HKU67_2005,Fuj02,3,3,4,0,0,0,0,0,0,0,0,0
114,CY038734_A_Hong_Kong_HKU69_2005,Fuj02,3,3,4,0,0,0,0,0,0,0,0,0
115,CY038742_A_Hong_Kong_HKU70_2005,Fuj02,3,3,4,0,0,0,0,0,0,0,0,0
116,CY039214_A_Hong_Kong_HKU58_2005,Fuj02,3,3,4,0,0,0,0,0,0,0,0,0
117,CY039230_A_Hong_Kong_HKU61_2005,Fuj02,3,3,4,0,0,0,0,0,0,0,0,0
118,CY039238_A_Hong_Kong_HKU63_2005,Fuj02,3,4,4,0,0,0,0,0,0,0,0,0
119,CY040345_A_Hong_Kong_HKU75_2005,Fuj02,3,3,4,0,0,0,0,0,0,0,0,0
120,CY040353_A_Hong_Kong_HKU76_2005,Fuj02,3,3,4,0,0,0,0,0,0,0,0,0
121,CY040361_A_Hong_Kong_HKU77_2005,Fuj02,3,3,4,0,0,0,0,0,0,0,0,0
122,CY043767_A_Hong_Kong_HKU72_2005,Fuj02,3,3,4,0,0,0,0,0,0,0,0,0
123,CY044404_A_Hong_Kong_HKU73_2005,Fuj02,3,3,4,1,1,1,0,0,0,0,0,0
124,CY091316_A_Hong_Kong_NHRC0001_2005,Fuj02,3,3,4,0,0,0,0,0,0,0,0,0
125,CY038758_A_Hong_Kong_HKU79_2005,Fuj02,3,4,4,0,0,0,0,0,0,0,0,0
126,CY043775_A_Hong_Kong_HKU78_2005,Fuj02,3,4,4,0,0,0,0,0,0,0,0,0
127,KJ855424_A_Mexico_QUE2270_2005,Fuj02,3,5,4,0,0,0,0,0,0,0,0,0
128,CY100575_A_Mexico_InDRE2246_2005,Fuj02,3,4,4,0,0,0,0,0,0,0,0,0
129,KJ855472_A_Mexico_TLA2227_2005,Fuj02,3,4,4,0,0,0,0,0,0,0,0,0
130,CY172198_A_New_York_1001_2005,Cal04,1,3,1,1,1,1,0,0,0,0,0,0
131,CY091036_A_Illinois_NHRC0002_2005,Cal04,1,3,1,1,1,1,0,0,0,0,0,0
132,CY091532_A_California_NHRC0006_2005,Cal04,0,2,1,0,0,0,0,0,0,0,0,0
133,CY113004_A_Netherlands_548_2005,Cal04,1,3,1,0,0,0,0,0,0,0,0,0
134,CY172390_A_New_York_1028_2006,Cal04,1,3,1,1,5,1,1,1,1,1,0,0
135,CY019866_A_New_York_938_2006,Cal04,1,3,1,0,0,0,0,0,0,0,0,0
136,CY020372_A_New_York_938_2006,Cal04,1,2,1,0,0,0,0,0,0,0,0,0
137,CY114404_A_Netherlands_363_2006,Wis05,1,4,0,1,2,0,1,0,0,0,1,0
138,CY039406_A_Taiwan_70002_2007,Wis05,2,4,0,0,0,0,0,0,0,0,0,0
139,CY039414_A_Taiwan_70113_2007,Wis05,0,5,0,0,0,0,0,0,0,0,0,0
140,CY025428_A_California_UR06_0347_2007,Wis05,0,5,0,0,0,0,0,0,0,0,0,0
141,CY027570_A_Texas_UR06_0358_2007,Wis05,0,5,0,0,0,0,0,0,0,0,0,0
142,CY040057_A_Taiwan_70307_2007,Wis05,1,5,0,0,0,0,0,0,0,0,0,0
143,CY114412_A_Netherlands_69_2007,Wis05,0,4,0,0,0,0,0,0,0,0,0,0
144,EPI577980_A_Brisbane_10_2007,Wis05,1,4,0,0,0,0,0,0,0,0,0,0
145,CY040073_A_Taiwan_2361_2007,Wis05,0,4,0,0,0,0,0,0,0,0,0,0
146,CY114420_A_Netherlands_348_2007,Wis05,0,4,0,0,0,0,0,0,0,0,0,0
147,CY037310_A_Qatar_AF02_2008,Wis05,0,4,0,0,0,0,0,0,0,0,0,0
148,CY040105_A_Taiwan_70120_2008,Wis05,0,4,0,0,0,0,0,0,0,0,0,0
149,CY037326_A_Korea_AF05_2008,Wis05,0,4,0,0,0,0,0,0,0,0,0,0
150,CY044603_A_Boston_40_2008,Wis05,0,4,0,0,0,0,0,0,0,0,0,0
151,CY173286_A_New_York_1155_2008,Wis05,0,4,0,0,0,0,0,0,0,0,0,0
152,CY044827_A_Boston_88_2008,Wis05,0,4,0,0,0,0,0,0,0,0,0,0
153,CY113020_A_Netherlands_377_2008,Wis05,0,4,0,0,0,0,0,0,0,0,0,0
154,CY147666_A_Mexico_24013_2008,Bris07,0,0,0,0,0,0,0,0,0,0,0,0
155,CY093316_A_Kyrgyzstan_WRAIR1256P_2008,Bris07,0,0,0,0,0,0,0,0,0,0,0,0
156,CY089756_A_Boston_75_2009,Bris07,0,0,0,0,0,0,0,0,0,0,0,0
157,CY093237_A_South_Korea_WRAIR1171P_2009,Bris07,0,1,0,0,0,0,0,0,0,0,0,0
158,CY093348_A_Kuwait_WRAIR1561P_2009,Bris07,0,0,0,0,0,0,0,0,0,0,0,0
159,CY113028_A_Netherlands_69_2009,Bris07,0,1,0,0,0,0,0,0,0,0,0,0
160,CY069426_A_Japan_WRAIR1140P_2009,Bris07,0,0,1,0,0,0,0,0,0,0,0,0
161,CY089740_A_Boston_40_2009,Bris07,0,0,0,0,0,0,0,0,0,0,0,0
162,CY050611_A_New_York_3018_2009,Bris07,0,3,3,0,0,0,0,0,0,0,0,0
163,CY050731_A_New_York_3143_2009,Bris07,0,2,2,0,0,0,0,0,0,0,0,0
164,CY064830_A_California_VRDL138_2009,Bris07,0,0,0,0,0,0,0,0,0,0,0,0
165,CY068104_A_California_VRDL368_2009,Bris07,0,0,0,0,0,0,0,0,0,0,0,0
166,CY068208_A_California_VRDL170_2009,Bris07,0,0,0,0,0,0,0,0,0,0,0,0
167,CY068232_A_California_VRDL188_2009,Bris07,0,0,0,0,0,0,0,0,0,0,0,0
168,CY068296_A_California_VRDL247_2009,Bris07,0,0,0,0,0,0,0,0,0,0,0,0
169,CY068360_A_California_VRDL263_2009,Bris07,0,2,2,0,0,0,0,0,0,0,0,0
170,CY068416_A_California_VRDL277_2009,Bris07,0,2,2,0,0,0,0,0,0,0,0,0
171,CY068640_A_California_VRDL394_2009,Bris07,0,0,0,0,0,0,0,0,0,0,0,0
172,CY068781_A_California_VRDL205_2009,Bris07,0,1,0,0,0,0,0,0,0,0,0,0
173,CY069322_A_Korea_WRAIR1038P_2009,Bris07,0,2,2,0,0,0,0,0,0,0,0,0
174,EPI577969_A_Perth_16_2009,Bris07,1,2,2,0,0,0,0,0,0,0,0,0
175,CY050795_A_New_York_3491_2009,Bris07,0,2,2,0,0,0,0,0,0,0,0,0
176,CY050827_A_New_York_3738_2009,Bris07,0,2,2,0,0,0,0,0,0,0,0,0
177,CY067976_A_California_VRDL339_2009,Bris07,0,2,2,0,0,0,0,0,0,0,0,0
178,CY068336_A_California_VRDL260_2009,Bris07,0,2,2,0,0,0,0,0,0,0,0,0
179,CY068480_A_California_VRDL309_2009,Bris07,0,0,0,0,0,0,0,0,0,0,0,0
180,CY077432_A_California_VRDL356_2009,Bris07,0,2,2,0,0,0,0,0,0,0,0,0
181,CY084416_A_New_York_3918_2009,Bris07,0,3,3,0,0,0,0,0,0,0,0,0
182,CY113044_A_Netherlands_761_2009,Bris07,0,0,1,0,0,0,0,0,0,0,0,0
183,CY106599_A_Hong_Kong_H090_671_V10_2009,Bris07,0,1,2,1,1,0,0,0,0,1,0,0
184,CY106647_A_Hong_Kong_H090_689_V22_2009,Bris07,0,2,2,0,0,0,0,0,0,0,0,0
185,CY106655_A_Hong_Kong_H090_692_V10_2009,Bris07,0,2,2,0,0,0,0,0,0,0,0,0
186,CY106703_A_Hong_Kong_H090_714_V10_2009,Bris07,0,2,2,0,0,0,0,0,0,0,0,0
187,CY106735_A_Hong_Kong_H090_720_V31_2009,Bris07,0,1,2,1,1,0,0,0,0,1,0,0
188,CY106743_A_Hong_Kong_H090_724_V10_2009,Bris07,0,2,2,0,0,0,0,0,0,0,0,0
189,CY106751_A_Hong_Kong_H090_724_V20_2009,Bris07,0,2,2,0,0,0,0,0,0,0,0,0
190,CY106791_A_Hong_Kong_H090_733_V10_2009,Bris07,0,2,2,0,0,0,0,0,0,0,0,0
191,CY106847_A_Hong_Kong_H090_739_V22_2009,Bris07,0,2,2,0,0,0,0,0,0,0,0,0
192,CY106863_A_Hong_Kong_H090_739_V33_2009,Bris07,0,2,2,0,0,0,0,0,0,0,0,0
193,CY106871_A_Hong_Kong_H090_741_V10_2009,Bris07,0,2,2,0,0,0,0,0,0,0,0,0
194,CY106879_A_Hong_Kong_H090_747_V10_2009,Bris07,0,2,2,0,0,0,0,0,0,0,0,0
195,CY115527_A_Hong_Kong_H090_689_V20_2009,Bris07,0,2,2,0,0,0,0,0,0,0,0,0
196,CY115647_A_Hong_Kong_H090_726_V10_2009,Bris07,0,2,2,0,0,0,0,0,0,0,0,0
197,CY115687_A_Hong_Kong_H090_734_V32_2009,Bris07,0,3,2,0,0,0,0,0,0,0,0,0
198,CY115727_A_Hong_Kong_H090_739_V23_2009,Bris07,0,2,2,0,0,0,0,0,0,0,0,0
199,CY115735_A_Hong_Kong_H090_739_V33_2009,Bris07,0,2,2,0,0,0,0,0,0,0,0,0
200,KY049985_A_Qinghai_178_2010,Bris07,0,2,2,1,0,0,0,0,0,0,0,0
201,CY072221_A_New_York_20343_2010,Bris07,0,1,2,0,0,0,0,0,0,0,0,0
202,HQ664917_A_Nanjing_1655_2010,Bris07,1,2,2,1,0,0,0,0,0,0,0,0
203,HQ664922_A_Nanjing_1654_2010,Bris07,1,2,2,1,0,0,0,0,0,0,0,0
204,HQ664929_A_Nanjing_1663_2010,Bris07,1,2,2,1,0,0,0,0,0,0,0,0
205,CY093221_A_District_of_Columbia_WRAIR0300_2010,Prth09,0,1,0,1,0,0,0,0,0,0,0,0
206,MK729833_A_New_York_WC_LVD_10_001_2010,Prth09,0,1,0,0,0,0,0,0,0,0,0,0
207,CY093540_A_Mexico_City_WRAIR3579T_2010,Prth09,0,2,0,0,0,0,0,0,0,0,0,0
208,CY114516_A_Netherlands_034_2010,Prth09,1,2,0,0,0,0,0,0,0,0,0,0
209,KC882441_A_Iowa_19_2010,Prth09,1,2,0,0,0,0,0,0,0,0,0,0
210,KC882476_A_Texas_24_2010,Prth09,0,2,0,0,0,0,0,0,0,0,0,0
211,KT888262_A_Mexico_City_1514A00904139N_CP2_2010,Prth09,0,2,0,0,0,0,0,0,0,0,0,0
212,MK729873_A_New_York_WC_LVD_10_006_2010,Prth09,0,2,1,0,0,0,0,0,0,0,0,0
213,CY091580_A_Illinois_NHRC0002_2011,Prth09,0,2,0,0,0,0,0,0,0,0,0,0
214,CY091588_A_California_NHRC0001_2011,Prth09,0,2,0,0,0,0,0,0,0,0,0,0
215,CY092272_A_California_NHRC0003_2011,Prth09,0,2,0,0,0,0,0,0,0,0,0,0
216,CY092288_A_California_NHRC0002_2011,Prth09,0,2,0,0,0,0,0,0,0,0,0,0
217,CY111165_A_Boston_DOA05_2011,Prth09,0,2,0,0,0,0,0,0,0,0,0,0
218,CY114428_A_Netherlands_063_2011,Prth09,0,0,0,1,0,0,0,0,0,0,0,0
219,CY167515_A_Tennessee_F2018A_2011,Prth09,0,2,0,0,0,0,0,0,0,0,0,0
220,KC882565_A_New_Jersey_01_2011,Prth09,0,1,0,0,0,0,0,0,0,0,0,0
221,CY111309_A_Boston_DOA48_2011,Prth09,0,1,0,0,0,0,0,0,0,0,0,0
222,CY111317_A_Boston_DOA51_2011,Prth09,0,1,0,0,0,0,0,0,0,0,0,0
223,CY134520_A_Boston_DOA38_2011,Prth09,0,2,0,0,0,0,0,0,0,0,0,0
224,CY134568_A_Boston_DOA47_2011,Prth09,0,2,0,0,0,0,0,0,0,0,0,0
225,CY167571_A_Tennessee_F2031A_2011,Prth09,0,2,0,1,0,0,0,0,0,0,0,0
226,KC882641_A_Texas_06_2011,Prth09,0,2,0,0,0,0,0,0,0,0,0,0
227,KR137644_A_Bethesda_NIH12_2011,Prth09,0,1,1,1,1,0,0,0,1,0,0,0
228,CY111421_A_Boston_DOA78_2011,Prth09,0,2,0,0,0,0,0,0,0,0,0,0
229,EPI417234_A_Victoria_361_2011,Prth09,0,2,0,0,0,0,0,0,0,0,0,0
230,KT888275_A_Hong_Kong_1514A01704826T_2011,Prth09,1,2,0,0,0,0,0,0,0,0,0,0
231,KT888268_A_Amman_1514A01004465T_2011,Prth09,0,4,0,0,0,0,0,0,0,0,0,0
232,KT888283_A_Budapest_1514A07804502N_2011,Prth09,0,2,1,0,0,0,0,0,0,0,0,0
233,KT889087_A_Japan_22_2011,Prth09,0,2,0,0,0,0,0,0,0,0,0,0
234,KT888257_A_Moscow_1514A00504942N_2012,Prth09,0,1,1,1,1,0,0,0,1,0,0,0
235,KT888258_A_Moscow_1514A00504950T_2012,Prth09,0,2,1,0,0,0,0,0,0,0,0,0
236,KT888267_A_Amman_1514A01004462T_2012,Prth09,0,4,0,0,0,0,0,0,0,0,0,0
237,KT888281_A_Sarajevo_1514A06604486N_2012,Prth09,0,2,0,0,0,0,0,0,0,0,0,0
238,KT888944_A_Yokosuka_SE680_2012,Prth09,0,2,1,0,0,0,0,0,0,0,0,0
239,KT889082_A_Japan_17_2012,Prth09,0,2,1,0,0,0,0,0,0,0,0,0
240,KT889083_A_Korea_18_2012,Prth09,0,2,0,0,0,0,0,0,0,0,0,0
241,KT889099_A_Korea_37_2012,Prth09,0,2,0,0,0,0,0,0,0,0,0,0
242,KT889102_A_Kyrgyzstan_40_2012,Prth09,0,2,0,0,0,0,0,0,0,0,0,0
243,KT889103_A_Kyrgyzstan_41_2012,Prth09,0,2,0,0,0,0,0,0,0,0,0,0
244,KT889104_A_Japan_42_2012,Prth09,0,2,1,0,0,0,0,0,0,0,0,0
245,KT889107_A_Korea_45_2012,Prth09,0,2,1,0,0,0,0,0,0,0,0,0
246,KT889108_A_Korea_47_2012,Prth09,0,2,0,0,0,0,0,0,0,0,0,0
247,KT888945_A_Yokosuka_SE863_2012,Prth09,0,2,1,0,0,0,0,0,0,0,0,0
248,KT889105_A_Japan_43_2012,Prth09,0,2,1,0,0,0,0,0,0,0,0,0
249,KC892843_A_Nevada_12_2012,Prth09,0,2,0,0,0,0,0,0,0,0,0,0
250,KT888260_A_Moscow_1514A00505153N_2012,Prth09,0,3,1,0,0,0,0,0,0,0,0,0
251,KT889091_A_Japan_26_2012,Prth09,0,3,1,0,0,0,0,0,0,0,0,0
252,EPI556813_A_Texas_50_2012,Prth09,0,2,0,0,0,0,0,0,0,0,0,0
253,KT888259_A_Moscow_1514A00505149T_2012,Prth09,0,3,1,0,0,0,0,0,0,0,0,0
254,KT888261_A_Moscow_1514A00505162N_2012,Prth09,0,3,1,0,0,0,0,0,0,0,0,0
255,KT888279_A_Prague_1514A06404885N_2012,Prth09,0,2,0,0,0,0,0,0,0,0,0,0
256,MK640845_A_China_38887_2012,Prth09,1,3,1,1,0,0,0,0,0,0,0,0
257,MK640846_A_China_38888_2012,Prth09,1,3,0,0,0,0,0,0,0,0,0,0
258,MK640847_A_China_39207_2012,Prth09,1,4,1,0,0,0,0,0,0,0,0,0
259,MK730233_A_New_York_WC_LVD_12_051_2012,Vic11,1,1,2,0,0,0,0,0,0,0,0,0
260,CY134779_A_Texas_JMM_8_2012,Vic11,0,2,0,0,0,0,0,0,0,0,0,0
261,CY135131_A_Texas_JMM_54_2012,Vic11,0,1,1,0,0,0,0,0,0,0,0,0
262,CY148427_A_Boston_DOA2_112_2012,Vic11,0,0,0,0,0,0,0,0,0,0,0,0
263,CY148547_A_Boston_DOA2_128_2012,Vic11,0,0,0,0,0,0,0,0,0,0,0,0
264,CY167934_A_Boston_YGA_00008_2012,Vic11,0,2,1,0,0,0,0,0,0,0,0,0
265,CY168846_A_Boston_YGA_01045_2012,Vic11,0,2,0,0,0,0,0,0,0,0,0,0
266,CY168878_A_Boston_YGA_01049_2012,Vic11,0,1,1,0,0,0,0,0,0,0,0,0
267,CY170126_A_Boston_YGA_02003_2012,Vic11,0,2,1,0,0,0,0,0,0,0,0,0
268,CY171246_A_Chicago_YGA_04053_2012,Vic11,0,1,1,0,0,0,0,0,0,0,0,0
269,CY171270_A_Chicago_YGA_04056_2012,Vic11,0,1,1,0,0,0,0,0,0,0,0,0
270,CY171342_A_Chicago_YGA_04090_2012,Vic11,0,1,1,0,0,0,0,0,0,0,0,0
271,CY171406_A_Chicago_YGA_04102_2012,Vic11,0,1,1,0,0,0,0,0,0,0,0,0
272,CY182800_A_Houston_JMM_74_2012,Vic11,0,1,1,0,0,0,0,0,0,0,0,0
273,CY182848_A_Houston_JMM_80_2012,Vic11,0,1,1,0,0,0,0,0,0,0,0,0
274,CY182880_A_Houston_JMM_85_2012,Vic11,0,1,1,0,0,0,0,0,0,0,0,0
275,CY182960_A_Houston_JMM_96_2012,Vic11,0,1,1,0,0,0,0,0,0,0,0,0
276,MK640848_A_China_41303_2012,Vic11,0,2,1,0,0,0,0,0,0,0,0,0
277,MK640849_A_China_41304_2012,Vic11,0,2,1,0,0,0,0,0,0,0,0,0
278,MK730273_A_New_York_WC_LVD_12_057_2012,Vic11,0,2,1,0,0,0,0,0,0,0,0,0
279,MK730497_A_New_York_WC_LVD_12_086_2012,Vic11,0,2,1,0,0,0,0,0,0,0,0,0
280,MK970023_A_Maryland_22_1_2012,Vic11,0,2,1,0,0,0,0,0,0,0,0,0
281,CY148707_A_Boston_DOA2_149_2013,Vic11,0,2,1,0,0,0,0,0,0,0,0,0
282,CY148787_A_Boston_DOA2_161_2013,Vic11,0,1,1,0,0,0,0,0,0,0,0,0
283,CY148923_A_Boston_DOA2_180_2013,Vic11,0,2,1,0,0,0,0,0,0,0,0,0
284,CY149131_A_Boston_DOA2_218_2013,Vic11,0,2,1,0,0,0,0,0,0,0,0,0
285,CY149323_A_Boston_DOA2_245_2013,Vic11,0,2,1,0,0,0,0,0,0,0,0,0
286,CY168094_A_Boston_YGA_00035_2013,Vic11,0,2,1,0,0,0,0,0,0,0,0,0
287,CY168238_A_Boston_YGA_00054_2013,Vic11,0,2,1,0,0,0,0,0,0,0,0,0
288,CY169366_A_Boston_YGA_01115_2013,Vic11,0,2,1,0,0,0,0,0,0,0,0,0
289,CY169798_A_Boston_YGA_01173_2013,Vic11,0,2,1,0,0,0,0,0,0,0,0,0
290,CY169878_A_Boston_YGA_01186_2013,Vic11,0,1,1,0,0,0,0,0,0,0,0,0
291,CY170350_A_Boston_YGA_02039_2013,Vic11,0,1,1,0,0,0,0,0,0,0,0,0
292,CY170574_A_Santa_Clara_YGA_03016_2013,Vic11,0,1,1,0,0,0,0,0,0,0,0,0
293,CY170998_A_Santa_Clara_YGA_03074_2013,Vic11,0,1,1,0,0,0,0,0,0,0,0,0
294,CY171638_A_Chicago_YGA_04135_2013,Vic11,0,1,1,0,0,0,0,0,0,0,0,0
295,CY171734_A_Chicago_YGA_04198_2013,Vic11,0,2,0,0,0,0,0,0,0,0,0,0
296,CY183136_A_Houston_JMM_120_2013,Vic11,0,1,1,0,0,0,0,0,0,0,0,0
297,KT888272_A_Kabul_1514A01305430N_2013,Vic11,0,1,1,0,0,0,0,0,0,0,0,0
298,MK640850_A_China_41678_2013,Vic11,0,2,1,0,0,0,0,0,0,0,0,0
299,MK640851_A_China_41691_2013,Vic11,0,1,1,0,0,0,0,0,0,0,0,0
300,MK818117_A_Maryland_63_5D_2013,Vic11,0,2,1,0,0,0,0,0,0,0,0,0
301,KT888280_A_Pristina_1514A06505401N_2013,Vic11,0,2,1,0,0,0,0,0,0,0,0,0
302,KT888284_A_Budapest_1514A07805419T_2013,Vic11,0,1,1,0,0,0,0,0,0,0,0,0
303,KT888285_A_Budapest_1514A07805832T_2013,Vic11,0,1,1,0,0,0,0,0,0,0,0,0
304,MK817973_A_Maryland_178_5D_2013,Vic11,0,2,1,0,0,0,0,0,0,0,0,0
305,MK969839_A_Maryland_127_17D_2013,Vic11,0,2,1,0,0,0,0,0,0,0,0,0
306,KF034876_A_Suzhou_1275_2013,Vic11,0,2,1,0,0,0,0,0,0,0,0,0
307,MK640852_A_China_44381_2013,Vic11,0,2,1,0,0,0,0,0,0,0,0,0
308,KT888276_A_Taipei_1514A02605215N_2013,Vic11,0,1,1,0,0,0,0,0,0,0,0,0
309,KT888277_A_Taipei_1514A02605215T_2013,Vic11,0,1,1,0,0,0,0,0,0,0,0,0
310,EPI614441_A_Switzerland_9715293_2013,Vic11,1,3,2,0,0,0,0,0,0,0,0,0
311,MK640853_A_China_51045_2013,Vic11,0,2,1,0,0,0,0,0,0,0,0,0
312,LC032990_A_Hokkaido_13H009_2014,Vic11,0,2,1,1,4,1,1,0,0,1,1,0
313,LC033126_A_Niigata_13F024_2014,Vic11,1,3,2,0,0,0,0,0,0,0,0,0
314,LC033326_A_Nagasaki_13N046_2014,Vic11,0,2,1,0,0,0,0,0,0,0,0,0
315,LC033310_A_Nagasaki_13N007_2014,Vic11,0,2,1,0,0,0,0,0,0,0,0,0
316,LC033302_A_Nagasaki_13N004_2014,Vic11,0,2,1,1,0,0,0,0,0,0,0,0
317,MK640854_A_China_51323_2014,Vic11,0,2,1,0,0,0,0,0,0,0,0,0
318,MK640855_A_China_51340_2014,Vic11,0,2,1,0,0,0,0,0,0,0,0,0
319,LC032870_A_Kyoto_13K025_2014,Vic11,0,2,1,1,4,1,1,0,0,1,1,0
320,LC032886_A_Kyoto_13K054_2014,Vic11,0,2,1,0,0,0,0,0,0,0,0,0
321,LC033134_A_Niigata_13F335_2014,Vic11,0,1,1,1,0,0,0,0,0,0,0,0
322,MK640856_A_China_55254_2014,Vic11,1,3,2,0,0,0,0,0,0,0,0,0
323,MK640857_A_China_55312_2014,Vic11,1,3,2,0,0,0,0,0,0,0,0,0
324,KR057629_A_Hawaii_39_2014,Vic11,0,2,1,1,4,1,1,0,0,1,1,0
325,KR057691_A_California_18_2014,Vic11,0,2,1,1,6,1,1,0,1,1,1,1
326,KT837113_A_California_19_2014,Vic11,1,2,2,1,1,1,0,0,0,0,0,0
327,KT837844_A_Colorado_15_2014,Vic11,1,2,2,0,0,0,0,0,0,0,0,0
328,KT837873_A_Mississippi_05_2014,Vic11,1,2,2,0,0,0,0,0,0,0,0,0
329,KT838103_A_Maryland_28_2014,Vic11,1,2,2,0,0,0,0,0,0,0,0,0
330,KT838296_A_Minnesota_28_2014,Vic11,1,2,3,0,0,0,0,0,0,0,0,0
331,KT838328_A_Louisiana_11_2014,Vic11,0,2,1,1,4,1,1,0,0,1,1,0
332,KY681484_A_Saudi_Arabia_07_2014,Vic11,1,3,2,0,0,0,0,0,0,0,0,0
333,CY207882_A_New_York_WC_LVD_14_097_2014,Vic11,1,2,2,0,0,0,0,0,0,0,0,0
334,KT838891_A_Georgia_04_2014,Vic11,1,2,3,0,0,0,0,0,0,0,0,0
335,KT838993_A_Missouri_11_2014,Vic11,0,2,1,1,4,1,1,0,0,1,1,0
336,KT839062_A_Texas_62_2014,Vic11,1,3,2,0,0,0,0,0,0,0,0,0
337,KT839395_A_Pennsylvania_49_2014,Vic11,0,2,1,1,7,1,1,1,1,1,1,1
338,MK640859_A_China_59100_2014,Vic11,1,3,2,0,0,0,0,0,0,0,0,0
339,CY207362_A_New_York_WC_LVD_14_073_2014,Vic11,1,2,2,0,0,0,0,0,0,0,0,0
340,CY207634_A_New_York_WC_LVD_14_094_2014,Vic11,1,3,2,0,0,0,0,0,0,0,0,0
341,KT839657_A_Alabama_10_2014,Vic11,1,2,2,0,0,0,0,0,0,0,0,0
342,KT840076_A_Tennessee_15_2014,Vic11,1,2,2,0,0,0,0,0,0,0,0,0
343,KT840285_A_Virginia_37_2014,Vic11,1,2,2,0,0,0,0,0,0,0,0,0
344,KT840798_A_Massachusetts_23_2014,Vic11,1,2,2,0,0,0,0,0,0,0,0,0
345,KT840865_A_Washington_60_2014,Vic11,0,2,1,1,4,1,1,0,0,1,1,0
346,KT841078_A_California_43_2014,Vic11,1,2,2,0,0,0,0,0,0,0,0,0
347,KY487521_A_Columbia_P0079_2014,Vic11,1,2,2,0,0,0,0,0,0,0,0,0
348,KY615536_A_Columbia_P0112_2014,Vic11,1,2,2,0,0,0,0,0,0,0,0,0
349,MK640865_A_China_60938_2014,Vic11,1,3,2,0,0,0,0,0,0,0,0,0
350,MK640867_A_China_J7525_2014,Vic11,1,3,2,0,0,0,0,0,0,0,0,0
351,MK640868_A_China_J7506_2014,Vic11,1,4,2,0,0,0,0,0,0,0,0,0
352,MK640871_A_China_60701_2014,Vic11,1,3,2,0,0,0,0,0,0,0,0,0
353,MK640877_A_China_61248_2014,Vic11,1,3,2,0,0,0,0,0,0,0,0,0
354,MK640878_A_China_61391_2014,Vic11,1,3,2,1,6,1,1,1,1,1,1,0
355,MK640879_A_China_61007_2014,Vic11,1,3,2,1,6,1,1,1,1,1,1,0
356,MK640881_A_China_60736_2014,Vic11,1,3,2,1,1,0,0,0,0,1,0,0
357,MK640882_A_China_60786_2014,Vic11,1,3,2,0,0,0,0,0,0,0,0,0
358,MK640885_A_China_61309_2014,Vic11,1,3,2,0,0,0,0,0,0,0,0,0
359,MK640887_A_China_61520_2014,Vic11,1,4,2,0,0,0,0,0,0,0,0,0
360,MK640892_A_China_61481_2014,Vic11,1,3,2,0,0,0,0,0,0,0,0,0
361,KT835748_A_Maryland_02_2015,Vic11,1,3,2,0,0,0,0,0,0,0,0,0
362,KT835964_A_California_20_2015,Vic11,0,2,1,1,4,1,1,0,0,1,1,0
363,KT836015_A_North_Carolina_25_2015,Vic11,1,2,2,0,0,0,0,0,0,0,0,0
364,KT836198_A_North_Carolina_03_2015,Vic11,1,2,2,0,0,0,0,0,0,0,0,0
365,KT836316_A_West_Virginia_07_2015,Vic11,1,2,2,0,0,0,0,0,0,0,0,0
366,KT836426_A_Iowa_12_2015,Vic11,1,2,2,0,0,0,0,0,0,0,0,0
367,KT841228_A_North_Carolina_06_2015,Vic11,0,2,1,1,4,1,1,0,0,1,1,0
368,KT841571_A_Rhode_Island_05_2015,Vic11,1,2,2,0,0,0,0,0,0,0,0,0
369,KT841585_A_South_Dakota_01_2015,Vic11,1,2,2,0,0,0,0,0,0,0,0,0
370,KT841691_A_Kentucky_01_2015,Vic11,1,2,2,0,0,0,0,0,0,0,0,0
371,KT841712_A_Wisconsin_02_2015,Vic11,1,2,2,0,0,0,0,0,0,0,0,0
372,MK640894_A_China_62885_2015,Vic11,1,4,2,0,0,0,0,0,0,0,0,0
373,MK640895_A_China_62889_2015,Vic11,1,3,2,0,0,0,0,0,0,0,0,0
374,MK640896_A_China_62895_2015,Vic11,1,3,2,0,0,0,0,0,0,0,0,0
375,KT842043_A_Indiana_13_2015,Vic11,1,2,2,0,0,0,0,0,0,0,0,0
376,KT842079_A_Pennsylvania_05_2015,Vic11,1,2,2,0,0,0,0,0,0,0,0,0
377,KT842218_A_Delaware_18_2015,Vic11,1,2,2,0,0,0,0,0,0,0,0,0
378,MK640897_A_China_63513_2015,Vic11,1,3,2,0,0,0,0,0,0,0,0,0
379,KT842837_A_South_Dakota_35_2015,Vic11,1,2,2,0,0,0,0,0,0,0,0,0
380,KT842864_A_North_Dakota_06_2015,Vic11,1,2,2,0,0,0,0,0,0,0,0,0
381,KT844048_A_Washington_36_2015,Vic11,1,3,2,0,0,0,0,0,0,0,0,0
382,KT843646_A_Alaska_26_2015,Vic11,1,2,2,0,0,0,0,0,0,0,0,0
383,KT844075_A_Alaska_69_2015,Vic11,1,2,2,0,0,0,0,0,0,0,0,0
384,KT843589_A_Iowa_34_2015,Vic11,1,2,2,0,0,0,0,0,0,0,0,0
385,KT844012_A_Iowa_28_2015,Vic11,1,2,2,0,0,0,0,0,0,0,0,0
386,MK640899_A_China_66886_2015,Vic11,1,2,2,0,0,0,0,0,0,0,0,0
387,KT843896_A_Ohio_26_2015,Vic11,1,2,2,0,0,0,0,0,0,0,0,0
388,MK640901_A_China_67013_2015,Vic11,1,2,2,0,0,0,0,0,0,0,0,0
389,KU589864_A_New_Hampshire_40_2015,Vic11,1,3,2,0,0,0,0,0,0,0,0,0
390,KU590701_A_Ohio_28_2015,Vic11,1,2,2,0,0,0,0,0,0,0,0,0
391,KY116931_A_Alaska_232_2015,Vic11,1,2,2,0,0,0,0,0,0,0,0,0
392,KY509828_A_Seoul_1595_2015,Vic11,1,3,2,1,4,1,1,1,1,0,0,0
393,KY681500_A_Saudi_Arabia_28_2015,Vic11,1,2,2,0,0,0,0,0,0,0,0,0
394,EPI686117_A_Hong_Kong_15611_2015,Swtz13,0,3,1,0,0,0,0,0,0,0,0,0
395,KU591160_A_Hawaii_68_2015,Swtz13,0,3,1,0,0,0,0,0,0,0,0,0
396,KU592163_A_Hawaii_74_2015,Swtz13,0,3,1,0,0,0,0,0,0,0,0,0
397,KU592184_A_South_Dakota_39_2015,Swtz13,0,3,1,0,0,0,0,0,0,0,0,0
398,KX412042_A_Iowa_45_2015,Swtz13,0,3,1,0,0,0,0,0,0,0,0,0
399,KY615571_A_Taipei_0011_2015,Swtz13,0,3,1,1,0,0,0,0,0,0,0,0
400,MK640903_A_China_70219_2015,Swtz13,0,3,1,1,1,0,0,1,0,0,0,0
401,KX414582_A_Washington_26_2016,Swtz13,0,3,1,0,0,0,0,0,0,0,0,0
402,KX916993_A_California_12_2016,Swtz13,0,4,1,0,0,0,0,0,0,0,0,0
403,KY487603_A_Taipei_0020_2016,Swtz13,0,3,1,0,0,0,0,0,0,0,0,0
404,KY487612_A_Linkou_0081_2016,Swtz13,0,4,2,0,0,0,0,0,0,0,0,0
405,KY509826_A_Chungbuk_107_2016,Swtz13,0,1,0,1,0,0,0,0,0,0,0,0
406,KY615384_A_Keelung_0026_2016,Swtz13,0,3,1,0,0,0,0,0,0,0,0,0
407,MK640906_A_China_71516_2016,Swtz13,0,3,1,0,0,0,0,0,0,0,0,0
408,KX416429_A_Hawaii_28_2016,Swtz13,0,3,1,0,0,0,0,0,0,0,0,0
409,KY509827_A_Gyeonggi_458_2016,Swtz13,0,3,1,1,4,1,1,1,1,0,0,0
410,KX413283_A_Georgia_40_2016,Swtz13,0,0,0,1,1,0,0,0,0,0,1,0
411,KX416117_A_Washington_47_2016,Swtz13,0,3,1,0,0,0,0,0,0,0,0,0
412,KX416829_A_Washington_55_2016,Swtz13,0,0,0,1,1,0,0,0,0,0,1,0
413,KX417005_A_Texas_136_2016,Swtz13,0,2,2,1,1,0,0,0,0,0,1,0
414,KX918281_A_Kentucky_26_2016,Swtz13,0,0,0,1,1,0,0,0,0,0,1,0
415,CY264049_A_Arizona_67_2016,Swtz13,0,2,1,0,0,0,0,0,0,0,0,0
416,CY208845_A_Texas_182_2016,Swtz13,0,4,1,0,0,0,0,0,0,0,0,0
417,KY115915_A_Nebraska_24_2016,Swtz13,0,4,1,0,0,0,0,0,0,0,0,0
418,MG984174_A_Shanghai_1_2016,Swtz13,0,5,1,1,0,0,0,0,0,0,0,0
419,CY211583_A_California_129_2016,HK15,0,0,0,1,0,0,0,0,0,0,0,0
420,CY213847_A_Minnesota_76_2016,HK15,0,0,0,0,0,0,0,0,0,0,0,0
421,CY210604_A_Idaho_41_2016,HK15,0,0,0,0,0,0,0,0,0,0,0,0
422,KY949700_A_Keelung_0082_2016,HK15,0,0,0,0,0,0,0,0,0,0,0,0
423,CY212887_A_California_184_2016,HK15,0,0,0,0,0,0,0,0,0,0,0,0
424,CY214479_A_Maryland_31_2016,HK15,0,0,0,1,0,0,0,0,0,0,0,0
425,CY214879_A_California_214_2016,HK15,0,0,0,1,0,0,0,0,0,0,0,0
426,KY950051_A_Linkou_0186_2016,HK15,0,0,0,0,0,0,0,0,0,0,0,0
427,MN304051_A_Basel_USB003343_1_2016,HK15,0,0,0,0,0,0,0,0,0,0,0,0
428,MN304056_A_Basel_USB003348_1_2016,HK15,0,0,0,1,0,0,0,0,0,0,0,0
429,MN304664_A_Basel_USB001538_1_2016,HK15,0,0,0,0,0,0,0,0,0,0,0,0
430,MN304668_A_Basel_USB002128_1_2016,HK15,0,0,0,0,0,0,0,0,0,0,0,0
431,MN304672_A_Basel_USB002199_1_2016,HK15,0,0,0,0,0,0,0,0,0,0,0,0
432,MN304679_A_Basel_USB002138_1_2016,HK15,0,0,0,0,0,0,0,0,0,0,0,0
433,MN304682_A_Basel_USB001546_1_2016,HK15,0,0,0,0,0,0,0,0,0,0,0,0
434,MN304690_A_Basel_USB002178_1_2016,HK15,0,0,0,0,0,0,0,0,0,0,0,0
435,MN304704_A_Basel_USB001552_1_2016,HK15,0,0,0,0,0,0,0,0,0,0,0,0
436,MN304711_A_Basel_USB001562_1_2016,HK15,0,0,0,0,0,0,0,0,0,0,0,0
437,CY212895_A_California_187_2016,HK15,0,0,1,1,1,0,0,0,0,0,1,0
438,CY212631_A_Nevada_55_2016,HK15,0,0,0,0,0,0,0,0,0,0,0,0
439,CY214207_A_Hawaii_103_2016,HK15,0,0,0,0,0,0,0,0,0,0,0,0
440,KY949675_A_Linkou_0175_2016,HK15,0,0,0,0,0,0,0,0,0,0,0,0
441,KY949682_A_Linkou_0191_2016,HK15,0,0,0,0,0,0,0,0,0,0,0,0
442,KY949699_A_Linkou_0187_2016,HK15,0,0,0,0,0,0,0,0,0,0,0,0
443,KY949766_A_Taipei_0088_2016,HK15,0,0,0,0,0,0,0,0,0,0,0,0
444,KY949786_A_Keelung_0097_2016,HK15,0,0,0,0,0,0,0,0,0,0,0,0
445,KY949826_A_Taipei_0092_2016,HK15,0,0,0,0,0,0,0,0,0,0,0,0
446,KY949862_A_Keelung_0089_2016,HK15,0,0,0,1,0,0,0,0,0,0,0,0
447,KY949934_A_Keelung_0099_2016,HK15,0,0,0,0,0,0,0,0,0,0,0,0
448,KY949967_A_Linkou_0169_2016,HK15,0,0,0,0,0,0,0,0,0,0,0,0
449,KY950096_A_Linkou_0181_2016,HK15,0,0,1,0,0,0,0,0,0,0,0,0
450,KY950133_A_Keelung_0095_2016,HK15,0,0,0,0,0,0,0,0,0,0,0,0
451,KY950211_A_Linkou_0185_2016,HK15,0,0,0,0,0,0,0,0,0,0,0,0
452,MF736980_A_Vologda_CRIE_172_2016,HK15,0,0,0,0,0,0,0,0,0,0,0,0
453,MG856322_A_Karachay_Cherkess_CRIE_296_2016,HK15,0,0,0,0,0,0,0,0,0,0,0,0
454,MG984518_A_Shanghai_7_2016,HK15,0,0,0,1,1,0,0,0,0,0,0,1
455,MK640910_A_China_80241_2016,HK15,0,0,0,1,0,0,0,0,0,0,0,0
456,MN304604_A_Basel_USB002047_1_2016,HK15,0,0,0,0,0,0,0,0,0,0,0,0
457,MN304638_A_Basel_USB002088_1_2016,HK15,0,0,0,0,0,0,0,0,0,0,0,0
458,MN304643_A_Basel_USB002097_1_2016,HK15,0,0,0,0,0,0,0,0,0,0,0,0
459,MN304651_A_Basel_USB002098_1_2016,HK15,0,0,0,0,0,0,0,0,0,0,0,0
460,MN304652_A_Basel_USB001532_1_2016,HK15,0,0,0,0,0,0,0,0,0,0,0,0
461,MN304663_A_Basel_USB001539_1_2016,HK15,0,0,0,0,0,0,0,0,0,0,0,0
462,MN304667_A_Basel_USB001537_1_2016,HK15,0,0,0,0,0,0,0,0,0,0,0,0
463,MN304687_A_Basel_USB002180_1_2016,HK15,0,0,0,0,0,0,0,0,0,0,0,0
464,CY214567_A_West_Virginia_01_2017,HK15,0,0,0,0,0,0,0,0,0,0,0,0
465,CY218123_A_Wisconsin_08_2017,HK15,0,0,1,0,0,0,0,0,0,0,0,0
466,CY220132_A_Texas_32_2017,HK15,0,0,0,0,0,0,0,0,0,0,0,0
467,CY220180_A_New_Jersey_07_2017,HK15,0,0,0,0,1,0,1,0,0,0,0,0
468,CY223691_A_Maryland_10_2017,HK15,0,0,1,1,1,0,1,0,0,0,0,0
469,CY224883_A_Arizona_06_2017,HK15,0,0,1,1,0,0,0,0,0,0,0,0
470,CY242099_A_Florida_29_2017,HK15,0,0,0,0,0,0,0,0,0,0,0,0
471,MF783012_A_Rochester_U029_2017,HK15,0,0,0,0,0,0,0,0,0,0,0,0
472,MG984182_A_Shanghai_10_2017,HK15,0,0,0,1,4,0,1,1,0,1,0,1
473,MG984190_A_Shanghai_11_2017,HK15,0,0,0,1,0,0,0,0,0,0,0,0
474,MG984198_A_Shanghai_12_2017,HK15,0,0,0,1,1,1,0,0,0,0,0,0
475,MG984222_A_Shanghai_15_2017,HK15,0,0,0,1,1,0,0,0,0,0,0,1
476,MG984230_A_Shanghai_16_2017,HK15,0,0,0,1,0,0,0,0,0,0,0,0
477,MG984238_A_Shanghai_17_2017,HK15,0,0,0,1,1,1,0,0,0,0,0,0
478,MG984246_A_Shanghai_18_2017,HK15,0,0,0,1,1,0,0,0,1,0,0,0
479,MG984254_A_Shanghai_19_2017,HK15,0,0,0,1,1,0,0,0,1,0,0,0
480,MH637557_A_Keelung_0113_2017,HK15,0,0,0,0,0,0,0,0,0,0,0,0
481,MH637752_A_Linkou_0206_2017,HK15,0,0,1,1,1,1,0,0,0,0,0,0
482,MK640913_A_China_81105_2017,HK15,0,0,0,0,0,0,0,0,0,0,0,0
483,MK640914_A_China_81129_2017,HK15,0,0,0,0,0,0,0,0,0,0,0,0
484,MN304081_A_Basel_USB003378_1_2017,HK15,0,0,0,0,0,0,0,0,0,0,0,0
485,MN304158_A_Basel_USB001568_1_2017,HK15,0,0,0,0,0,0,0,0,0,0,0,0
486,MN304160_A_Basel_USB002230_1_2017,HK15,0,0,0,0,0,0,0,0,0,0,0,0
487,MN304174_A_Basel_USB001581_1_2017,HK15,0,0,0,0,0,0,0,0,0,0,0,0
488,MN304184_A_Basel_USB001592_1_2017,HK15,0,0,0,0,0,0,0,0,0,0,0,0
489,MN304199_A_Basel_USB001639_1_2017,HK15,0,0,0,0,0,0,0,0,0,0,0,0
490,MN304202_A_Basel_USB002304_1_2017,HK15,0,0,0,0,0,0,0,0,0,0,0,0
491,MN304206_A_Basel_USB001584_1_2017,HK15,0,0,0,0,0,0,0,0,0,0,0,0
492,MN304230_A_Basel_USB002323_1_2017,HK15,0,0,0,0,0,0,0,0,0,0,0,0
493,MN304260_A_Basel_USB002443_1_2017,HK15,0,0,0,0,0,0,0,0,0,0,0,0
494,MN304284_A_Basel_USB002561_1_2017,HK15,0,0,0,0,0,0,0,0,0,0,0,0
495,MN304303_A_Basel_USB002594_1_2017,HK15,0,0,1,1,0,0,0,0,0,0,0,0
496,MN304347_A_Basel_USB002671_1_2017,HK15,0,0,0,0,0,0,0,0,0,0,0,0
497,MN304376_A_Basel_USB002722_1_2017,HK15,0,0,1,1,0,0,0,0,0,0,0,0
498,MN304409_A_Basel_USB002775_1_2017,HK15,0,0,0,0,0,0,0,0,0,0,0,0
499,MN304423_A_Basel_USB002825_1_2017,HK15,0,0,0,0,0,0,0,0,0,0,0,0
500,MN304459_A_Basel_USB002891_1_2017,HK15,0,0,0,0,0,0,0,0,0,0,0,0
501,CY220548_A_Alabama_06_2017,HK15,0,0,0,0,0,0,0,0,0,0,0,0
502,CY221923_A_Texas_47_2017,HK15,0,0,0,1,1,0,1,0,0,0,0,0
503,CY223218_A_New_Mexico_11_2017,HK15,0,0,0,0,0,0,0,0,0,0,0,0
504,CY223707_A_Ohio_05_2017,HK15,0,0,0,0,0,0,0,0,0,0,0,0
505,CY223731_A_Florida_10_2017,HK15,0,0,1,0,0,0,0,0,0,0,0,0
506,CY223739_A_Florida_11_2017,HK15,0,0,0,0,0,0,0,0,0,0,0,0
507,CY225075_A_Georgia_06_2017,HK15,0,0,0,0,0,0,0,0,0,0,0,0
508,CY228314_A_South_Dakota_11_2017,HK15,0,0,0,0,0,0,0,0,0,0,0,0
509,CY230042_A_Michigan_30_2017,HK15,0,0,0,0,0,0,0,0,0,0,0,0
510,CY230282_A_Tennessee_21_2017,HK15,0,0,0,0,0,0,0,0,0,0,0,0
511,CY230551_A_West_Virginia_09_2017,HK15,0,0,0,0,0,0,0,0,0,0,0,0
512,CY230855_A_Oregon_14_2017,HK15,0,0,0,1,5,1,1,1,1,0,0,1
513,MF736996_A_Karachay_Cherkess_CRIE_301_2017,HK15,0,0,0,0,0,0,0,0,0,0,0,0
514,MG984270_A_Shanghai_20_2017,HK15,0,0,0,1,0,0,0,0,0,0,0,0
515,MG984278_A_Shanghai_21_2017,HK15,0,0,0,1,0,0,0,0,0,0,0,0
516,MH637648_A_Taipei_0122_2017,HK15,0,0,0,0,0,0,0,0,0,0,0,0
517,MH637679_A_Taipei_0123_2017,HK15,0,0,0,0,0,0,0,0,0,0,0,0
518,MK640915_A_China_81891_2017,HK15,0,0,0,1,0,0,0,0,0,0,0,0
519,MN304116_A_Basel_USB003451_1_2017,HK15,0,0,1,1,0,0,0,0,0,0,0,0
520,MN304117_A_Basel_USB003452_1_2017,HK15,0,0,0,0,0,0,0,0,0,0,0,0
521,MN304125_A_Basel_USB003503_1_2017,HK15,0,0,0,0,0,0,0,0,0,0,0,0
522,MN304128_A_Basel_USB003507_1_2017,HK15,0,0,0,1,1,0,1,0,0,0,0,0
523,MN304483_A_Basel_USB002922_1_2017,HK15,0,0,0,0,0,0,0,0,0,0,0,0
524,MN304521_A_Basel_USB002995_1_2017,HK15,0,0,0,1,1,1,0,0,0,0,0,0
525,MN304543_A_Basel_USB003034_1_2017,HK15,0,0,0,1,1,0,1,0,0,0,0,0
526,MN304587_A_Basel_USB003307_1_2017,HK15,0,0,1,1,0,0,0,0,0,0,0,0
527,CY227443_A_Vermont_08_2017,HK15,0,0,1,1,0,0,0,0,0,0,0,0
528,CY227899_A_Delaware_19_2017,HK15,0,0,2,1,4,1,1,1,1,0,0,0
529,CY228698_A_Wisconsin_39_2017,HK15,0,0,0,0,0,0,0,0,0,0,0,0
530,CY228730_A_Arkansas_18_2017,HK15,0,0,2,1,1,0,0,0,0,0,0,1
531,CY230438_A_Delaware_19_2017,HK15,0,0,2,1,4,1,1,1,1,0,0,0
532,MH637456_A_Linkou_0266_2017,HK15,0,0,0,0,0,0,0,0,0,0,0,0
533,CY232473_A_Florida_34_2017,HK15,0,0,2,1,6,1,1,1,1,0,1,1
534,CY232567_A_North_Carolina_27_2017,HK15,0,0,1,1,6,1,1,1,1,0,1,1
535,CY235613_A_Washington_40_2017,HK15,0,0,0,0,0,0,0,0,0,0,0,0
536,CY235685_A_Nevada_12_2017,HK15,0,0,1,1,0,0,0,0,0,0,0,0
537,MH637707_A_Keelung_0161_2017,HK15,0,0,0,0,0,0,0,0,0,0,0,0
538,MG984286_A_Shanghai_29_2017,HK15,0,0,1,1,2,0,1,1,0,0,0,0
539,CY243548_A_Alaska_30_2017,HK15,0,0,0,0,0,0,0,0,0,0,0,0
540,MG984302_A_Shanghai_30_2017,HK15,0,0,1,1,4,0,0,1,1,0,1,1
541,MG984310_A_Shanghai_31_2017,HK15,0,0,0,1,4,1,1,1,0,1,0,0
542,MH637576_A_Linkou_0302_2017,HK15,0,0,1,1,1,1,0,0,0,0,0,0
543,CY242347_A_Florida_50_2017,HK15,0,0,0,0,0,0,0,0,0,0,0,0
544,CY243675_A_Alaska_46_2017,HK15,0,0,0,0,0,0,0,0,0,0,0,0
545,CY244478_A_California_60_2017,HK15,0,0,0,0,0,0,0,0,0,0,0,0
546,MG198917_A_Guangdong_SKLRD01_2017,HK15,0,0,1,0,0,0,0,0,0,0,0,0
547,MG984318_A_Shanghai_32_2017,HK15,0,0,1,1,5,1,0,1,1,1,0,1
548,MG984326_A_Shanghai_33_2017,HK15,0,0,1,1,1,0,0,0,0,0,0,1
549,MG984342_A_Shanghai_35_2017,HK15,0,0,1,1,6,1,0,1,1,1,1,1
550,MH637447_A_Linkou_0335_2017,HK15,0,0,0,0,0,0,0,0,0,0,0,0
551,MK159064_A_Jeonbuk_736_2017,HK15,0,0,0,1,1,0,0,0,0,1,0,0
552,CY245203_A_Arizona_50_2017,HK15,0,0,0,0,0,0,0,0,0,0,0,0
553,CY245459_A_Hawaii_45_2017,HK15,0,0,0,0,0,0,0,0,0,0,0,0
554,MG984350_A_Shanghai_36_2017,HK15,0,0,1,1,4,1,0,1,0,0,1,1
555,MG984358_A_Shanghai_37_2017,HK15,0,0,1,1,0,0,0,0,0,0,0,0
556,MG984366_A_Shanghai_38_2017,HK15,0,0,1,1,5,0,0,1,1,1,1,1
557,MG984390_A_Shanghai_40_2017,HK15,0,0,0,1,2,0,0,0,0,1,0,1
558,MG984398_A_Shanghai_41_2017,HK15,0,0,1,1,4,0,0,1,1,0,1,1
559,MG984414_A_Shanghai_43_2017,HK15,0,0,1,1,0,0,0,0,0,0,0,0
560,MG984430_A_Shanghai_45_2017,HK15,0,0,1,1,2,1,0,0,0,0,0,1
561,MG984438_A_Shanghai_46_2017,HK15,0,0,1,1,6,1,0,1,1,1,1,1
562,MG984446_A_Shanghai_47_2017,HK15,0,0,1,1,0,0,0,0,0,0,0,0
563,MG984462_A_Shanghai_49_2017,HK15,0,0,1,1,3,0,0,0,0,1,1,1
564,MG984478_A_Shanghai_50_2017,HK15,0,0,1,1,5,1,0,1,1,0,1,1
565,MG984486_A_Shanghai_51_2017,HK15,0,0,1,1,4,0,0,1,1,0,1,1
566,MG984502_A_Shanghai_53_2017,HK15,0,0,1,1,5,1,0,1,1,0,1,1
567,MK159072_A_Gyeongbuk_745_2017,HK15,0,0,0,0,0,0,0,0,0,0,0,0
568,CY250520_A_Arkansas_24_2017,HK15,0,0,0,0,0,0,0,0,0,0,0,0
569,CY257914_A_Florida_73_2017,HK15,0,0,0,1,1,0,1,0,0,0,0,0
570,CY257994_A_Massachusetts_16_2017,HK15,0,0,1,1,0,0,0,0,0,0,0,0
571,CY258177_A_New_York_36_2017,HK15,0,0,1,0,0,0,0,0,0,0,0,0
572,CY258305_A_Louisiana_57_2017,HK15,0,0,0,0,0,0,0,0,0,0,0,0
573,CY260353_A_California_86_2017,HK15,0,0,1,0,0,0,0,0,0,0,0,0
574,CY266079_A_Florida_87_2017,HK15,0,0,0,0,0,0,0,0,0,0,0,0
575,CY264374_A_New_Hampshire_27_2017,HK15,0,0,0,0,0,0,0,0,0,0,0,0
576,CY264986_A_Pennsylvania_274_2017,HK15,0,0,0,0,0,0,0,0,0,0,0,0
577,MG974447_A_Kansas_14_2017,HK15,0,0,2,0,0,0,0,0,0,0,0,0
578,MH637483_A_Baltimore_P0247_2018,HK15,0,0,0,0,0,0,0,0,0,0,0,0
579,MH637511_A_Baltimore_P0243_2018,HK15,0,0,2,0,0,0,0,0,0,0,0,0
580,MH637528_A_Baltimore_P0241_2018,HK15,0,0,2,0,0,0,0,0,0,0,0,0
581,MH637565_A_Baltimore_P0255_2018,HK15,0,0,0,0,0,0,0,0,0,0,0,0
582,MH637603_A_Baltimore_P0238_2018,HK15,0,0,0,0,0,0,0,0,0,0,0,0
583,MH637673_A_Baltimore_P0237_2018,HK15,0,0,0,0,0,0,0,0,0,0,0,0
584,MH637726_A_Baltimore_P0239_2018,HK15,0,0,0,0,0,0,0,0,0,0,0,0
585,MH637747_A_Baltimore_P0232_2018,HK15,0,0,0,0,0,0,0,0,0,0,0,0
586,MH637768_A_Baltimore_P0242_2018,HK15,0,0,0,0,0,0,0,0,0,0,0,0
587,MH637783_A_Baltimore_P0244_2018,HK15,0,0,0,0,0,0,0,0,0,0,0,0
588,MH637488_A_Baltimore_P0279_2018,HK15,0,0,2,0,0,0,0,0,0,0,0,0
589,MH637596_A_Baltimore_P0304_2018,HK15,0,0,0,0,0,0,0,0,0,0,0,0
590,MH637687_A_Baltimore_P0286_2018,HK15,0,0,0,0,0,0,0,0,0,0,0,0
591,MH637730_A_Baltimore_P0283_2018,HK15,0,0,2,0,0,0,0,0,0,0,0,0
592,MH637808_A_Baltimore_P0298_2018,HK15,0,0,0,0,0,0,0,0,0,0,0,0
593,MH701747_A_New_Jersey_93924_2018,HK15,0,0,0,0,0,0,0,0,0,0,0,0
594,MH701755_A_New_Jersey_93934_2018,HK15,0,0,0,0,0,0,0,0,0,0,0,0
595,MN154312_A_Washington_9752_2019,HK15,0,0,2,0,0,0,0,0,0,0,0,0
596,MN170167_A_Washington_9147_2019,HK15,0,0,2,0,0,0,0,0,0,0,0,0
597,MN170183_A_Washington_9149_2019,HK15,0,0,2,0,0,0,0,0,0,0,0,0
598,MN170191_A_Washington_9150_2019,HK15,0,0,2,0,0,0,0,0,0,0,0,0
599,MN170207_A_Washington_9153_2019,HK15,0,0,2,0,0,0,0,0,0,0,0,0
600,MN170223_A_Washington_9155_2019,HK15,0,0,2,0,0,0,0,0,0,0,0,0
