ID,StrainName,vaccine_code,PB2_Syn,PB1_Syn,PA_Syn,HA_Syn,NP_Syn,NA_Syn,M_Syn,NS_Syn
1,CY003287_A_New_York_438_2000,Mos99,15,4,7,2,4,1,8,3
2,CY114324_A_Netherlands_3_2000,Mos99,14,10,4,3,0,1,8,3
3,CY114340_A_Netherlands_126_2001,Mos99,4,14,11,4,16,3,9,9
4,CY002335_A_New_York_77_2001,Mos99,31,24,17,12,21,22,9,9
5,CY000216_A_New_York_91_2002,Mos99,25,25,17,11,24,22,10,11
6,CY112948_A_Netherlands_1_2002,Mos99,33,21,18,9,22,17,9,7
7,CY000552_A_New_York_115_2002,Mos99,28,23,17,10,23,21,10,8
8,CY013812_A_New_York_C4_2002,Mos99,28,25,17,10,25,22,9,8
9,EPI358781_A_Fujian_411_2002,Mos99,22,17,11,19,7,8,9,4
10,CY000872_A_New_York_193_2003,Mos99,29,24,24,16,25,17,11,12
11,CY032968_A_Yucatan_844_2003,Mos99,23,16,12,21,12,10,10,5
12,CY001559_A_New_York_215_2003,Mos99,39,33,22,11,25,23,10,13
13,KJ855376_A_Mexico_DIF835_2003,Mos99,27,19,15,22,9,12,11,4
14,CY088027_A_England_425_2003,Mos99,38,33,22,24,26,26,13,7
15,CY000352_A_New_York_15_2003,Mos99,38,34,30,19,24,19,14,9
16,CY000908_A_New_York_13_2003,Mos99,39,31,26,26,25,22,11,7
17,CY002351_A_New_York_272_2003,Mos99,39,32,26,25,25,22,12,7
18,CY088035_A_England_438_2003,Mos99,37,30,28,20,24,22,12,8
19,CY088115_A_England_467_2003,Mos99,38,34,27,21,25,23,12,7
20,CY088131_A_Scotland_78_2003,Mos99,39,32,22,25,25,24,10,8
21,CY088139_A_Scotland_79_2003,Mos99,36,29,27,20,23,23,13,8
22,CY088187_A_England_944_2003,Mos99,37,33,22,23,27,26,13,7
23,CY088251_A_England_525_2003,Mos99,39,35,22,22,26,28,12,7
24,CY088267_A_England_585_2003,Mos99,25,31,30,25,25,22,12,8
25,CY088275_A_England_487_2003,Mos99,39,34,29,25,26,23,13,9
26,CY088291_A_England_491_2003,Mos99,37,35,28,23,26,22,13,8
27,CY088323_A_England_508_2003,Mos99,39,31,30,19,25,22,12,8
28,CY088339_A_England_957_2003,Mos99,37,37,29,23,28,24,13,7
29,CY088379_A_England_532_2003,Mos99,37,38,28,24,24,23,13,7
30,CY090956_A_South_Carolina_NHRC0002_2003,Mos99,37,32,28,22,25,24,11,7
31,CY107095_A_England_470_2003,Mos99,37,33,22,22,24,24,13,7
32,CY107111_A_England_516_2003,Mos99,36,31,30,20,24,26,14,8
33,CY107151_A_England_493_2003,Mos99,40,35,30,21,24,22,12,7
34,CY107167_A_England_532_2003,Mos99,37,39,25,24,24,22,13,7
35,CY000024_A_New_York_30_2003,Mos99,38,35,28,22,25,23,13,7
36,CY000056_A_New_York_35_2003,Mos99,38,34,27,21,24,22,12,7
37,CY000104_A_New_York_54_2003,Mos99,38,31,27,24,25,26,11,7
38,CY000144_A_New_York_26_2003,Mos99,37,32,29,19,25,20,13,9
39,CY000272_A_New_York_53_2003,Mos99,36,33,29,20,24,20,14,9
40,CY000512_A_New_York_4_2003,Mos99,38,33,28,22,25,22,13,8
41,CY001095_A_New_York_24_2003,Mos99,38,32,29,20,26,20,14,9
42,CY001196_A_New_York_18_2003,Mos99,38,33,30,21,26,26,11,7
43,CY001300_A_New_York_37_2003,Mos99,39,32,26,26,25,22,11,7
44,CY088363_A_England_558_2003,Mos99,21,19,27,23,12,23,10,5
45,CY088387_A_England_522_2003,Mos99,38,34,22,22,24,26,12,7
46,CY088403_A_England_547_2003,Mos99,36,32,28,22,22,23,12,8
47,CY091468_A_California_NHRC0006_2003,Mos99,36,33,26,22,25,19,14,9
48,CY092216_A_Georgia_NHRC0001_2003,Mos99,38,31,34,21,26,23,11,7
49,KJ855448_A_Mexico_DIF2662_2003,Mos99,38,30,30,19,26,19,13,9
50,CY000040_A_New_York_33_2004,Mos99,40,32,27,27,28,23,11,7
51,CY000768_A_New_York_10_2004,Mos99,39,33,27,20,25,22,13,7
52,CY001036_A_New_York_6_2004,Mos99,39,32,26,20,24,22,13,7
53,CY009267_A_New_York_499_2004,Mos99,41,33,25,21,25,22,14,7
54,CY091124_A_Missouri_NHRC0002_2004,Mos99,40,30,31,19,25,20,14,11
55,CY038574_A_Hong_Kong_HKU2_2004,Mos99,38,34,30,21,26,20,13,8
56,CY039494_A_Hong_Kong_HKU1_2004,Mos99,25,21,18,22,11,14,10,4
57,CY038950_A_Hong_Kong_HKU4_2004,Mos99,24,23,23,18,13,14,10,5
58,CY038958_A_Hong_Kong_HKU6_2004,Mos99,21,19,20,24,14,12,11,4
59,CY039166_A_Hong_Kong_HKU5_2004,Mos99,42,31,33,25,25,22,12,9
60,CY038998_A_Hong_Kong_HKU15_2004,Mos99,25,20,23,24,12,13,10,4
61,CY038990_A_Hong_Kong_HKU14_2004,Mos99,22,18,18,22,17,12,10,6
62,CY038614_A_Hong_Kong_HKU19_2004,Mos99,24,23,14,22,16,14,11,5
63,CY038622_A_Hong_Kong_HKU20_2004,Mos99,26,26,14,21,16,13,9,4
64,CY039014_A_Hong_Kong_HKU21_2004,Mos99,25,26,13,22,17,15,13,4
65,CY038638_A_Hong_Kong_HKU29_2004,Mos99,25,28,15,23,17,14,12,5
66,CY038646_A_Hong_Kong_HKU31_2004,Mos99,25,24,15,22,17,15,11,5
67,CY039030_A_Hong_Kong_HKU25_2004,Mos99,25,23,15,23,17,14,11,4
68,CY039038_A_Hong_Kong_HKU30_2004,Mos99,25,27,14,23,15,14,13,4
69,CY039174_A_Hong_Kong_HKU24_2004,Mos99,26,19,22,25,14,17,10,4
70,CY043751_A_Hong_Kong_HKU28_2004,Mos99,25,28,15,23,17,13,11,5
71,CY038654_A_Hong_Kong_HKU34_2004,Mos99,25,25,16,21,17,14,10,5
72,CY039502_A_Hong_Kong_HKU32_2004,Mos99,25,24,15,22,17,15,11,4
73,CY006386_A_New_York_467_2004,Mos99,24,20,22,25,14,13,10,5
74,CY040321_A_Hong_Kong_HKU38_2004,Mos99,27,25,13,23,17,14,9,5
75,EPI367109_A_California_7_2004,Mos99,29,19,24,24,17,16,9,4
76,CY002719_A_New_York_319_2004,Fuj02,14,9,16,7,10,8,4,1
77,CY003671_A_New_York_471_2004,Fuj02,11,9,16,8,9,8,3,1
78,CY039054_A_Hong_Kong_HKU40_2004,Fuj02,7,9,4,3,11,8,1,4
79,CY002199_A_New_York_366_2004,Fuj02,17,8,17,11,10,9,5,2
80,CY002231_A_New_York_372_2004,Fuj02,13,5,17,10,10,10,5,3
81,CY002255_A_New_York_381_2004,Fuj02,11,8,17,7,10,9,5,4
82,CY002263_A_New_York_383_2004,Fuj02,15,8,22,6,10,11,3,0
83,CY002447_A_New_York_365_2004,Fuj02,14,8,22,4,11,13,5,4
84,CY002599_A_New_York_377_2004,Fuj02,13,9,17,6,11,9,4,2
85,CY002791_A_New_York_232_2004,Fuj02,11,8,18,6,10,10,5,2
86,CY003079_A_New_York_123_2004,Fuj02,13,9,17,6,10,10,5,2
87,CY019156_A_New_York_900_2004,Fuj02,13,5,17,10,10,10,5,3
88,CY019164_A_New_York_900_2004,Fuj02,13,5,17,10,10,10,5,3
89,CY019180_A_New_York_905_2004,Fuj02,11,8,17,7,10,9,4,3
90,CY019260_A_New_York_908_2004,Fuj02,11,8,17,7,10,9,4,3
91,CY112996_A_Netherlands_132_2004,Fuj02,15,8,18,8,8,6,2,5
92,CY002007_A_New_York_359_2005,Fuj02,15,8,15,5,8,9,4,0
93,CY019300_A_New_York_913_2005,Fuj02,13,9,18,7,11,10,4,2
94,CY019308_A_New_York_918_2005,Fuj02,13,9,18,6,11,10,5,2
95,CY019324_A_New_York_918_2005,Fuj02,13,9,18,6,11,10,5,2
96,CY020540_A_New_York_913_2005,Fuj02,13,9,18,7,11,10,4,2
97,CY038686_A_Hong_Kong_HKU42_2005,Fuj02,6,12,4,2,11,7,4,0
98,EPI502253_A_Wisconsin_67_2005,Fuj02,18,11,11,10,13,7,1,0
99,CY002015_A_New_York_361_2005,Fuj02,12,9,17,7,10,9,4,3
100,CY002463_A_New_York_373_2005,Fuj02,14,10,16,9,13,9,3,0
101,CY003647_A_New_York_463_2005,Fuj02,13,9,18,9,11,7,4,1
102,CY090996_A_South_Carolina_NHRC0001_2005,Fuj02,17,11,18,7,12,13,3,0
103,CY091140_A_Texas_NHRC0001_2005,Fuj02,14,9,20,8,9,7,6,7
104,CY091436_A_California_NHRC0002_2005,Fuj02,11,13,20,6,8,9,3,3
105,CY002079_A_New_York_396_2005,Fuj02,13,9,18,6,11,8,4,1
106,CY006091_A_New_York_465_2005,Fuj02,14,12,18,6,10,9,4,2
107,CY039062_A_Hong_Kong_HKU45_2005,Fuj02,14,13,18,9,10,8,3,0
108,CY039070_A_Hong_Kong_HKU47_2005,Fuj02,18,10,5,10,12,7,1,0
109,CY040329_A_Hong_Kong_HKU52_2005,Fuj02,14,10,6,9,10,8,1,0
110,CY091012_A_Illinois_NHRC0001_2005,Fuj02,18,12,20,7,15,11,2,2
111,CY038702_A_Hong_Kong_HKU62_2005,Fuj02,15,10,6,14,13,9,3,0
112,CY038710_A_Hong_Kong_HKU65_2005,Fuj02,17,9,5,13,10,6,1,0
113,CY038718_A_Hong_Kong_HKU67_2005,Fuj02,16,9,9,10,12,7,2,0
114,CY038734_A_Hong_Kong_HKU69_2005,Fuj02,18,9,6,12,12,6,1,1
115,CY038742_A_Hong_Kong_HKU70_2005,Fuj02,16,10,7,12,11,6,1,0
116,CY039214_A_Hong_Kong_HKU58_2005,Fuj02,15,12,6,12,12,6,2,0
117,CY039230_A_Hong_Kong_HKU61_2005,Fuj02,14,9,6,11,13,7,1,0
118,CY039238_A_Hong_Kong_HKU63_2005,Fuj02,15,9,6,10,11,7,2,2
119,CY040345_A_Hong_Kong_HKU75_2005,Fuj02,15,9,7,13,14,7,1,1
120,CY040353_A_Hong_Kong_HKU76_2005,Fuj02,17,9,8,11,12,7,1,2
121,CY040361_A_Hong_Kong_HKU77_2005,Fuj02,18,11,5,10,10,9,1,1
122,CY043767_A_Hong_Kong_HKU72_2005,Fuj02,15,11,6,10,12,9,3,0
123,CY044404_A_Hong_Kong_HKU73_2005,Fuj02,8,10,6,12,10,6,1,1
124,CY091316_A_Hong_Kong_NHRC0001_2005,Fuj02,18,9,7,15,12,6,2,1
125,CY038758_A_Hong_Kong_HKU79_2005,Fuj02,18,11,8,12,14,7,3,4
126,CY043775_A_Hong_Kong_HKU78_2005,Fuj02,16,14,7,10,12,7,1,1
127,KJ855424_A_Mexico_QUE2270_2005,Fuj02,20,10,6,11,14,6,1,1
128,CY100575_A_Mexico_InDRE2246_2005,Fuj02,21,10,10,11,12,7,1,0
129,KJ855472_A_Mexico_TLA2227_2005,Fuj02,21,10,6,12,13,9,2,1
130,CY172198_A_New_York_1001_2005,Cal04,25,26,25,10,21,9,7,3
131,CY091036_A_Illinois_NHRC0002_2005,Cal04,27,26,26,8,22,10,7,3
132,CY091532_A_California_NHRC0006_2005,Cal04,7,9,6,6,5,8,2,1
133,CY113004_A_Netherlands_548_2005,Cal04,10,23,29,10,22,9,5,1
134,CY172390_A_New_York_1028_2006,Cal04,7,2,5,14,0,13,7,1
135,CY019866_A_New_York_938_2006,Cal04,13,24,28,9,22,9,5,1
136,CY020372_A_New_York_938_2006,Cal04,13,24,28,9,22,9,5,1
137,CY114404_A_Netherlands_363_2006,Wis05,8,32,3,6,30,6,10,4
138,CY039406_A_Taiwan_70002_2007,Wis05,4,4,4,5,4,2,5,2
139,CY039414_A_Taiwan_70113_2007,Wis05,6,8,3,7,3,1,2,1
140,CY025428_A_California_UR06_0347_2007,Wis05,13,9,6,10,25,4,0,3
141,CY027570_A_Texas_UR06_0358_2007,Wis05,13,6,5,9,23,4,1,3
142,CY040057_A_Taiwan_70307_2007,Wis05,5,4,1,6,2,1,5,2
143,CY114412_A_Netherlands_69_2007,Wis05,16,13,9,15,27,8,2,5
144,EPI577980_A_Brisbane_10_2007,Wis05,16,11,3,9,24,5,2,4
145,CY040073_A_Taiwan_2361_2007,Wis05,18,9,8,13,28,4,2,6
146,CY114420_A_Netherlands_348_2007,Wis05,14,10,3,10,23,9,2,5
147,CY037310_A_Qatar_AF02_2008,Wis05,18,16,8,13,26,7,2,5
148,CY040105_A_Taiwan_70120_2008,Wis05,18,11,8,12,23,7,3,4
149,CY037326_A_Korea_AF05_2008,Wis05,16,12,14,18,28,5,4,3
150,CY044603_A_Boston_40_2008,Wis05,15,14,14,16,28,7,3,3
151,CY173286_A_New_York_1155_2008,Wis05,16,12,5,14,27,5,3,3
152,CY044827_A_Boston_88_2008,Wis05,18,13,6,13,25,5,3,4
153,CY113020_A_Netherlands_377_2008,Wis05,18,14,10,15,30,5,4,6
154,CY147666_A_Mexico_24013_2008,Bris07,2,2,3,6,6,1,1,1
155,CY093316_A_Kyrgyzstan_WRAIR1256P_2008,Bris07,10,6,6,7,3,5,3,1
156,CY089756_A_Boston_75_2009,Bris07,12,3,14,6,4,3,1,1
157,CY093237_A_South_Korea_WRAIR1171P_2009,Bris07,10,6,4,9,5,4,2,1
158,CY093348_A_Kuwait_WRAIR1561P_2009,Bris07,5,3,6.5,7,2,4,1,0
159,CY113028_A_Netherlands_69_2009,Bris07,11,3,11,6,3,2,2,0
160,CY069426_A_Japan_WRAIR1140P_2009,Bris07,5,5,12,12,5,5,2,1
161,CY089740_A_Boston_40_2009,Bris07,3,3,13,11,3,0,1,0
162,CY050611_A_New_York_3018_2009,Bris07,6,2,8.5,7,8,6,2,0
163,CY050731_A_New_York_3143_2009,Bris07,5,2,8.5,6,8,6,3,0
164,CY064830_A_California_VRDL138_2009,Bris07,10,4,12,7,4,3,1,0
165,CY068104_A_California_VRDL368_2009,Bris07,12,6,6,10,11,4,2,1
166,CY068208_A_California_VRDL170_2009,Bris07,9,5,12,8,7,4,3,1
167,CY068232_A_California_VRDL188_2009,Bris07,3,4,16,11,2,0,2,0
168,CY068296_A_California_VRDL247_2009,Bris07,5,3,14.5,11,3,1,2,0
169,CY068360_A_California_VRDL263_2009,Bris07,5,3,10,7,4,7,6,0
170,CY068416_A_California_VRDL277_2009,Bris07,6,1,9.5,6,7,8,3,1
171,CY068640_A_California_VRDL394_2009,Bris07,3,7,13,11,3,0,3,1
172,CY068781_A_California_VRDL205_2009,Bris07,5,4,14,12,1,0,2,0
173,CY069322_A_Korea_WRAIR1038P_2009,Bris07,7,3,12,8,6,6,4,1
174,EPI577969_A_Perth_16_2009,Bris07,10,4,9,7,8,5,4,1
175,CY050795_A_New_York_3491_2009,Bris07,5,3,8.5,6,8,6,3,0
176,CY050827_A_New_York_3738_2009,Bris07,5,3,10,7,9,6,5,1
177,CY067976_A_California_VRDL339_2009,Bris07,5,3,9,8,6,5,6,0
178,CY068336_A_California_VRDL260_2009,Bris07,8,3,10,10,4,5,6,1
179,CY068480_A_California_VRDL309_2009,Bris07,12,4,14,6,3,2,2,2
180,CY077432_A_California_VRDL356_2009,Bris07,6,3,9.5,6,9,6,4,1
181,CY084416_A_New_York_3918_2009,Bris07,5,3,8.5,7,8,6,3,1
182,CY113044_A_Netherlands_761_2009,Bris07,7,9,11,11,6,4,2,4
183,CY106599_A_Hong_Kong_H090_671_V10_2009,Bris07,7,5,10,17,6,7,2,1
184,CY106647_A_Hong_Kong_H090_689_V22_2009,Bris07,9,4,10.5,8,6,7,3,0
185,CY106655_A_Hong_Kong_H090_692_V10_2009,Bris07,6,5,9.5,11,6,7,3,0
186,CY106703_A_Hong_Kong_H090_714_V10_2009,Bris07,6,4,9.5,9,6,7,3,0
187,CY106735_A_Hong_Kong_H090_720_V31_2009,Bris07,8,5,11,17,6,6,2,1
188,CY106743_A_Hong_Kong_H090_724_V10_2009,Bris07,6,3,10.5,7,9,10,3,0
189,CY106751_A_Hong_Kong_H090_724_V20_2009,Bris07,6,3,10.5,7,9,10,3,0
190,CY106791_A_Hong_Kong_H090_733_V10_2009,Bris07,7,3,10.5,9,7,7,3,0
191,CY106847_A_Hong_Kong_H090_739_V22_2009,Bris07,7,4,9.5,7,7,7,3,1
192,CY106863_A_Hong_Kong_H090_739_V33_2009,Bris07,7,4,9.5,7,7,7,3,1
193,CY106871_A_Hong_Kong_H090_741_V10_2009,Bris07,9,3,10.5,8,6,7,3,0
194,CY106879_A_Hong_Kong_H090_747_V10_2009,Bris07,6,5,9.5,7,7,7,3,1
195,CY115527_A_Hong_Kong_H090_689_V20_2009,Bris07,9,4,10.5,8,6,7,3,0
196,CY115647_A_Hong_Kong_H090_726_V10_2009,Bris07,6,3,10,9,6,7,3,0
197,CY115687_A_Hong_Kong_H090_734_V32_2009,Bris07,8,5,10.5,8,6,9,3,1
198,CY115727_A_Hong_Kong_H090_739_V23_2009,Bris07,7,4,9.5,7,7,7,3,1
199,CY115735_A_Hong_Kong_H090_739_V33_2009,Bris07,7,4,9.5,7,7,7,3,1
200,KY049985_A_Qinghai_178_2010,Bris07,19,19,18,16,6,7,6,4
201,CY072221_A_New_York_20343_2010,Bris07,8,10,11,11,4,7,2,0
202,HQ664917_A_Nanjing_1655_2010,Bris07,20,15,18,13,7,7,7,4
203,HQ664922_A_Nanjing_1654_2010,Bris07,17,18,16,15,9,8,5,5
204,HQ664929_A_Nanjing_1663_2010,Bris07,21,21,19,15,7,5,6,4
205,CY093221_A_District_of_Columbia_WRAIR0300_2010,Prth09,10,14,16,9,8,12,13,3
206,MK729833_A_New_York_WC_LVD_10_001_2010,Prth09,8,17,15,9,7,15,6,5
207,CY093540_A_Mexico_City_WRAIR3579T_2010,Prth09,23,19,15,17,6,9,8,7
208,CY114516_A_Netherlands_034_2010,Prth09,10,17,15,10,7,15,8,3
209,KC882441_A_Iowa_19_2010,Prth09,23,21,15,17,7,12,8,8
210,KC882476_A_Texas_24_2010,Prth09,21,21,17,17,13,9,9,8
211,KT888262_A_Mexico_City_1514A00904139N_CP2_2010,Prth09,23,18,15,19,7,9,9,7
212,MK729873_A_New_York_WC_LVD_10_006_2010,Prth09,7,5,6,9,7,8,5,4
213,CY091580_A_Illinois_NHRC0002_2011,Prth09,24,17,15,17,9,9,8,9
214,CY091588_A_California_NHRC0001_2011,Prth09,21,17,15,19,6,9,8,7
215,CY092272_A_California_NHRC0003_2011,Prth09,23,20,18,17,6,12,8,7
216,CY092288_A_California_NHRC0002_2011,Prth09,22,19,15,18,7,10,8,7
217,CY111165_A_Boston_DOA05_2011,Prth09,21,21,16,16,9,14,8,7
218,CY114428_A_Netherlands_063_2011,Prth09,22,23,9,12,10,15,11,10
219,CY167515_A_Tennessee_F2018A_2011,Prth09,22,17,15,17,6,10,8,9
220,KC882565_A_New_Jersey_01_2011,Prth09,9,17,17,10,12,16,9,3
221,CY111309_A_Boston_DOA48_2011,Prth09,6,18,18,10,12,17,9,4
222,CY111317_A_Boston_DOA51_2011,Prth09,10,20,19,9,11,17,8,3
223,CY134520_A_Boston_DOA38_2011,Prth09,22,19,18,18,9,13,9,7
224,CY134568_A_Boston_DOA47_2011,Prth09,25,20,18,19,8,11,9,9
225,CY167571_A_Tennessee_F2031A_2011,Prth09,22,19,16,17,6,11,8,8
226,KC882641_A_Texas_06_2011,Prth09,22,20,15,17,6,10,9,7
227,KR137644_A_Bethesda_NIH12_2011,Prth09,12,28,18,16,14,16,9,3
228,CY111421_A_Boston_DOA78_2011,Prth09,22,22,16,16,9,15,8,7
229,EPI417234_A_Victoria_361_2011,Prth09,21,23,20,12,11,20,8,7
230,KT888275_A_Hong_Kong_1514A01704826T_2011,Prth09,19,19,22,16,9,17,8,5
231,KT888268_A_Amman_1514A01004465T_2011,Prth09,20,25,20,16,9,18,9,5
232,KT888283_A_Budapest_1514A07804502N_2011,Prth09,10,24,14,11,11,17,5,3
233,KT889087_A_Japan_22_2011,Prth09,25,25,20,20,10,12,11,11
234,KT888257_A_Moscow_1514A00504942N_2012,Prth09,12,31,14,15,9,14,8,4
235,KT888258_A_Moscow_1514A00504950T_2012,Prth09,13,26,14,13,10,17,6,3
236,KT888267_A_Amman_1514A01004462T_2012,Prth09,19,25,20,16,9,18,9,5
237,KT888281_A_Sarajevo_1514A06604486N_2012,Prth09,27,22,22,20,9,13,10,11
238,KT888944_A_Yokosuka_SE680_2012,Prth09,10,27,15,19,12,16,7,3
239,KT889082_A_Japan_17_2012,Prth09,11,27,15,16,13,16,6,5
240,KT889083_A_Korea_18_2012,Prth09,16,25,19,15,10,19,9,8
241,KT889099_A_Korea_37_2012,Prth09,19,20,22,14,10,17,8,7
242,KT889102_A_Kyrgyzstan_40_2012,Prth09,17,22,23,14,10,16,10,6
243,KT889103_A_Kyrgyzstan_41_2012,Prth09,18,22,21,14,9,16,10,6
244,KT889104_A_Japan_42_2012,Prth09,11,27,15,16,13,16,6,5
245,KT889107_A_Korea_45_2012,Prth09,11,27,19,14,14,18,6,4
246,KT889108_A_Korea_47_2012,Prth09,17,23,24,15,10,18,8,5
247,KT888945_A_Yokosuka_SE863_2012,Prth09,15,23,15,13,13,16,5,3
248,KT889105_A_Japan_43_2012,Prth09,11,26,15,16,13,16,6,5
249,KC892843_A_Nevada_12_2012,Prth09,26,27,17,23,17,15,14,10
250,KT888260_A_Moscow_1514A00505153N_2012,Prth09,18,24,18,15,15,22,9,4
251,KT889091_A_Japan_26_2012,Prth09,16,29,19,16,13,24,8,4
252,EPI556813_A_Texas_50_2012,Prth09,19,22,24,15,10,16,10,6
253,KT888259_A_Moscow_1514A00505149T_2012,Prth09,18,24,18,15,15,22,9,4
254,KT888261_A_Moscow_1514A00505162N_2012,Prth09,18,24,18,15,15,22,9,4
255,KT888279_A_Prague_1514A06404885N_2012,Prth09,20,22,20,16,8,18,8,5
256,MK640845_A_China_38887_2012,Prth09,23,27,24,19,12,21,9,7
257,MK640846_A_China_38888_2012,Prth09,22,25,26,16,9,20,9,7
258,MK640847_A_China_39207_2012,Prth09,25,28,19,17,11,18,9,5
259,MK730233_A_New_York_WC_LVD_12_051_2012,Vic11,4,1,4,10,1,2,1,1
260,CY134779_A_Texas_JMM_8_2012,Vic11,42,32,18,22,13,11,12,6
261,CY135131_A_Texas_JMM_54_2012,Vic11,5,3,4,8,4,0,0,0
262,CY148427_A_Boston_DOA2_112_2012,Vic11,2,4,3,5,2,2,1,2
263,CY148547_A_Boston_DOA2_128_2012,Vic11,0,6,3,6,1,2,1,1
264,CY167934_A_Boston_YGA_00008_2012,Vic11,5,3,5,5,1,2,0,2
265,CY168846_A_Boston_YGA_01045_2012,Vic11,45,35,18,19,11,15,11,6
266,CY168878_A_Boston_YGA_01049_2012,Vic11,5,3,5,8,4,0,0,0
267,CY170126_A_Boston_YGA_02003_2012,Vic11,4,0,4,7,2,3,1,0
268,CY171246_A_Chicago_YGA_04053_2012,Vic11,4,1,1,9,1,2,0,2
269,CY171270_A_Chicago_YGA_04056_2012,Vic11,2,2,2,10,0,1,3,1
270,CY171342_A_Chicago_YGA_04090_2012,Vic11,3,3,4,11,4,1,1,2
271,CY171406_A_Chicago_YGA_04102_2012,Vic11,3,1,2,9,1,2,0,2
272,CY182800_A_Houston_JMM_74_2012,Vic11,4,4,3,8,2,0,0,1
273,CY182848_A_Houston_JMM_80_2012,Vic11,4,2,3,6,1,0,1,0
274,CY182880_A_Houston_JMM_85_2012,Vic11,5,4,4,6,1,1,0,1
275,CY182960_A_Houston_JMM_96_2012,Vic11,5,3,4,6,2,0,0,1
276,MK640848_A_China_41303_2012,Vic11,5,1,0,6,2,2,5,0
277,MK640849_A_China_41304_2012,Vic11,4,1,5,5,2,3,0,1
278,MK730273_A_New_York_WC_LVD_12_057_2012,Vic11,4,0,2,10,2,1,0,2
279,MK730497_A_New_York_WC_LVD_12_086_2012,Vic11,3,5,4,4,0,1,0,1
280,MK970023_A_Maryland_22_1_2012,Vic11,2,1,1,10,1,3,0,2
281,CY148707_A_Boston_DOA2_149_2013,Vic11,3,1,3,9,2,1,1,1
282,CY148787_A_Boston_DOA2_161_2013,Vic11,3,2,5,10,1,2,2,1
283,CY148923_A_Boston_DOA2_180_2013,Vic11,4,2,3,7,2,1,1,0
284,CY149131_A_Boston_DOA2_218_2013,Vic11,4,4,6,4,1,1,0,2
285,CY149323_A_Boston_DOA2_245_2013,Vic11,3,2,2,7,1,3,1,0
286,CY168094_A_Boston_YGA_00035_2013,Vic11,4,3,3,7,0,1,1,0
287,CY168238_A_Boston_YGA_00054_2013,Vic11,4,2,4,10,2,1,0,2
288,CY169366_A_Boston_YGA_01115_2013,Vic11,5,3,4,5,1,1,1,2
289,CY169798_A_Boston_YGA_01173_2013,Vic11,4,4,5,4,1,1,0,2
290,CY169878_A_Boston_YGA_01186_2013,Vic11,3,2,5,11,2,1,3,0
291,CY170350_A_Boston_YGA_02039_2013,Vic11,1,1,5,9,1,0,3,1
292,CY170574_A_Santa_Clara_YGA_03016_2013,Vic11,5,3,5,6,2,0,1,0
293,CY170998_A_Santa_Clara_YGA_03074_2013,Vic11,4,3,3,9,0,2,1,2
294,CY171638_A_Chicago_YGA_04135_2013,Vic11,4,1,3,10,2,2,0,2
295,CY171734_A_Chicago_YGA_04198_2013,Vic11,45,33,20,21,13,10,12,6
296,CY183136_A_Houston_JMM_120_2013,Vic11,2,1,4,9,2,1,2,1
297,KT888272_A_Kabul_1514A01305430N_2013,Vic11,2,1,2,11,2,3,3,1
298,MK640850_A_China_41678_2013,Vic11,5,2,2,9,2,1,0,1
299,MK640851_A_China_41691_2013,Vic11,2,1,4,12,1,1,3,0
300,MK818117_A_Maryland_63_5D_2013,Vic11,2,2,2,7,0,3,0,1
301,KT888280_A_Pristina_1514A06505401N_2013,Vic11,4,2,1,6,0,1,1,1
302,KT888284_A_Budapest_1514A07805419T_2013,Vic11,4,1,2,12,3,2,2,1
303,KT888285_A_Budapest_1514A07805832T_2013,Vic11,3,1,2,12,3,3,3,1
304,MK817973_A_Maryland_178_5D_2013,Vic11,3,2,1,7,0,4,0,2
305,MK969839_A_Maryland_127_17D_2013,Vic11,7,2,5,7,2,0,1,0
306,KF034876_A_Suzhou_1275_2013,Vic11,3,3,4,6,2,2,1,1
307,MK640852_A_China_44381_2013,Vic11,5,1,3,4,0,1,2,1
308,KT888276_A_Taipei_1514A02605215N_2013,Vic11,7,0,7,6,1,1,2,1
309,KT888277_A_Taipei_1514A02605215T_2013,Vic11,7,0,7,6,1,1,2,1
310,EPI614441_A_Switzerland_9715293_2013,Vic11,8,8,6,7,6,5,2,2
311,MK640853_A_China_51045_2013,Vic11,9,7,7,8,1,3,2,1
312,LC032990_A_Hokkaido_13H009_2014,Vic11,11,14,10,6,18,4,9,1
313,LC033126_A_Niigata_13F024_2014,Vic11,9,8,7,8,4,5,2,2
314,LC033326_A_Nagasaki_13N046_2014,Vic11,10,5,7,14,5,0,3,0
315,LC033310_A_Nagasaki_13N007_2014,Vic11,8,6,4,6,2,3,1,1
316,LC033302_A_Nagasaki_13N004_2014,Vic11,5,5,3,7,0,5,2,0
317,MK640854_A_China_51323_2014,Vic11,9,9,6,8,0,1,3,1
318,MK640855_A_China_51340_2014,Vic11,7,6,8,8,3,1,1,3
319,LC032870_A_Kyoto_13K025_2014,Vic11,14,15,11,6,20,4,10,0
320,LC032886_A_Kyoto_13K054_2014,Vic11,7,7,6,6,1,2,1,1
321,LC033134_A_Niigata_13F335_2014,Vic11,5,4,8,12,3,3,6,1
322,MK640856_A_China_55254_2014,Vic11,11,9,6,8,6,6,4,2
323,MK640857_A_China_55312_2014,Vic11,10,9,7,10,4,9,5,2
324,KR057629_A_Hawaii_39_2014,Vic11,17,20,16,12,19,11,9,1
325,KR057691_A_California_18_2014,Vic11,13,2,13,7,10,3,4,1
326,KT837113_A_California_19_2014,Vic11,15,5,11,10,5,3,3,2
327,KT837844_A_Colorado_15_2014,Vic11,10,5,11,11,4,3,2,3
328,KT837873_A_Mississippi_05_2014,Vic11,11,7,11,11,9,0,4,1
329,KT838103_A_Maryland_28_2014,Vic11,12,7,9,10,7,0,2,1
330,KT838296_A_Minnesota_28_2014,Vic11,8,5,9,9,4,1,2,1
331,KT838328_A_Louisiana_11_2014,Vic11,10,18,15,8,20,6,4,1
332,KY681484_A_Saudi_Arabia_07_2014,Vic11,10,12,8,9,7,6,4,1
333,CY207882_A_New_York_WC_LVD_14_097_2014,Vic11,13,5,11,13,7,0,4,1
334,KT838891_A_Georgia_04_2014,Vic11,10,5,10,10,4,0,3,3
335,KT838993_A_Missouri_11_2014,Vic11,9,16,17,9,20,6,5,1
336,KT839062_A_Texas_62_2014,Vic11,9,4,8,11,4,4,3,1
337,KT839395_A_Pennsylvania_49_2014,Vic11,17,5,13,8,5,3,3,3
338,MK640859_A_China_59100_2014,Vic11,12,10,6,9,3,8,3,2
339,CY207362_A_New_York_WC_LVD_14_073_2014,Vic11,10,7,11,14,5,1,2,2
340,CY207634_A_New_York_WC_LVD_14_094_2014,Vic11,9,11,9,11,7,7,2,0
341,KT839657_A_Alabama_10_2014,Vic11,11,7,10,11,7,6,4,4
342,KT840076_A_Tennessee_15_2014,Vic11,8,5,11,11,5,2,4,2
343,KT840285_A_Virginia_37_2014,Vic11,9,5,11,10,5,3,3,4
344,KT840798_A_Massachusetts_23_2014,Vic11,9,8,11,13,5,2,2,2
345,KT840865_A_Washington_60_2014,Vic11,19,16,15,8,20,6,8,1
346,KT841078_A_California_43_2014,Vic11,11,8,8,14,6,1,3,3
347,KY487521_A_Columbia_P0079_2014,Vic11,10,5,12,11,4,1,3,2
348,KY615536_A_Columbia_P0112_2014,Vic11,8,8,9,10,5,3,4,5
349,MK640865_A_China_60938_2014,Vic11,15,12,6,13,8,7,4,1
350,MK640867_A_China_J7525_2014,Vic11,14,12,9,12,6,9,2,2
351,MK640868_A_China_J7506_2014,Vic11,15,15,11,11,7,5,4,0
352,MK640871_A_China_60701_2014,Vic11,12,13,8,9,8,8,3,2
353,MK640877_A_China_61248_2014,Vic11,14,9,8,10,7,9,3,1
354,MK640878_A_China_61391_2014,Vic11,12,7,10,9,4,2,3,1
355,MK640879_A_China_61007_2014,Vic11,10,11,8,10,7,7,2,1
356,MK640881_A_China_60736_2014,Vic11,11,15,12,11,5,7,3,1
357,MK640882_A_China_60786_2014,Vic11,12,10,11,12,7,7,2,2
358,MK640885_A_China_61309_2014,Vic11,12,12,10,10,6,6,3,2
359,MK640887_A_China_61520_2014,Vic11,16,13,11,11,6,5,4,1
360,MK640892_A_China_61481_2014,Vic11,14,12,11,15,7,9,5,1
361,KT835748_A_Maryland_02_2015,Vic11,10,6,9,11,6,0,3,1
362,KT835964_A_California_20_2015,Vic11,9,17,17,9,20,6,6,2
363,KT836015_A_North_Carolina_25_2015,Vic11,8,9,8,11,7,1,3,5
364,KT836198_A_North_Carolina_03_2015,Vic11,12,6,10,10,5,4,4,3
365,KT836316_A_West_Virginia_07_2015,Vic11,13,7,10,13,6,4,2,3
366,KT836426_A_Iowa_12_2015,Vic11,12,5,12,13,9,0,6,1
367,KT841228_A_North_Carolina_06_2015,Vic11,9,17,17,8,19,7,6,2
368,KT841571_A_Rhode_Island_05_2015,Vic11,9,9,9,15,7,1,2,2
369,KT841585_A_South_Dakota_01_2015,Vic11,12,6,10,10,4,3,3,3
370,KT841691_A_Kentucky_01_2015,Vic11,15,8,15,10,4,4,3,3
371,KT841712_A_Wisconsin_02_2015,Vic11,10,6,12,11,5,5,3,3
372,MK640894_A_China_62885_2015,Vic11,12,11,8,16,6,10,2,1
373,MK640895_A_China_62889_2015,Vic11,11,15,7,14,6,6,5,2
374,MK640896_A_China_62895_2015,Vic11,16,13,8,16,7,6,2,2
375,KT842043_A_Indiana_13_2015,Vic11,10,7,13,16,6,2,3,2
376,KT842079_A_Pennsylvania_05_2015,Vic11,9,8,13,14,6,3,4,3
377,KT842218_A_Delaware_18_2015,Vic11,11,5,13,12,6,1,3,2
378,MK640897_A_China_63513_2015,Vic11,15,14,14,11,8,8,5,1
379,KT842837_A_South_Dakota_35_2015,Vic11,11,5,12,10,6,4,3,1
380,KT842864_A_North_Dakota_06_2015,Vic11,7,13,11,11,7,4,3,4
381,KT844048_A_Washington_36_2015,Vic11,12,7,9,11,4,4,4,1
382,KT843646_A_Alaska_26_2015,Vic11,14,10,14,18,8,6,2,2
383,KT844075_A_Alaska_69_2015,Vic11,11,9,12,16,7,1,3,2
384,KT843589_A_Iowa_34_2015,Vic11,11,10,12,17,8,1,3,2
385,KT844012_A_Iowa_28_2015,Vic11,11,10,12,18,8,1,3,2
386,MK640899_A_China_66886_2015,Vic11,10,11,14,13,7,5,2,2
387,KT843896_A_Ohio_26_2015,Vic11,9,13,11,14,6,4,2,3
388,MK640901_A_China_67013_2015,Vic11,18,9,15,15,6,3,4,3
389,KU589864_A_New_Hampshire_40_2015,Vic11,11,10,11,13,4,6,4,3
390,KU590701_A_Ohio_28_2015,Vic11,13,9,10,18,9,1,3,2
391,KY116931_A_Alaska_232_2015,Vic11,12,12,14,15,7,3,2,3
392,KY509828_A_Seoul_1595_2015,Vic11,12,17,10,14,19,4,3,7
393,KY681500_A_Saudi_Arabia_28_2015,Vic11,11,9,11,17,9,2,2,2
394,EPI686117_A_Hong_Kong_15611_2015,Swtz13,16,19,20,16,16,11,4,4
395,KU591160_A_Hawaii_68_2015,Swtz13,18,14,17,16,13,12,7,4
396,KU592163_A_Hawaii_74_2015,Swtz13,19,20,21,13,19,11,5,5
397,KU592184_A_South_Dakota_39_2015,Swtz13,18,18,17,19,14,8,4,4
398,KX412042_A_Iowa_45_2015,Swtz13,19,15,20,16,12,13,5,5
399,KY615571_A_Taipei_0011_2015,Swtz13,20,19,16,16,15,8,6,6
400,MK640903_A_China_70219_2015,Swtz13,22,21,21,18,16,13,5,5
401,KX414582_A_Washington_26_2016,Swtz13,20,15,21,13,15,9,5,6
402,KX916993_A_California_12_2016,Swtz13,20,20,19,18,14,8,7,4
403,KY487603_A_Taipei_0020_2016,Swtz13,16,21,20,17,16,11,4,7
404,KY487612_A_Linkou_0081_2016,Swtz13,20,22,25,15,16,16,6,5
405,KY509826_A_Chungbuk_107_2016,Swtz13,1,10,7,4,26,10,15,3
406,KY615384_A_Keelung_0026_2016,Swtz13,20,19,25,16,16,11,5,5
407,MK640906_A_China_71516_2016,Swtz13,18,20,23,18,18,10,5,5
408,KX416429_A_Hawaii_28_2016,Swtz13,22,15,18,15,16,11,5,6
409,KY509827_A_Gyeonggi_458_2016,Swtz13,2,6,11,18,16,10,12,6
410,KX413283_A_Georgia_40_2016,Swtz13,30,13,16,9,11,15,12,4
411,KX416117_A_Washington_47_2016,Swtz13,20,21,23,12,19,9,9,5
412,KX416829_A_Washington_55_2016,Swtz13,31,14,16,6,14,14,13,3
413,KX417005_A_Texas_136_2016,Swtz13,32,16,16,7,11,13,11,2
414,KX918281_A_Kentucky_26_2016,Swtz13,30,16,19,9,12,17,12,5
415,CY264049_A_Arizona_67_2016,Swtz13,20,22,24,22,17,12,6,4
416,CY208845_A_Texas_182_2016,Swtz13,18,19,25,15,19,11,5,7
417,KY115915_A_Nebraska_24_2016,Swtz13,17,17,25,14,18,12,5,8
418,MG984174_A_Shanghai_1_2016,Swtz13,24,26,37,22,18,12,7,9
419,CY211583_A_California_129_2016,HK15,7,1,3,2,1,0,1,2
420,CY213847_A_Minnesota_76_2016,HK15,8,10,14,9,8,6,1,4
421,CY210604_A_Idaho_41_2016,HK15,7,5,4,2,2,1,2,1
422,KY949700_A_Keelung_0082_2016,HK15,7,7,5,2,3,1,0,1
423,CY212887_A_California_184_2016,HK15,8,5,7,4,2,3,0,2
424,CY214479_A_Maryland_31_2016,HK15,9,5,7,3,5,0,1,4
425,CY214879_A_California_214_2016,HK15,7,4,3,4,1,1,2,3
426,KY950051_A_Linkou_0186_2016,HK15,12,13,3,5,0,7,3,2
427,MN304051_A_Basel_USB003343_1_2016,HK15,8,2,4,5,1,5,2,1
428,MN304056_A_Basel_USB003348_1_2016,HK15,9,3,6,0,3,2,1,3
429,MN304664_A_Basel_USB001538_1_2016,HK15,10,3,4,3,4,3,0,2
430,MN304668_A_Basel_USB002128_1_2016,HK15,7,5,5,5,6,5,3,2
431,MN304672_A_Basel_USB002199_1_2016,HK15,9,3,4,3,4,3,0,1
432,MN304679_A_Basel_USB002138_1_2016,HK15,9,5,6,3,3,3,2,0
433,MN304682_A_Basel_USB001546_1_2016,HK15,8,5,8,6,4,5,4,2
434,MN304690_A_Basel_USB002178_1_2016,HK15,8,5,8,6,4,5,5,2
435,MN304704_A_Basel_USB001552_1_2016,HK15,6,5,3,4,1,0,2,1
436,MN304711_A_Basel_USB001562_1_2016,HK15,8,1,4,3,2,0,1,2
437,CY212895_A_California_187_2016,HK15,36,34,29,24,18,14,9,8
438,CY212631_A_Nevada_55_2016,HK15,7,5,18,5,2,2,2,3
439,CY214207_A_Hawaii_103_2016,HK15,9,10,14,11,8,6,1,6
440,KY949675_A_Linkou_0175_2016,HK15,12,8,12,12,7,10,3,0
441,KY949682_A_Linkou_0191_2016,HK15,14,8,13,12,7,10,4,0
442,KY949699_A_Linkou_0187_2016,HK15,4,4,19,6,3,2,2,2
443,KY949766_A_Taipei_0088_2016,HK15,8,7,6,1,3,0,0,1
444,KY949786_A_Keelung_0097_2016,HK15,7,5,5,1,2,1,0,2
445,KY949826_A_Taipei_0092_2016,HK15,12,3,8,2,5,3,0,1
446,KY949862_A_Keelung_0089_2016,HK15,7,9,10,8,4,1,3,1
447,KY949934_A_Keelung_0099_2016,HK15,7,5,5,1,2,1,0,1
448,KY949967_A_Linkou_0169_2016,HK15,8,4,6,1,2,0,0,1
449,KY950096_A_Linkou_0181_2016,HK15,11,10,12,10,7,8,4,0
450,KY950133_A_Keelung_0095_2016,HK15,7,5,5,2,2,2,1,1
451,KY950211_A_Linkou_0185_2016,HK15,11,11,9,13,6,9,4,1
452,MF736980_A_Vologda_CRIE_172_2016,HK15,16,18,10,11,8,12,4,1
453,MG856322_A_Karachay_Cherkess_CRIE_296_2016,HK15,11,12,10,11,10,9,4,1
454,MG984518_A_Shanghai_7_2016,HK15,10,7,16,9,4,2,2,2
455,MK640910_A_China_80241_2016,HK15,6,8,11,7,8,1,4,3
456,MN304604_A_Basel_USB002047_1_2016,HK15,9,4,5,2,3,2,0,1
457,MN304638_A_Basel_USB002088_1_2016,HK15,4,7,19,8,1,2,2,3
458,MN304643_A_Basel_USB002097_1_2016,HK15,13,15,10,11,8,12,4,3
459,MN304651_A_Basel_USB002098_1_2016,HK15,4,7,19,8,1,2,2,3
460,MN304652_A_Basel_USB001532_1_2016,HK15,13,15,10,11,8,12,4,2
461,MN304663_A_Basel_USB001539_1_2016,HK15,10,7,18,5,2,3,2,3
462,MN304667_A_Basel_USB001537_1_2016,HK15,5,7,19,9,1,2,2,4
463,MN304687_A_Basel_USB002180_1_2016,HK15,13,15,11,11,8,12,4,2
464,CY214567_A_West_Virginia_01_2017,HK15,7,3,8,1,2,0,1,0
465,CY218123_A_Wisconsin_08_2017,HK15,11,4,4,5,0,5,3,0
466,CY220132_A_Texas_32_2017,HK15,10,8,18,8,3,2,2,3
467,CY220180_A_New_Jersey_07_2017,HK15,9,4,7,5,4,1,1,6
468,CY223691_A_Maryland_10_2017,HK15,6,5,5,6,4,1,0,1
469,CY224883_A_Arizona_06_2017,HK15,8,5,5,4,3,2,2,1
470,CY242099_A_Florida_29_2017,HK15,7,7,17,5,3,2,3,3
471,MF783012_A_Rochester_U029_2017,HK15,14,14,8,8,1,9,4,2
472,MG984182_A_Shanghai_10_2017,HK15,6,6,17,3,4,1,2,3
473,MG984190_A_Shanghai_11_2017,HK15,8,6,18,8,3,1,2,1
474,MG984198_A_Shanghai_12_2017,HK15,6,6,17,8,4,2,2,1
475,MG984222_A_Shanghai_15_2017,HK15,7,4,16,9,3,2,3,2
476,MG984230_A_Shanghai_16_2017,HK15,10,6,16,8,4,2,3,5
477,MG984238_A_Shanghai_17_2017,HK15,6,6,19,9,2,2,3,4
478,MG984246_A_Shanghai_18_2017,HK15,8,6,17,9,1,1,1,4
479,MG984254_A_Shanghai_19_2017,HK15,10,6,18,7,2,3,2,3
480,MH637557_A_Keelung_0113_2017,HK15,7,4,9,0,4,1,1,0
481,MH637752_A_Linkou_0206_2017,HK15,9,8,4,8,3,0,2,3
482,MK640913_A_China_81105_2017,HK15,6,6,20,8,1,4,2,3
483,MK640914_A_China_81129_2017,HK15,7,6,17,10,2,3,2,2
484,MN304081_A_Basel_USB003378_1_2017,HK15,9,6,6,3,3,3,2,0
485,MN304158_A_Basel_USB001568_1_2017,HK15,13,16,10,11,8,12,4,2
486,MN304160_A_Basel_USB002230_1_2017,HK15,10,4,5,1,3,3,0,1
487,MN304174_A_Basel_USB001581_1_2017,HK15,8,6,17,6,3,4,2,2
488,MN304184_A_Basel_USB001592_1_2017,HK15,14,15,10,11,8,12,4,2
489,MN304199_A_Basel_USB001639_1_2017,HK15,12,5,5,4,0,0,1,5
490,MN304202_A_Basel_USB002304_1_2017,HK15,14,16,10,11,8,12,4,2
491,MN304206_A_Basel_USB001584_1_2017,HK15,8,6,7,6,4,5,4,3
492,MN304230_A_Basel_USB002323_1_2017,HK15,9,4,4,4,4,2,1,2
493,MN304260_A_Basel_USB002443_1_2017,HK15,8,6,18,6,3,4,2,2
494,MN304284_A_Basel_USB002561_1_2017,HK15,13,15,10,11,8,12,4,2
495,MN304303_A_Basel_USB002594_1_2017,HK15,7,6,7,5,2,2,4,2
496,MN304347_A_Basel_USB002671_1_2017,HK15,14,15.5,10,11,8,12,4,2
497,MN304376_A_Basel_USB002722_1_2017,HK15,8,4,7,5,2,2,4,3
498,MN304409_A_Basel_USB002775_1_2017,HK15,8,6,18,5,2,5,2,2
499,MN304423_A_Basel_USB002825_1_2017,HK15,12,15,6,9,4,12,2,2
500,MN304459_A_Basel_USB002891_1_2017,HK15,9,5,18,7,6,4,3,2
501,CY220548_A_Alabama_06_2017,HK15,8,7,19,6,2,3,3,3
502,CY221923_A_Texas_47_2017,HK15,9,3,9,5,4,1,1,6
503,CY223218_A_New_Mexico_11_2017,HK15,5,7,17,8,6,1,2,4
504,CY223707_A_Ohio_05_2017,HK15,17,15.5,16,14,7,12,2,0
505,CY223731_A_Florida_10_2017,HK15,10,13,6,7,1,8,4,2
506,CY223739_A_Florida_11_2017,HK15,13,16,12,13,10,9,2,3
507,CY225075_A_Georgia_06_2017,HK15,11,10,5,9,1,9,4,4
508,CY228314_A_South_Dakota_11_2017,HK15,14,10.5,11,11,8,9,2,2
509,CY230042_A_Michigan_30_2017,HK15,16,12,6,7,2,5,2,3
510,CY230282_A_Tennessee_21_2017,HK15,15,16,6,9,0,11,4,2
511,CY230551_A_West_Virginia_09_2017,HK15,8,7,19,7,1,4,3,4
512,CY230855_A_Oregon_14_2017,HK15,6,4,22,6,3,7,2,3
513,MF736996_A_Karachay_Cherkess_CRIE_301_2017,HK15,17,14,9,12,8,9,3,1
514,MG984270_A_Shanghai_20_2017,HK15,10,4,18,9,3,1,2,4
515,MG984278_A_Shanghai_21_2017,HK15,8,7,19,8,3,1,2,4
516,MH637648_A_Taipei_0122_2017,HK15,7,7,17,5,2,1,4,6
517,MH637679_A_Taipei_0123_2017,HK15,16,8,13,12,7,11,3,1
518,MK640915_A_China_81891_2017,HK15,7,9,11,8,5,6,6,1
519,MN304116_A_Basel_USB003451_1_2017,HK15,7,6,7,6,2,2,3,2
520,MN304117_A_Basel_USB003452_1_2017,HK15,8,6,17,5,3,3,2,2
521,MN304125_A_Basel_USB003503_1_2017,HK15,9,5,4,4,3,3,0,1
522,MN304128_A_Basel_USB003507_1_2017,HK15,16,5,7,9,2,10,4,2
523,MN304483_A_Basel_USB002922_1_2017,HK15,13,15.5,10,13,8,12,4,3
524,MN304521_A_Basel_USB002995_1_2017,HK15,11,5,5,8,4,2,2,3
525,MN304543_A_Basel_USB003034_1_2017,HK15,16,5,7,9,3,10,4,2
526,MN304587_A_Basel_USB003307_1_2017,HK15,7,4,6,4,2,3,4,3
527,CY227443_A_Vermont_08_2017,HK15,8,4,5,4,3,4,2,3
528,CY227899_A_Delaware_19_2017,HK15,11,17,9,27,7,14,6,2
529,CY228698_A_Wisconsin_39_2017,HK15,16,16,7,9,2,9,3,2
530,CY228730_A_Arkansas_18_2017,HK15,11,4,8,26,4,2,5,3
531,CY230438_A_Delaware_19_2017,HK15,11,17,9,27,7,14,6,2
532,MH637456_A_Linkou_0266_2017,HK15,15,15,3,6,1,2,5,1
533,CY232473_A_Florida_34_2017,HK15,7,3,7,25,4,15,0,1
534,CY232567_A_North_Carolina_27_2017,HK15,14,16,8,6,7,9,6,3
535,CY235613_A_Washington_40_2017,HK15,18,14,9,9,1,10,3,3
536,CY235685_A_Nevada_12_2017,HK15,7,4,5,7,5,1,2,1
537,MH637707_A_Keelung_0161_2017,HK15,14,14,4,7,0,2,5,1
538,MG984286_A_Shanghai_29_2017,HK15,17,14,4,7,2,1,3,4
539,CY243548_A_Alaska_30_2017,HK15,10,9,9,11,5,2,3,1
540,MG984302_A_Shanghai_30_2017,HK15,13,14,8,11,2,1,3,3
541,MG984310_A_Shanghai_31_2017,HK15,17,6,17,7,2,6,3,4
542,MH637576_A_Linkou_0302_2017,HK15,16,13,14,13,8,13,2,2
543,CY242347_A_Florida_50_2017,HK15,12,7,18,8,4,5,4,4
544,CY243675_A_Alaska_46_2017,HK15,9,10,9,11,5,2,3,1
545,CY244478_A_California_60_2017,HK15,12,20,6,7,2,7,3,2
546,MG198917_A_Guangdong_SKLRD01_2017,HK15,15,12,5,7,4,1,3,3
547,MG984318_A_Shanghai_32_2017,HK15,12,13,4,18,1,1,1,4
548,MG984326_A_Shanghai_33_2017,HK15,18,13,5,7,2,1,1,2
549,MG984342_A_Shanghai_35_2017,HK15,18,13,8,11,2,1,3,4
550,MH637447_A_Linkou_0335_2017,HK15,17,17,3,10,0,4,5,1
551,MK159064_A_Jeonbuk_736_2017,HK15,8,9,23,10,2,0,3,3
552,CY245203_A_Arizona_50_2017,HK15,11,11,9,11,6,2,3,1
553,CY245459_A_Hawaii_45_2017,HK15,8,11,13,12,6,1,2,2
554,MG984350_A_Shanghai_36_2017,HK15,12,14,4,12,1,4,3,2
555,MG984358_A_Shanghai_37_2017,HK15,17,14,5,7,2,1,2,1
556,MG984366_A_Shanghai_38_2017,HK15,13,14,4,11,2,1,3,1
557,MG984390_A_Shanghai_40_2017,HK15,18,13,4,7,1,4,3,3
558,MG984398_A_Shanghai_41_2017,HK15,13,13,4,11,2,4,3,1
559,MG984414_A_Shanghai_43_2017,HK15,12,14,8,7,2,2,2,1
560,MG984430_A_Shanghai_45_2017,HK15,18,13,5,7,2,1,3,3
561,MG984438_A_Shanghai_46_2017,HK15,12,14,4,11,2,1,3,1
562,MG984446_A_Shanghai_47_2017,HK15,17,13,8,7,2,1,1,1
563,MG984462_A_Shanghai_49_2017,HK15,12,15,5,7,2,1,2,4
564,MG984478_A_Shanghai_50_2017,HK15,18,13,4,11,2,4,2,1
565,MG984486_A_Shanghai_51_2017,HK15,13,14,8,13,2,1,2,1
566,MG984502_A_Shanghai_53_2017,HK15,12,13,5,11,2,2,2,3
567,MK159072_A_Gyeongbuk_745_2017,HK15,12,12,18,10,6,1,2,3
568,CY250520_A_Arkansas_24_2017,HK15,11,8,13,12,4,3,3,1
569,CY257914_A_Florida_73_2017,HK15,11,9,11,15,8,4,3,2
570,CY257994_A_Massachusetts_16_2017,HK15,12,13,6,3,4,5,5,3
571,CY258177_A_New_York_36_2017,HK15,23,17,9,7,2,1,6,1
572,CY258305_A_Louisiana_57_2017,HK15,10,10,12,11,5,4,3,1
573,CY260353_A_California_86_2017,HK15,12,14,5,11,3,1,5,3
574,CY266079_A_Florida_87_2017,HK15,14,10,10,13,4,3,3,1
575,CY264374_A_New_Hampshire_27_2017,HK15,11,8,12,13,5,4,3,1
576,CY264986_A_Pennsylvania_274_2017,HK15,13,9,12,12,7,4,3,1
577,MG974447_A_Kansas_14_2017,HK15,13,4,10,29,4,4,5,3
578,MH637483_A_Baltimore_P0247_2018,HK15,12,9,12,13,7,4,3,1
579,MH637511_A_Baltimore_P0243_2018,HK15,13,6,10,29,4,6,6,4
580,MH637528_A_Baltimore_P0241_2018,HK15,15,4,11,29,5,4,5,3
581,MH637565_A_Baltimore_P0255_2018,HK15,12,10,10,16,7,6,4,3
582,MH637603_A_Baltimore_P0238_2018,HK15,10,11,16,12,5,5,6,1
583,MH637673_A_Baltimore_P0237_2018,HK15,12,9,12,12,5,4,3,3
584,MH637726_A_Baltimore_P0239_2018,HK15,12,9,13,13,7,5,3,1
585,MH637747_A_Baltimore_P0232_2018,HK15,9,9,13,13,6,3,2,1
586,MH637768_A_Baltimore_P0242_2018,HK15,12,10,12,12,5,4,3,3
587,MH637783_A_Baltimore_P0244_2018,HK15,12,10,10,16,7,6,4,3
588,MH637488_A_Baltimore_P0279_2018,HK15,14,4,10,30,4,4,6,3
589,MH637596_A_Baltimore_P0304_2018,HK15,13,10,13,12,8,4,4,1
590,MH637687_A_Baltimore_P0286_2018,HK15,13,13,14,12,6,4,3,1
591,MH637730_A_Baltimore_P0283_2018,HK15,14,5,10,30,5,4,5,3
592,MH637808_A_Baltimore_P0298_2018,HK15,14,10,13,12,7,7,3,1
593,MH701747_A_New_Jersey_93924_2018,HK15,12,13,12,14,4,4,3,4
594,MH701755_A_New_Jersey_93934_2018,HK15,12,13,12,14,4,4,3,4
595,MN154312_A_Washington_9752_2019,HK15,21,12,14,36,12,7,6,5
596,MN170167_A_Washington_9147_2019,HK15,21,12,14,36,12,7,6,5
597,MN170183_A_Washington_9149_2019,HK15,21,12,14,36,12,7,6,5
598,MN170191_A_Washington_9150_2019,HK15,21,12,14,36,12,7,6,5
599,MN170207_A_Washington_9153_2019,HK15,21,12,14,36,12,7,6,5
600,MN170223_A_Washington_9155_2019,HK15,21,12,14,36,12,7,6,5
601,1444950_A_Chepstow_1180_2019,HK15,27,30,8,10,5,6,8,8
602,1548016_A_Cheboksary_153_2019,HK15,27,27,13,10,7,4,8,7
603,1548064_A_Tomsk_155_2019,HK15,26,21,10,9,6,8,8,2
604,1448200_A_Louisiana_34_2019,HK15,24,9,16,32,10,7,5,5
605,1479371_A_Hawaii_31_2019,HK15,21,11,15,38,10,10,6,5
606,1548211_A_Mexico_1952_2019,HK15,22,13,14,40,11,7,5,6
607,1808226_A_Jiangxi_Zhanggong_1512_2019,HK15,28,20,6,10,7,8,6,9
608,1592032_A_Hong_Kong_2671_2019,HK15,29,19,8,10,8,6,10,5
609,1609436_A_El_Salvador_517_2019,HK15,24,11,16,36,9,10,7,6
610,1597372_A_Louisiana_39_2019,HK15,25,26,13,13,5,3,11,4
611,1609444_A_Hawaii_64_2019,HK15,33,30,11,10,7,7,12,7
612,1618891_A_Pennsylvania_1020_2019,Kan17,44,28,20,41,15,12,18,5
613,1661929_A_Mexico_2943_2019,Kan17,11,8,8,11,7,7,1,3
614,1807829_A_Zhejiang_Dinghai_1817_2019,Kan17,40,25,19,40,13,12,12,7
615,1641886_A_Idaho_40_2019,Kan17,43,36,25,39,14,12,16,11
616,1662160_A_Abudhabi_106_2019,Kan17,35,33,25,44,12,10,16,8
617,1807805_A_Guangxi_Hengxian_3105_2019,Kan17,40,26,22,45,23,12,12,9
618,1640279_A_Cardiff_9474_2019,Kan17,10,35,29,9,16,2,15,7
619,1651646_A_Virginia_42_2019,Kan17,38,32,25,45,13,10,15,9
620,1692312_A_Louisiana_66_2019,Kan17,43,38,24,39,13,14,16,11
621,1738933_A_Idaho_52_2019,Kan17,41,33,26,42,15,13,15,11
622,1799200_A_Haiti_394_2019,Kan17,33,38,23,45,11,13,14,8
623,1675773_A_Rheinland_Pfalz_5_2020,Kan17,11,34,30,10,13,3,15,7
624,1683447_A_Wisconsin_03_2020,Kan17,43,35,25,43,12,13,15,11
625,2761581_A_Hessen_26_2020,Kan17,42,37,22,42,16,13,14,12
626,1713851_A_Pennsylvania_15_2020,Kan17,41,30,26,44,15,13,12,9
627,1740471_A_Minnesota_12_2020,Kan17,42,37,23,42,16,12,14,12
628,2761606_A_Schleswig_Holstein_9_2020,Kan17,11,34,29,11,13,4,16,6
629,1738893_A_Minnesota_23_2020,Kan17,44,40,23,43,12,11,14,12
630,1748112_A_Alberta_RV5268_2020,Kan17,42,28,24,44,13,15,14,4
631,1847845_A_Saitama_92_2020,Kan17,37,36,28,48,12,11,14,9
632,1841191_A_Yunnan_Wenshan_1592_2020,Kan17,37,28,23,43,17,13,12,8
633,1841681_A_Cambodia_e0826360_2020,Kan17,39,37,30,47,13,14,16,9
634,1847821_A_Kitakyusyu_1_2020,Kan17,35,34,26,50,12,9,15,8
635,1839735_A_Laos_1752_2020,Kan17,43,38,30,46,13,13,16,9
636,1838078_A_California_55_2020,HK19,21,25,18,16,13,7,5,8
637,1847925_A_Vietnam_Vnhcm_Gs483_2020,HK19,23,26,19,17,11,7,7,7
638,1852226_A_Bangkok_62_2020,HK19,24,26,18,21,13,7,6,8
639,1849665_A_AbuDhabi_01_2021,HK19,21,28,17,17,15,10,4,8
640,1926248_A_Saint_Petersburg_RII_2415S_2021,HK19,30,30,26,21,24,11,8,7
641,1861076_A_Laos_580_2021,HK19,22,28,18,18,13,8,6,7
642,1858651_A_Pennsylvania_01_2021,HK19,22,30,16,20,15,8,5,7
643,1885447_A_Abu_Dhabi_2210622842_2021,HK19,21,29,19,18,16,10,4,11
644,1869531_A_Delaware_01_2021,HK19,21,23,19,20,17,10,6,7
645,1905802_A_Nepal_Npwr_05637_2021,HK19,18,26,19,18,14,7,8,11
646,EPI2415906_A_Darwin_9_2021,HK19,20,26,20,23,14,10,5,8
647,1905786_A_India_PUN_NIV312063_2021,HK19,19,27,15,19,15,9,6,7
648,1905714_A_India_PUN_NIV323256_2021,HK19,22,31,16,20,15,9,6,8
649,1921773_A_Thailand_12_2021,HK19,25,25,19,18,13,7,6,10
650,1916915_A_Oklahoma_01_2021,HK19,23,16,15,16,11,12,1,3
651,1924350_A_Philippines_6_2021,HK19,42,26,21,41,15,11,10,10
652,1916923_A_Michigan_03_2021,HK19,23,23,18,22,11,10,6,7
653,1919553_A_YANAO_08_01V_2021,HK19,19,29,21,18,16,9,7,8
654,1922800_A_Nepal_21FL2699_2021,HK19,22,30,20,22,17,12,5,7
655,1925236_A_Michigan_05_2021,HK19,30,23,13,20,14,13,1,8
656,1940321_A_New_York_03_2021,HK19,22,29,21,21,16,9,7,9
657,1954438_A_Picardie_28479_2021,HK19,20,27,22,19,18,10,9,10
658,1967900_A_Pakistan_ICT7_2021,HK19,24,28,21,20,16,7,7,8
659,1969592_A_Bangladesh_9019_2021,HK19,23,29,20,24,20,10,7,7
660,1941020_A_Florida_04_2021,Cam20,11,14,14,11,9,5,6,2
661,1952515_A_Pennsylvania_06_2021,Cam20,11,15,16,11,9,5,6,2
662,1958506_A_Khakassia_155_06V_2021,Cam20,11,14,13,11,10,6,6,2
663,1960344_A_Montana_10_2021,Cam20,12,15,16,12,9,5,6,2
664,1964326_A_California_46_2021,Cam20,11,14,16,11,10,5,6,2
665,1992288_A_Wyoming_09_2021,Cam20,12,15,14,11,9,5,6,3
666,2046104_A_Krasnodar_Krai_183_10V_2021,Cam20,12,16,12,11,13,8,5,0
667,1983154_A_Montana_02_2022,Cam20,12,14,14,13,9,5,6,3
668,2019560_A_Novosibirsk_RII_MH60652S_2022,Cam20,10,16,13,10,10,5,6,2
669,2004157_A_North_Dakota_03_2022,Cam20,13,16,15,12,11,5,6,2
670,2007488_A_New_Mexico_07_2022,Cam20,13,15,15,12,11,7,6,2
671,2042591_A_Picardie_21593_2022,Cam20,17,13,17,10,9,9,7,1
672,2042752_A_Lorraine_23758_2022,Cam20,15,14,14,11,9,8,8,1
673,2043548_A_Berlin_23_2022,Cam20,17,15,18,12,10,8,7,1
674,2042994_A_Lorraine_28541_2022,Cam20,11,15,15,11,14,8,7,4
675,2077428_A_Berlin_61_2022,Cam20,44,40,25,12,19,19,10,12
676,2500106_A_ABUDHABI_UAE_1112067_2022,Cam20,14,33,25,12,9,4,6,8
677,2063583_A_Idaho_25_2022,Cam20,14,14,14,13,9,8,7,1
678,2127871_A_Michigan_35_2022,Cam20,48,44,25,15,17,20,12,11
679,2136215_A_Abu_Dhabi_1812537_2022,Cam20,44,43,25,14,19,21,12,11
680,2503987_A_British_Columbia_124_2022,Cam20,16,18,12,12,12,8,4,9
681,2233523_A_Ayutthaya_NIC_P2289_2022,Cam20,15,13,17,15,14,6,5,1
682,2176957_A_Florida_70_2022,Cam20,47,45,27,15,18,21,13,11
683,2194875_A_Maldives_875_2022,Cam20,39,38,27,14,15,7,6,7
684,2325220_A_Finland_298_2022,Cam20,19,37,28,13,9,4,8,7
685,2206316_A_Rogerstone_2168_2022,Dar21,7,32,31,1,3,0,6,6
686,2208308_A_Lourdes_53101_2022,Dar21,46,41,25,3,22,2,10,11
687,2253452_A_Kansas_25_2022,Dar21,39,33,27,0,22,2,3,10
688,2252381_A_Maine_07_2022,Dar21,44,42,26,5,22,20,12,12
689,2254250_A_Centre_56613_2022,Dar21,45,9,27,2,22,4,10,11
690,2257357_A_Austria_MUW1572306_2022,Dar21,42.5,44,25,3,25,23,14,13
691,2283189_A_Denmark_3146_2022,Dar21,44,7,26,1,23,2,10,11
692,2571528_A_Bhutan_001_2022,Dar21,10,17,10,2,2,2,5,3
693,2385451_A_Oman_8557_2022,Dar21,8,14,6,0,5,1,1,1
694,2424342_A_Baden_Wuerttemberg_144_2022,Dar21,46,41,24,4,24,21,12,13
695,2539626_A_Nordrhein_Westfalen_128_2022,Dar21,10,13,5,2,3,2,3,3
696,2587133_A_Berlin_265_2022,Dar21,45,8,26,0,25,0,11,11
697,2367511_A_Connecticut_04_2023,Dar21,46,42,27,2,24,1,12,11
698,2424895_A_Sachsen_Anhalt_3_2023,Dar21,47,40,27,2,23,2,11,12
699,2441868_A_Minnesota_08_2023,Dar21,50,45,27,3,20,20,14,11
700,2498550_A_California_32_2023,Dar21,47,42,26,2,25,2,12,12
701,2498622_A_Kansas_01_2023,Dar21,50,6,25,3,23,3,10,11
702,2534759_A_Minnesota_18_2023,Dar21,47,44,28,5,22,20,18,10
703,2467517_A_HaidianCDC_12962_2023,Dar21,8,11,12,6,8,3,2,0
704,2599401_A_Lebanon_2787_2023,Dar21,46,42,31,3,25,21,10,12
705,2716351_A_Guatemala_378_2023,Dar21,41,38,32,4,25,20,13,10
706,2732731_A_Bangladesh_9003_2023,Dar21,50,11,29,3,25,1,1,1
707,2689682_A_Costa_Rica_8476_2023,Dar21,8,8,15,5,9,2,3,1
708,2716167_A_Kentucky_06_2023,Dar21,48,13,30,5,25,1,2,0
709,2736750_A_Finland_407_2023,Dar21,13,10,30,5,20,5,18,10
710,2758811_A_Catalonia_NSVH102158148_2023,Dar21,53.5,13,30,5,23,6,1,0
711,EPI2800450_A_Phra_Nakhon_Si_Ayutthaya_P4330_2023,Dar21,49,11,36,9,25,3,4,0
712,EPI2845383_A_Saint_Petersburg_RII_169_2023,Dar21,47,10,27,7,26,5,12,12
713,EPI2817864_A_Nakhon_Phanom_P4970_2023,Dar21,47,11,27,7,26,4,12,13
714,EPI2819091_A_Nebraska_13_2023,Dar21,46,13,30,6,26,4,13,14
715,EPI2901414_A_California_118_2023,Dar21,50,11,30,6,26,4,12,13
716,EPI2926182_A_Hong_Kong_3084_2023,Dar21,47,13,28,5,26,2,13,13
717,EPI2970652_A_Saratov_RII_3_2023,Dar21,48,13,30,5,28,2,13,15
718,EPI3095110_A_Samara_22_2023,Dar21,48,13,29,7,28,3,14,14
719,EPI3055327_A_New_Hampshire_02_2024,Dar21,56,14,29,6,22,5,1,2
720,EPI3089330_A_Penarth_6936_2024,Dar21,47,13,28,6,27,3,13,14
721,EPI3134187_A_Florida_06_2024,Dar21,55,15,30,8,23,6,2,2
722,EPI3133740_A_Idaho_21_2024,Dar21,47,11,30,5,28,3,15,14
723,EPI3186714_A_Washington_22_2024,Dar21,55,15,32,7,24,5,2,0
724,EPI3186602_A_Nevada_104_2024,Dar21,49,13,29,5,27,4,13,13
