Site 1,Site 2,P [Site 1 –> Site 2],P [Site 2 –> Site 1],P [Site 1 <–> Site 2],Site 1 subs,Site 2 subs,Shared subs
3,489,"0.15","0.35","0.51",6,1,1
4,291,"0.55","0.027","0.57",1,5,1
4,492,"0.25","0.54","0.79",1,2,1
26,46,"0.33","0.30","0.63",1,1,1
26,64,"0.31","0.32","0.64",1,1,1
28,253,"0.21","0.33","0.54",4,2,1
31,69,"0.028","0.54","0.57",4,1,1
46,64,"0.38","0.30","0.68",1,1,1
69,266,"0.58","0.071","0.65",1,3,1
69,353,"0.51","0.012","0.52",1,6,1
69,481,"0.45","0.33","0.78",1,2,1
69,482,"0.56","0.033","0.59",1,4,1
77,146,"0.45","0.25","0.70",1,4,1
91,96,"0.40","0.40","0.80",1,1,1
96,492,"0.25","0.29","0.54",1,2,1
103,258,"0.34","0.19","0.53",3,2,1
128,222,"0.23","0.59","0.82",3,1,1
131,206,"0.35","0.39","0.74",2,2,1
143,315,"0.57","0.25","0.82",1,3,1
186,220,"0.27","0.33","0.60",3,2,1
217,447,"0.18","0.62","0.80",3,1,1
251,459,"0.56","0.33","0.89",1,2,1
256,381,"0.58","0.22","0.80",1,3,1
304,370,"0.54","0.35","0.89",1,2,1
312,479,"0.22","0.50","0.72",4,1,1
346,498,"0.29","0.44","0.73",2,2,1
348,481,"0.15","0.68","0.83",1,2,1
350,447,"0.11","0.54","0.65",5,1,1
406,425,"0.50","0.44","0.93",1,1,1
